Round,Tournament,Round_Label,Aff,Neg,Win,Aff_Mu_Before,Aff_Mu_After,Aff_Mu_Delta,Neg_Mu_Before,Neg_Mu_After,Neg_Mu_Delta
nu_1,nu,1,Arizona State SS,Kansas LS,Neg,17.588,17.572,-0.016,37.381,37.391,0.009
nu_1,nu,1,Western Kentucky CF,Dartmouth HP (Park/Hatton),Aff,27.09,27.711,0.621,25.0,20.592,-4.408
nu_1,nu,1,Iowa AP,Michigan AO,Aff,33.164,33.47,0.306,26.584,26.255,-0.329
nu_1,nu,1,Northwestern AT,Emory CF (Feldman/Charabuddi),Aff,30.44,30.821,0.382,24.194,22.309,-1.885
nu_1,nu,1,Michigan BP,Baylor LL,Aff,40.118,40.167,0.049,23.175,22.819,-0.356
nu_1,nu,1,Missouri State NS,Emory KS,Neg,27.286,24.698,-2.588,30.923,31.63,0.707
nu_1,nu,1,Wyoming CH,UTD PR,Neg,17.246,17.107,-0.139,31.149,31.22,0.071
nu_1,nu,1,Wake Forest PS (Sencion/Patel),Macalester CD,Aff,28.965,30.396,1.431,20.788,19.249,-1.539
nu_1,nu,1,Dartmouth CG,Western Kentucky SS (Schintgen/StPeter),Neg,33.918,31.903,-2.014,21.33,24.83,3.5
nu_1,nu,1,Georgia CP,Binghamton PT,Neg,25.96,16.752,-9.209,7.665,12.795,5.13
nu_1,nu,1,Harvard AB,Michigan State FM,Aff,29.748,30.188,0.439,25.0,21.491,-3.509
nu_1,nu,1,Michigan ES,Harvard FK,Aff,34.395,34.399,0.004,12.484,12.476,-0.008
nu_1,nu,1,Georgetown LN,Kansas AU,Neg,25.0,21.903,-3.097,30.38,32.199,1.819
nu_1,nu,1,Missouri State CG,Michigan State GL,Neg,19.341,19.284,-0.058,37.193,37.214,0.021
nu_1,nu,1,Michigan CS (Cho/Saudek),Kansas HL,Aff,24.805,27.102,2.296,20.473,19.751,-0.722
nu_1,nu,1,Michigan SS (Shah/Shih),Wake Forest SK (Shakarov/Kampine),Aff,35.627,35.795,0.167,25.0,23.127,-1.873
nu_1,nu,1,Georgetown GT,Emory GM,Neg,23.929,22.498,-1.431,32.878,33.121,0.243
nu_1,nu,1,Georgetown VP,Emory RY,Neg,20.436,19.844,-0.592,34.445,34.545,0.1
nu_1,nu,1,Baylor DL,Michigan HM,Aff,30.045,30.52,0.475,23.384,21.426,-1.958
nu_1,nu,1,Baylor MP,Wake Forest HN,Neg,25.0,18.9,-6.1,22.542,23.629,1.088
nu_1,nu,1,Northwestern LL,Kansas HP,Neg,28.701,26.924,-1.777,35.24,35.756,0.516
nu_1,nu,1,Wyoming WW,Liberty CL,Neg,25.0,22.246,-2.754,32.229,32.55,0.321
nu_1,nu,1,UTD HK,Northwestern PS,Neg,30.714,30.281,-0.433,36.061,36.459,0.399
nu_1,nu,1,Emory GS,Kansas State DR (Raines/Day),Aff,36.639,36.746,0.107,22.046,21.478,-0.569
nu_1,nu,1,Emory AS,Wake Forest AB,Aff,25.0,29.205,4.205,25.0,20.795,-4.205
nu_1,nu,1,Iowa BS,Western Kentucky IP,Aff,26.554,27.774,1.22,25.0,20.552,-4.448
nu_1,nu,1,Michigan State GS,Michigan AM,Aff,26.242,26.93,0.688,25.0,20.288,-4.712
nu_1,nu,1,CSU Long Beach OM,Baylor BK,Aff,36.96,36.985,0.025,20.59,20.542,-0.049
nu_1,nu,1,Western Kentucky KN,Emory CT,Neg,25.0,20.795,-4.205,25.0,29.205,4.205
nu_1,nu,1,Macalester HW,UC Berkeley MR,Aff,27.116,32.415,5.299,31.884,30.906,-0.977
nu_1,nu,1,Emory OP,Kansas State DS,Aff,27.747,28.113,0.366,20.222,18.428,-1.794
nu_1,nu,1,Northwestern LR,Iowa KS,Aff,31.441,33.001,1.56,23.993,23.281,-0.712
nu_1,nu,1,Missouri State HN,Harvard DS,Neg,25.0,21.518,-3.482,29.828,30.27,0.443
nu_1,nu,1,Kansas State AS,Michigan CC,Neg,21.045,20.37,-0.674,25.0,28.731,3.731
nu_1,nu,1,CSU Long Beach ES,Georgetown KL,Aff,21.859,25.29,3.431,25.0,19.447,-5.553
nu_1,nu,1,Emory PS,Kansas CS,Neg,19.647,18.257,-1.39,25.0,28.168,3.168
nu_1,nu,1,Dartmouth BJ,Michigan GJ,Neg,22.39,21.856,-0.534,25.0,29.237,4.237
nu_1,nu,1,Georgetown AC,Kansas HM,Aff,31.975,32.289,0.313,13.917,13.735,-0.182
nu_1,nu,1,Emory SW,Binghamton CK,Neg,25.423,25.131,-0.292,35.396,35.571,0.175
nu_1,nu,1,Emory LY,Kansas BW,Aff,36.648,36.856,0.208,28.523,28.188,-0.335
nu_1,nu,1,Dartmouth GM,Michigan State JS,Neg,20.877,20.488,-0.389,28.925,29.217,0.292
nu_1,nu,1,Dartmouth KR,West Georgia KK,Neg,26.245,25.696,-0.55,29.71,32.228,2.518
nu_1,nu,1,UC Davis MS,Emory CG,Aff,25.0,29.205,4.205,25.0,20.795,-4.205
nu_1,nu,1,Iowa EW,Wake Forest MP,Aff,27.069,29.388,2.32,25.0,21.004,-3.996
nu_1,nu,1,Indiana FT,Wake Forest DE,Neg,17.958,15.662,-2.297,23.035,23.584,0.549
nu_1,nu,1,Emory JR,Kentucky GS,Neg,26.668,24.241,-2.427,30.836,31.225,0.389
nu_1,nu,1,Wichita State GM,UC Berkeley BU,Neg,22.911,22.594,-0.317,30.641,31.067,0.426
nu_1,nu,1,Georgia CK,Oklahoma BW (Werner/Bustos),Aff,23.654,26.857,3.203,25.0,20.056,-4.944
nu_1,nu,1,Kansas OW,George Mason RS,Aff,31.9,32.186,0.286,25.0,22.147,-2.853
nu_1,nu,1,Southern California ZB,Wake Forest SL,Neg,22.233,19.713,-2.52,26.552,27.116,0.564
nu_1,nu,1,Southern California BR,Kansas BM,Aff,30.514,30.672,0.158,19.964,19.748,-0.216
nu_1,nu,1,Cornell LD,George Mason WW,Neg,21.121,19.21,-1.911,27.647,29.351,1.703
nu_1,nu,1,Southern California MT,Stanford LL,Neg,26.153,25.557,-0.596,31.85,32.387,0.538
nu_1,nu,1,Gonzaga RW,Cornell DV,Aff,29.635,29.994,0.358,17.78,16.828,-0.951
nu_1,nu,1,George Mason DG,Trinity KP,Neg,27.601,23.599,-4.003,25.909,26.919,1.01
nu_1,nu,1,North Texas VH,Southern California BM,Neg,25.0,20.901,-4.099,26.677,29.106,2.429
nu_2,nu,2,George Mason WW,Southern California BR,Aff,29.351,32.836,3.485,30.672,29.913,-0.759
nu_2,nu,2,Kansas BM,Cornell LD,Neg,19.748,18.825,-0.923,19.21,22.64,3.429
nu_2,nu,2,Cornell DV,Southern California MT,Neg,16.828,15.588,-1.241,25.557,25.909,0.352
nu_2,nu,2,Stanford LL,Gonzaga RW,Aff,32.387,33.15,0.762,29.994,28.77,-1.224
nu_2,nu,2,Southern California BM,George Mason DG,Neg,29.106,24.981,-4.125,23.599,26.911,3.313
nu_2,nu,2,Trinity KP,North Texas VH,Aff,26.919,27.352,0.433,20.901,18.612,-2.289
nu_2,nu,2,Oklahoma BW (Werner/Bustos),Wichita State GM,Neg,20.056,16.845,-3.211,22.594,23.138,0.544
nu_2,nu,2,UC Berkeley BU,Georgia CK,Neg,31.067,29.738,-1.329,26.857,31.314,4.458
nu_2,nu,2,Wake Forest SL,Kansas OW,Neg,27.116,26.576,-0.539,32.186,32.572,0.386
nu_2,nu,2,George Mason RS,Southern California ZB,Aff,22.147,25.142,2.995,19.713,17.694,-2.019
nu_2,nu,2,Dartmouth HP (Park/Hatton),Arizona State SS,Neg,20.592,15.876,-4.715,17.572,18.783,1.211
nu_2,nu,2,Kansas LS,Western Kentucky CF,Aff,37.391,37.555,0.164,27.711,27.484,-0.226
nu_2,nu,2,Emory KS,Iowa AP,Neg,31.63,30.66,-0.97,33.47,34.051,0.581
nu_2,nu,2,Michigan AO,Missouri State NS,Aff,26.255,26.814,0.56,24.698,22.16,-2.538
nu_2,nu,2,Macalester CD,Wyoming CH,Aff,19.249,21.825,2.576,17.107,16.133,-0.974
nu_2,nu,2,UTD PR,Wake Forest PS (Sencion/Patel),Neg,31.22,30.522,-0.698,30.396,33.752,3.356
nu_2,nu,2,Binghamton PT,Dartmouth CG,Neg,12.795,12.752,-0.043,31.903,31.918,0.015
nu_2,nu,2,Western Kentucky SS (Schintgen/StPeter),Georgia CP,Neg,24.83,23.096,-1.734,16.752,21.378,4.627
nu_2,nu,2,Michigan State FM,UTD HK,Neg,21.491,19.932,-1.558,30.281,30.526,0.245
nu_2,nu,2,Northwestern PS,Harvard AB,Aff,36.459,36.779,0.32,30.188,29.797,-0.391
nu_2,nu,2,Kansas AU,Michigan ES,Aff,32.199,36.044,3.845,34.399,33.671,-0.728
nu_2,nu,2,Harvard FK,Georgetown LN,Neg,12.476,12.082,-0.394,21.903,23.507,1.604
nu_2,nu,2,Kansas HL,Missouri State CG,Aff,19.751,20.884,1.133,19.284,17.682,-1.601
nu_2,nu,2,Michigan State GL,Michigan CS (Cho/Saudek),Aff,37.214,37.378,0.164,27.102,26.293,-0.808
nu_2,nu,2,Emory GM,Michigan SS (Shah/Shih),Aff,33.121,34.226,1.105,35.795,34.866,-0.928
nu_2,nu,2,Wake Forest SK (Shakarov/Kampine),Georgetown GT,Neg,23.127,19.119,-4.008,22.498,25.163,2.664
nu_2,nu,2,Michigan HM,Georgetown VP,Neg,21.426,18.386,-3.04,19.844,23.052,3.208
nu_2,nu,2,Emory RY,Baylor DL,Aff,34.545,35.001,0.456,30.52,29.83,-0.69
nu_2,nu,2,Wake Forest HN,Emory GS,Neg,23.629,23.497,-0.132,36.746,36.838,0.091
nu_2,nu,2,Kansas State DR (Raines/Day),Baylor MP,Aff,21.478,23.824,2.347,18.9,16.394,-2.506
nu_2,nu,2,Michigan AM,Emory SW,Neg,20.288,17.967,-2.321,25.131,25.744,0.613
nu_2,nu,2,Binghamton CK,Michigan State GS,Aff,35.571,35.787,0.216,26.93,26.638,-0.292
nu_2,nu,2,Emory CT,CSU Long Beach OM,Neg,29.205,27.247,-1.958,36.985,37.208,0.223
nu_2,nu,2,Baylor BK,Western Kentucky KN,Aff,20.542,21.466,0.924,20.795,16.53,-4.265
nu_2,nu,2,Kansas State DS,Macalester HW,Neg,18.428,17.852,-0.576,32.415,32.846,0.431
nu_2,nu,2,UC Berkeley MR,Emory OP,Aff,30.906,31.484,0.578,28.113,27.402,-0.711
nu_2,nu,2,Harvard DS,Northwestern LR,Neg,30.27,29.676,-0.594,33.001,35.261,2.26
nu_2,nu,2,Iowa KS,Missouri State HN,Neg,23.281,21.754,-1.527,21.518,25.853,4.335
nu_2,nu,2,Georgetown KL,Kansas State AS,Neg,19.447,15.868,-3.578,20.37,21.273,0.903
nu_2,nu,2,Michigan CC,CSU Long Beach ES,Aff,28.731,31.365,2.634,25.29,23.359,-1.932
nu_2,nu,2,Kansas CS,Michigan BP,Neg,28.168,27.093,-1.074,40.167,40.292,0.126
nu_2,nu,2,Baylor LL,Emory PS,Aff,22.819,24.953,2.134,18.257,16.835,-1.422
nu_2,nu,2,Michigan GJ,Wyoming WW,Aff,29.237,31.015,1.777,22.246,20.276,-1.971
nu_2,nu,2,Liberty CL,Dartmouth BJ,Aff,32.55,32.703,0.153,21.856,21.693,-0.163
nu_2,nu,2,Wake Forest AB,Georgetown AC,Neg,20.795,19.512,-1.282,32.289,33.215,0.927
nu_2,nu,2,Kansas HM,Emory AS,Neg,13.735,13.43,-0.305,29.205,29.914,0.708
nu_2,nu,2,Emory CG,Northwestern LL,Neg,20.795,18.523,-2.271,26.924,28.316,1.391
nu_2,nu,2,Kansas HP,UC Davis MS,Aff,35.756,36.233,0.477,29.205,26.957,-2.249
nu_2,nu,2,Michigan State JS,Emory LY,Neg,29.217,28.926,-0.291,36.856,37.073,0.217
nu_2,nu,2,Kansas BW,Dartmouth GM,Aff,28.188,28.533,0.345,20.488,20.103,-0.385
nu_2,nu,2,Wake Forest MP,Dartmouth KR,Aff,21.004,26.832,5.829,25.696,24.722,-0.974
nu_2,nu,2,West Georgia KK,Iowa EW,Aff,32.228,34.099,1.871,29.388,27.268,-2.121
nu_2,nu,2,Wake Forest DE,Northwestern AT,Neg,23.584,23.188,-0.396,30.821,31.137,0.316
nu_2,nu,2,Emory CF (Feldman/Charabuddi),Indiana FT,Aff,22.309,23.671,1.363,15.662,14.236,-1.425
nu_2,nu,2,Western Kentucky IP,Emory JR,Neg,20.552,17.993,-2.559,24.241,25.955,1.714
nu_2,nu,2,Kentucky GS,Iowa BS,Neg,31.225,30.299,-0.926,27.774,30.273,2.499
nu_3,nu,3,West Georgia KK,Kansas LS,Neg,34.099,32.441,-1.658,37.555,37.994,0.439
nu_3,nu,3,Wake Forest MP,Kansas AU,Neg,26.832,25.884,-0.948,36.044,36.793,0.748
nu_3,nu,3,Emory GM,Michigan GJ,Aff,34.226,34.651,0.425,31.015,28.566,-2.449
nu_3,nu,3,Georgetown GT,Emory CF (Feldman/Charabuddi),Neg,25.163,22.43,-2.732,23.671,26.23,2.559
nu_3,nu,3,Iowa EW,Baylor LL,Aff,27.268,29.09,1.822,24.953,22.802,-2.151
nu_3,nu,3,Georgetown AC,Emory LY,Neg,33.215,31.136,-2.079,37.073,37.43,0.357
nu_3,nu,3,Emory AS,Iowa AP,Neg,29.914,27.252,-2.661,34.051,34.401,0.35
nu_3,nu,3,Binghamton CK,Macalester HW,Aff,35.787,36.274,0.487,32.846,31.059,-1.786
nu_3,nu,3,Kansas OW,Northwestern LR,Aff,32.572,33.374,0.802,35.261,32.175,-3.086
nu_3,nu,3,Michigan CC,CSU Long Beach OM,Neg,31.365,29.6,-1.764,37.208,37.488,0.28
nu_3,nu,3,Wake Forest PS (Sencion/Patel),George Mason WW,Aff,33.752,35.694,1.941,32.836,30.912,-1.924
nu_3,nu,3,Michigan State GL,Emory GS,Aff,37.378,38.035,0.656,36.838,36.003,-0.835
nu_3,nu,3,Kansas HL,Harvard DS,Neg,20.884,20.572,-0.313,29.676,29.913,0.237
nu_3,nu,3,CSU Long Beach ES,Michigan AO,Neg,23.359,21.461,-1.897,26.814,27.252,0.438
nu_3,nu,3,Missouri State HN,Georgetown LN,Neg,25.853,22.95,-2.903,23.507,27.282,3.774
nu_3,nu,3,UC Berkeley MR,Wake Forest SL,Neg,31.484,30.264,-1.22,26.576,28.149,1.573
nu_3,nu,3,Macalester CD,Georgia CP,Neg,21.825,19.311,-2.513,21.378,23.078,1.7
nu_3,nu,3,Binghamton PT,Kansas State AS,Neg,12.752,12.163,-0.589,21.273,21.632,0.36
nu_3,nu,3,Wake Forest HN,Michigan ES,Neg,23.497,23.25,-0.247,33.671,33.808,0.138
nu_3,nu,3,Harvard AB,Kansas BW,Neg,29.797,28.803,-0.994,28.533,29.654,1.122
nu_3,nu,3,Kansas HP,Georgia CK,Aff,36.233,36.812,0.579,31.314,29.952,-1.362
nu_3,nu,3,Emory RY,Liberty CL,Neg,35.001,34.065,-0.936,32.703,33.807,1.105
nu_3,nu,3,Iowa BS,Northwestern PS,Neg,30.273,29.66,-0.614,36.779,37.071,0.292
nu_3,nu,3,UC Berkeley BU,Kansas State DR (Raines/Day),Aff,29.738,30.209,0.471,23.824,22.322,-1.503
nu_3,nu,3,Wyoming WW,Michigan State FM,Neg,20.276,17.156,-3.119,19.932,22.809,2.877
nu_3,nu,3,Michigan State JS,Georgetown VP,Aff,28.926,29.297,0.371,23.052,21.661,-1.391
nu_3,nu,3,Northwestern LL,Wake Forest DE,Neg,28.316,24.348,-3.967,23.188,24.526,1.338
nu_3,nu,3,Georgetown KL,Dartmouth BJ,Neg,15.868,14.28,-1.588,21.693,22.088,0.395
nu_3,nu,3,Wake Forest AB,Baylor MP,Aff,19.512,22.096,2.583,16.394,14.48,-1.914
nu_3,nu,3,Kansas HM,Indiana FT,Aff,13.43,15.411,1.981,14.236,11.618,-2.619
nu_3,nu,3,Michigan AM,Wake Forest SK (Shakarov/Kampine),Aff,17.967,20.745,2.778,19.119,15.868,-3.251
nu_3,nu,3,Missouri State NS,Dartmouth KR,Aff,22.16,25.085,2.925,24.722,23.761,-0.961
nu_3,nu,3,Emory PS,Harvard FK,Aff,16.835,18.149,1.313,12.082,11.394,-0.688
nu_3,nu,3,Western Kentucky IP,Dartmouth HP (Park/Hatton),Neg,17.993,14.665,-3.328,15.876,18.623,2.746
nu_3,nu,3,Dartmouth GM,Missouri State CG,Neg,20.103,18.817,-1.286,17.682,19.53,1.848
nu_3,nu,3,Michigan BP,Trinity KP,Aff,40.292,40.355,0.063,27.352,27.256,-0.096
nu_3,nu,3,Northwestern AT,Stanford LL,Aff,31.137,32.174,1.036,33.15,31.94,-1.21
nu_3,nu,3,Baylor DL,Cornell LD,Aff,29.83,30.213,0.383,22.64,21.567,-1.072
nu_3,nu,3,Michigan SS (Shah/Shih),George Mason RS,Aff,34.866,35.024,0.157,25.142,24.09,-1.052
nu_3,nu,3,Wichita State GM,UC Davis MS,Aff,23.138,24.07,0.932,26.957,22.276,-4.681
nu_3,nu,3,Southern California BR,Western Kentucky CF,Aff,29.913,30.49,0.577,27.484,26.745,-0.739
nu_3,nu,3,Southern California MT,Emory KS,Neg,25.909,25.311,-0.597,30.66,31.229,0.569
nu_3,nu,3,Arizona State SS,Kansas CS,Neg,18.783,18.415,-0.368,27.093,28.592,1.499
nu_3,nu,3,Emory CT,Southern California BM,Neg,27.247,23.497,-3.75,24.981,27.374,2.393
nu_3,nu,3,Cornell DV,Iowa KS,Neg,15.588,14.151,-1.437,21.754,22.438,0.684
nu_3,nu,3,Western Kentucky KN,Michigan HM,Neg,16.53,14.156,-2.374,18.386,20.282,1.896
nu_3,nu,3,Kansas State DS,Wyoming CH,Neg,17.852,14.48,-3.372,16.133,17.415,1.282
nu_3,nu,3,Oklahoma BW (Werner/Bustos),Emory CG,Neg,16.845,14.602,-2.244,18.523,21.237,2.714
nu_3,nu,3,UTD PR,Emory OP,Aff,30.522,31.031,0.509,27.402,26.781,-0.621
nu_3,nu,3,Michigan CS (Cho/Saudek),Michigan State GS,Neg,26.293,23.835,-2.458,26.638,27.471,0.832
nu_3,nu,3,Emory SW,Dartmouth CG,Neg,25.744,25.23,-0.515,31.918,32.212,0.293
nu_3,nu,3,UTD HK,Western Kentucky SS (Schintgen/StPeter),Aff,30.526,30.799,0.272,23.096,22.766,-0.331
nu_3,nu,3,Emory JR,Baylor BK,Aff,25.955,27.473,1.519,21.466,20.858,-0.607
nu_3,nu,3,Gonzaga RW,George Mason DG,Neg,28.77,27.272,-1.498,26.911,29.361,2.449
nu_3,nu,3,Kansas BM,North Texas VH,Aff,18.825,19.626,0.801,18.612,15.401,-3.21
nu_4,nu,4,Kansas LS,Binghamton CK,Neg,37.994,37.13,-0.864,36.274,37.174,0.9
nu_4,nu,4,Iowa AP,Wake Forest PS (Sencion/Patel),Neg,34.401,33.878,-0.523,35.694,37.459,1.765
nu_4,nu,4,Kansas AU,Michigan State GL,Neg,36.793,34.884,-1.908,38.035,38.537,0.502
nu_4,nu,4,Emory CF (Feldman/Charabuddi),Baylor DL,Neg,26.23,24.854,-1.375,30.213,30.774,0.561
nu_4,nu,4,Baylor LL,Wake Forest MP,Neg,22.802,21.152,-1.65,25.884,27.58,1.696
nu_4,nu,4,CSU Long Beach OM,Michigan BP,Neg,37.488,37.038,-0.449,40.355,40.819,0.464
nu_4,nu,4,Georgia CP,Emory GM,Neg,23.078,22.808,-0.27,34.651,34.758,0.107
nu_4,nu,4,Northwestern LR,Kansas BM,Aff,32.175,32.445,0.27,19.626,19.498,-0.128
nu_4,nu,4,Emory GS,Kansas HL,Aff,36.003,36.042,0.039,20.572,20.516,-0.055
nu_4,nu,4,Michigan AO,Emory PS,Aff,27.252,27.437,0.184,18.149,17.58,-0.569
nu_4,nu,4,Harvard DS,Southern California MT,Aff,29.913,30.377,0.464,25.311,24.749,-0.562
nu_4,nu,4,George Mason DG,Michigan AM,Aff,29.361,29.933,0.573,20.745,19.867,-0.878
nu_4,nu,4,Kansas BW,Missouri State NS,Neg,29.654,28.443,-1.211,25.085,27.836,2.751
nu_4,nu,4,Michigan ES,Iowa EW,Aff,33.808,34.158,0.35,29.09,27.781,-1.309
nu_4,nu,4,Trinity KP,UC Berkeley BU,Neg,27.256,26.589,-0.667,30.209,30.913,0.704
nu_4,nu,4,Michigan State GS,Wichita State GM,Aff,27.471,28.081,0.611,24.07,23.541,-0.529
nu_4,nu,4,Dartmouth CG,Southern California BR,Neg,32.212,31.387,-0.824,30.49,31.389,0.899
nu_4,nu,4,George Mason WW,Emory JR,Aff,30.912,32.183,1.272,27.473,26.097,-1.377
nu_4,nu,4,Southern California BM,Michigan CC,Neg,27.374,25.897,-1.477,29.6,31.603,2.002
nu_4,nu,4,Kansas CS,Michigan State JS,Neg,28.592,25.669,-2.923,29.297,29.914,0.617
nu_4,nu,4,Emory LY,Kansas HP,Aff,37.43,38.008,0.578,36.812,35.796,-1.016
nu_4,nu,4,Liberty CL,Northwestern AT,Neg,33.807,32.881,-0.927,32.174,33.101,0.927
nu_4,nu,4,Northwestern PS,Kansas OW,Aff,37.071,37.511,0.439,33.374,32.95,-0.424
nu_4,nu,4,Kansas State DR (Raines/Day),Michigan CS (Cho/Saudek),Neg,22.322,20.377,-1.945,23.835,25.414,1.578
nu_4,nu,4,Harvard FK,Kansas State DS,Neg,11.394,10.624,-0.77,14.48,16.115,1.635
nu_4,nu,4,Stanford LL,Iowa BS,Neg,31.94,30.891,-1.049,29.66,31.319,1.66
nu_4,nu,4,Georgetown LN,West Georgia KK,Neg,27.282,25.692,-1.589,32.441,33.463,1.022
nu_4,nu,4,Emory KS,Kentucky GS,Aff,31.229,32.124,0.895,30.299,29.698,-0.601
nu_4,nu,4,Wake Forest DE,Emory AS,Neg,24.526,23.94,-0.586,27.252,29.569,2.317
nu_4,nu,4,Wake Forest SL,Michigan SS (Shah/Shih),Neg,28.149,27.834,-0.315,35.024,35.25,0.227
nu_4,nu,4,Michigan GJ,Georgetown AC,Neg,28.566,26.709,-1.857,31.136,32.85,1.714
nu_4,nu,4,Georgia CK,UTD HK,Neg,29.952,28.068,-1.885,30.799,31.429,0.631
nu_4,nu,4,Macalester HW,UTD PR,Neg,31.059,29.025,-2.035,31.031,31.666,0.635
nu_4,nu,4,Kansas State AS,Emory RY,Neg,21.632,21.502,-0.131,34.065,34.139,0.074
nu_4,nu,4,Western Kentucky SS (Schintgen/StPeter),Cornell DV,Aff,22.766,23.034,0.268,14.151,13.315,-0.836
nu_4,nu,4,Western Kentucky CF,CSU Long Beach ES,Aff,26.745,27.174,0.429,21.461,20.264,-1.198
nu_4,nu,4,UC Davis MS,Kansas HM,Neg,22.276,18.372,-3.904,15.411,18.121,2.71
nu_4,nu,4,Georgetown VP,Macalester CD,Aff,21.661,23.32,1.659,19.311,17.792,-1.52
nu_4,nu,4,Baylor BK,Wake Forest AB,Neg,20.858,20.085,-0.773,22.096,24.835,2.739
nu_4,nu,4,Dartmouth BJ,Wake Forest HN,Aff,22.088,23.039,0.951,23.25,21.945,-1.305
nu_4,nu,4,Emory OP,Missouri State HN,Aff,26.781,27.256,0.475,22.95,21.319,-1.631
nu_4,nu,4,George Mason RS,Gonzaga RW,Neg,24.09,22.035,-2.055,27.272,28.035,0.763
nu_4,nu,4,Michigan State FM,UC Berkeley MR,Neg,22.809,21.654,-1.155,30.264,30.502,0.238
nu_4,nu,4,Michigan HM,Binghamton PT,Aff,20.282,21.096,0.815,12.163,11.584,-0.579
nu_4,nu,4,Iowa KS,Northwestern LL,Neg,22.438,21.366,-1.072,24.348,25.91,1.562
nu_4,nu,4,Cornell LD,Arizona State SS,Neg,21.567,18.697,-2.871,18.415,19.699,1.284
nu_4,nu,4,Wyoming CH,Georgetown GT,Neg,17.415,16.804,-0.611,22.43,23.684,1.254
nu_4,nu,4,Missouri State CG,Emory SW,Neg,19.53,18.932,-0.598,25.23,25.736,0.507
nu_4,nu,4,Dartmouth HP (Park/Hatton),Emory CT,Neg,18.623,17.377,-1.246,23.497,25.031,1.533
nu_4,nu,4,Emory CG,Harvard AB,Neg,21.237,20.014,-1.223,28.803,29.075,0.272
nu_4,nu,4,Wake Forest SK (Shakarov/Kampine),Georgetown KL,Neg,15.868,13.068,-2.8,14.28,16.759,2.479
nu_4,nu,4,North Texas VH,Oklahoma BW (Werner/Bustos),Aff,15.401,17.481,2.08,14.602,12.437,-2.165
nu_4,nu,4,Indiana FT,Western Kentucky IP,Aff,11.618,14.072,2.454,14.665,11.669,-2.996
nu_4,nu,4,Dartmouth KR,Wyoming WW,Neg,23.761,22.639,-1.122,17.156,22.056,4.899
nu_4,nu,4,Baylor MP,Dartmouth GM,Neg,14.48,12.859,-1.621,18.817,19.33,0.513
nu_5,nu,5,Wake Forest HN,Georgetown KL,Aff,21.945,22.442,0.497,16.759,15.623,-1.137
nu_5,nu,5,Wyoming WW,Baylor BK,Neg,22.056,19.563,-2.493,20.085,21.152,1.068
nu_5,nu,5,UC Davis MS,Indiana FT,Aff,18.372,19.511,1.138,14.072,13.004,-1.068
nu_5,nu,5,Emory CG,Michigan AM,Neg,20.014,17.715,-2.299,19.867,21.886,2.019
nu_5,nu,5,Michigan State FM,Kansas State DS,Aff,21.654,22.884,1.231,16.115,15.147,-0.968
nu_5,nu,5,Western Kentucky KN,Kansas HL,Aff,14.156,18.405,4.249,20.516,18.991,-1.526
nu_5,nu,5,Wyoming CH,Emory PS,Neg,16.804,15.85,-0.954,17.58,19.201,1.621
nu_5,nu,5,Binghamton PT,CSU Long Beach ES,Neg,11.584,11.103,-0.481,20.264,20.874,0.61
nu_5,nu,5,Kansas BW,North Texas VH,Aff,28.443,28.592,0.149,17.481,17.027,-0.454
nu_5,nu,5,Arizona State SS,Dartmouth CG,Neg,19.699,19.568,-0.132,31.387,31.467,0.08
nu_5,nu,5,Michigan CS (Cho/Saudek),Georgetown GT,Aff,25.414,26.792,1.378,23.684,22.162,-1.522
nu_5,nu,5,Georgetown VP,Trinity KP,Neg,23.32,21.966,-1.355,26.589,27.145,0.556
nu_5,nu,5,Georgetown LN,Wichita State GM,Neg,25.692,22.696,-2.996,23.541,24.339,0.798
nu_5,nu,5,Stanford LL,Harvard AB,Neg,30.891,29.918,-0.973,29.075,30.015,0.94
nu_5,nu,5,Dartmouth HP (Park/Hatton),Southern California MT,Neg,17.377,16.577,-0.8,24.749,25.083,0.334
nu_5,nu,5,George Mason RS,Missouri State CG,Neg,22.035,18.995,-3.04,18.932,20.266,1.334
nu_5,nu,5,Kansas BM,Iowa KS,Aff,19.498,20.581,1.082,21.366,19.816,-1.549
nu_5,nu,5,Wake Forest SK (Shakarov/Kampine),Baylor MP,Neg,13.068,10.982,-2.086,12.859,14.852,1.993
nu_5,nu,5,Dartmouth KR,Western Kentucky IP,Aff,22.639,22.777,0.138,11.669,11.235,-0.434
nu_5,nu,5,Michigan HM,Southern California BM,Neg,21.096,19.976,-1.12,25.897,26.894,0.998
nu_5,nu,5,Oklahoma BW (Werner/Bustos),Harvard FK,Aff,12.437,14.226,1.789,10.624,9.804,-0.82
nu_5,nu,5,Iowa AP,Gonzaga RW,Aff,33.878,34.156,0.278,28.035,27.502,-0.533
nu_5,nu,5,George Mason DG,Kansas AU,Neg,29.933,29.061,-0.872,34.884,35.83,0.946
nu_5,nu,5,Kansas OW,Southern California BR,Aff,32.95,33.489,0.539,31.389,30.828,-0.562
nu_5,nu,5,George Mason WW,Emory GS,Neg,32.183,31.067,-1.116,36.042,36.501,0.459
nu_5,nu,5,Macalester CD,Missouri State HN,Neg,17.792,16.627,-1.164,21.319,22.646,1.328
nu_5,nu,5,Kansas LS,Harvard DS,Aff,37.13,37.371,0.241,30.377,30.075,-0.302
nu_5,nu,5,Emory LY,Michigan BP,Neg,38.008,37.587,-0.421,40.819,41.259,0.44
nu_5,nu,5,Northwestern AT,Emory GM,Neg,33.101,32.52,-0.58,34.758,35.332,0.574
nu_5,nu,5,Emory CF (Feldman/Charabuddi),Kansas State AS,Aff,24.854,26.101,1.247,21.502,20.813,-0.688
nu_5,nu,5,Baylor LL,Cornell LD,Aff,21.152,22.715,1.563,18.697,17.459,-1.237
nu_5,nu,5,Wake Forest PS (Sencion/Patel),Binghamton CK,Neg,37.459,35.722,-1.737,37.174,37.813,0.639
nu_5,nu,5,UC Berkeley BU,CSU Long Beach OM,Neg,30.913,30.515,-0.398,37.038,37.288,0.249
nu_5,nu,5,Michigan CC,Georgetown AC,Neg,31.603,29.784,-1.819,32.85,34.549,1.699
nu_5,nu,5,Michigan SS (Shah/Shih),Baylor DL,Aff,35.25,35.577,0.327,30.774,30.255,-0.519
nu_5,nu,5,Michigan ES,UTD PR,Aff,34.158,34.648,0.49,31.666,31.172,-0.494
nu_5,nu,5,UTD HK,Michigan State GS,Aff,31.429,31.901,0.472,28.081,27.514,-0.568
nu_5,nu,5,Emory KS,Northwestern LR,Neg,32.124,31.34,-0.785,32.445,34.145,1.7
nu_5,nu,5,Emory AS,Michigan State JS,Neg,29.569,27.202,-2.367,29.914,30.555,0.641
nu_5,nu,5,Wake Forest MP,Kentucky GS,Neg,27.58,25.818,-1.762,29.698,30.14,0.442
nu_5,nu,5,Western Kentucky CF,Kansas HM,Aff,27.174,27.393,0.219,18.121,17.696,-0.425
nu_5,nu,5,Emory OP,Wake Forest DE,Neg,27.256,26.143,-1.113,23.94,25.191,1.251
nu_5,nu,5,Missouri State NS,Wake Forest AB,Neg,27.836,26.173,-1.663,24.835,27.862,3.027
nu_5,nu,5,Kansas CS,UC Berkeley MR,Neg,25.669,24.265,-1.404,30.502,30.834,0.333
nu_5,nu,5,Michigan GJ,Georgia CK,Aff,26.709,29.083,2.374,28.068,26.364,-1.704
nu_5,nu,5,Western Kentucky SS (Schintgen/StPeter),Dartmouth BJ,Aff,23.034,23.919,0.886,23.039,22.252,-0.786
nu_5,nu,5,Kansas HP,Michigan AO,Aff,35.796,36.066,0.27,27.437,27.244,-0.192
nu_5,nu,5,Liberty CL,West Georgia KK,Aff,32.881,33.559,0.678,33.463,31.531,-1.932
nu_5,nu,5,Northwestern PS,Michigan State GL,Neg,37.511,36.912,-0.598,38.537,39.092,0.555
nu_5,nu,5,Kansas State DR (Raines/Day),Dartmouth GM,Aff,20.377,22.216,1.839,19.33,18.603,-0.728
nu_5,nu,5,Emory CT,Northwestern LL,Aff,25.031,27.416,2.386,25.91,24.284,-1.626
nu_5,nu,5,Iowa BS,Emory RY,Neg,31.319,30.502,-0.817,34.139,34.593,0.453
nu_5,nu,5,Wake Forest SL,Macalester HW,Aff,27.834,28.676,0.842,29.025,27.16,-1.864
nu_5,nu,5,Iowa EW,Emory SW,Aff,27.781,29.29,1.509,25.736,24.997,-0.739
nu_5,nu,5,Emory JR,Georgia CP,Aff,26.097,27.327,1.23,22.808,21.802,-1.006
nu_6,nu,6,Michigan State JS,Northwestern PS,Neg,30.555,30.263,-0.292,36.912,37.157,0.245
nu_6,nu,6,Southern California BR,Michigan CS (Cho/Saudek),Neg,30.828,29.976,-0.852,26.792,29.14,2.348
nu_6,nu,6,Northwestern LL,Wake Forest MP,Aff,24.284,25.867,1.583,25.818,23.84,-1.978
nu_6,nu,6,Georgetown GT,Baylor LL,Neg,22.162,20.695,-1.467,22.715,24.342,1.627
nu_6,nu,6,Dartmouth CG,Emory JR,Aff,31.467,31.807,0.34,27.327,26.332,-0.995
nu_6,nu,6,Kentucky GS,Iowa EW,Neg,30.14,29.529,-0.611,29.29,31.097,1.807
nu_6,nu,6,Binghamton CK,Michigan SS (Shah/Shih),Neg,37.813,36.984,-0.829,35.577,36.327,0.75
nu_6,nu,6,Michigan State GL,Michigan ES,Aff,39.092,39.41,0.318,34.648,34.305,-0.343
nu_6,nu,6,Wake Forest DE,George Mason DG,Neg,25.191,24.724,-0.467,29.061,29.991,0.93
nu_6,nu,6,North Texas VH,Macalester CD,Neg,17.027,15.089,-1.938,16.627,18.172,1.544
nu_6,nu,6,Kansas HL,Oklahoma BW (Werner/Bustos),Aff,18.991,19.495,0.504,14.226,13.189,-1.037
nu_6,nu,6,Baylor MP,Dartmouth HP (Park/Hatton),Neg,14.852,13.41,-1.441,16.577,17.99,1.413
nu_6,nu,6,UC Berkeley MR,Emory LY,Neg,30.834,30.596,-0.238,37.587,37.792,0.205
nu_6,nu,6,Emory PS,Michigan CC,Neg,19.201,18.861,-0.34,29.784,30.226,0.442
nu_6,nu,6,Michigan AM,Stanford LL,Neg,21.886,21.219,-0.667,29.918,30.14,0.222
nu_6,nu,6,Harvard AB,Western Kentucky CF,Aff,30.015,30.52,0.505,27.393,26.795,-0.598
nu_6,nu,6,Harvard FK,Wake Forest SK (Shakarov/Kampine),Neg,9.804,8.98,-0.824,10.982,12.645,1.663
nu_6,nu,6,Iowa KS,Dartmouth KR,Neg,19.816,19.031,-0.785,22.777,23.273,0.497
nu_6,nu,6,Southern California BM,Wake Forest SL,Neg,26.894,25.538,-1.357,28.676,29.241,0.565
nu_6,nu,6,Dartmouth BJ,Kansas State DR (Raines/Day),Neg,22.252,21.585,-0.667,22.216,23.951,1.735
nu_6,nu,6,Georgia CK,Michigan State FM,Neg,26.364,24.568,-1.796,22.884,25.581,2.696
nu_6,nu,6,Michigan BP,UTD HK,Aff,41.259,41.383,0.124,31.901,31.755,-0.146
nu_6,nu,6,Kansas AU,Wake Forest PS (Sencion/Patel),Neg,35.83,34.312,-1.519,35.722,37.047,1.325
nu_6,nu,6,Emory RY,Northwestern AT,Aff,34.593,35.081,0.488,32.52,32.007,-0.513
nu_6,nu,6,Wichita State GM,Emory KS,Neg,24.339,24.083,-0.255,31.34,31.635,0.295
nu_6,nu,6,West Georgia KK,Emory CT,Aff,31.531,32.398,0.868,27.416,26.247,-1.169
nu_6,nu,6,Southern California MT,Arizona State SS,Aff,25.083,25.507,0.424,19.568,19.112,-0.456
nu_6,nu,6,Missouri State CG,Kansas CS,Neg,20.266,19.664,-0.601,24.265,25.545,1.279
nu_6,nu,6,UTD PR,UC Berkeley BU,Aff,31.172,31.748,0.576,30.515,29.69,-0.825
nu_6,nu,6,CSU Long Beach ES,Georgetown LN,Neg,20.874,19.533,-1.341,22.696,24.17,1.474
nu_6,nu,6,Trinity KP,George Mason WW,Neg,27.145,26.657,-0.488,31.067,32.019,0.952
nu_6,nu,6,Georgetown AC,Liberty CL,Aff,34.549,36.217,1.669,33.559,33.023,-0.536
nu_6,nu,6,Dartmouth GM,Emory CG,Aff,18.603,19.287,0.684,17.715,15.805,-1.911
nu_6,nu,6,Michigan AO,Kansas BW,Neg,27.244,26.669,-0.575,28.592,29.266,0.674
nu_6,nu,6,Emory GM,Kansas HP,Neg,35.332,34.743,-0.589,36.066,36.914,0.848
nu_6,nu,6,Georgia CP,Western Kentucky KN,Neg,21.802,20.088,-1.714,18.405,20.933,2.528
nu_6,nu,6,Indiana FT,Wyoming WW,Neg,13.004,12.304,-0.7,19.563,20.291,0.728
nu_6,nu,6,Harvard DS,Emory CF (Feldman/Charabuddi),Aff,30.075,30.514,0.439,26.101,25.1,-1.001
nu_6,nu,6,Wake Forest AB,Western Kentucky SS (Schintgen/StPeter),Aff,27.862,29.102,1.24,23.919,23.463,-0.456
nu_6,nu,6,Northwestern LR,Kansas LS,Neg,34.145,33.117,-1.028,37.371,37.767,0.396
nu_6,nu,6,Gonzaga RW,Wake Forest HN,Aff,27.502,28.051,0.549,22.442,21.957,-0.485
nu_6,nu,6,Kansas HM,Emory OP,Neg,17.696,17.263,-0.433,26.143,26.345,0.202
nu_6,nu,6,Kansas State AS,UC Davis MS,Aff,20.813,21.626,0.812,19.511,18.036,-1.474
nu_6,nu,6,Western Kentucky IP,George Mason RS,Aff,11.235,14.497,3.262,18.995,15.866,-3.129
nu_6,nu,6,CSU Long Beach OM,Kansas OW,Neg,37.288,36.404,-0.884,33.489,34.409,0.92
nu_6,nu,6,Emory SW,Kansas BM,Neg,24.997,23.551,-1.447,20.581,21.872,1.291
nu_6,nu,6,Macalester HW,Georgetown VP,Aff,27.16,27.86,0.699,21.966,21.091,-0.874
nu_6,nu,6,Cornell LD,Wyoming CH,Neg,17.459,15.661,-1.798,15.85,16.975,1.125
nu_6,nu,6,Missouri State HN,Emory AS,Neg,22.646,21.639,-1.007,27.202,28.311,1.109
nu_6,nu,6,Kansas State DS,Missouri State NS,Aff,15.147,19.051,3.904,26.173,23.408,-2.765
nu_6,nu,6,Michigan State GS,Michigan GJ,Aff,27.514,28.359,0.845,29.083,26.92,-2.164
nu_6,nu,6,Baylor DL,Iowa BS,Aff,30.255,31.12,0.865,30.502,29.452,-1.05
nu_6,nu,6,Emory GS,Iowa AP,Aff,36.501,37.068,0.566,34.156,33.698,-0.458
nu_7,nu,7,Michigan State GL,Michigan BP,Neg,39.41,38.971,-0.439,41.383,41.838,0.455
nu_7,nu,7,Kansas OW,Emory LY,Aff,34.409,35.229,0.82,37.792,36.99,-0.802
nu_7,nu,7,Southern California MT,Emory CF (Feldman/Charabuddi),Neg,25.507,24.673,-0.834,25.1,26.574,1.473
nu_7,nu,7,Kentucky GS,Baylor LL,Aff,29.529,29.801,0.272,24.342,23.51,-0.832
nu_7,nu,7,Binghamton CK,Emory GM,Aff,36.984,37.429,0.446,34.743,34.279,-0.464
nu_7,nu,7,Kansas LS,Emory RY,Aff,37.767,38.194,0.428,35.081,34.659,-0.422
nu_7,nu,7,Emory GS,Wake Forest PS (Sencion/Patel),Aff,37.068,37.732,0.664,37.047,35.802,-1.245
nu_7,nu,7,Georgetown AC,Michigan SS (Shah/Shih),Aff,36.217,37.81,1.593,36.327,35.825,-0.502
nu_7,nu,7,Michigan CS (Cho/Saudek),Iowa AP,Neg,29.14,28.408,-0.732,33.698,34.003,0.305
nu_7,nu,7,CSU Long Beach OM,Iowa EW,Aff,36.404,36.654,0.251,31.097,30.406,-0.691
nu_7,nu,7,Emory AS,Kansas AU,Neg,28.311,27.505,-0.806,34.312,34.927,0.615
nu_7,nu,7,George Mason DG,Northwestern AT,Neg,29.991,28.935,-1.057,32.007,32.466,0.459
nu_7,nu,7,UTD HK,Harvard AB,Aff,31.755,32.333,0.578,30.52,29.946,-0.574
nu_7,nu,7,George Mason WW,Michigan ES,Neg,32.019,30.967,-1.052,34.305,34.731,0.426
nu_7,nu,7,Northwestern LR,Wake Forest AB,Aff,33.117,33.886,0.77,29.102,28.078,-1.023
nu_7,nu,7,Dartmouth CG,UTD PR,Aff,31.807,32.401,0.594,31.748,31.153,-0.595
nu_7,nu,7,Baylor DL,Michigan CC,Aff,31.12,31.769,0.649,30.226,28.594,-1.632
nu_7,nu,7,Harvard DS,Wake Forest SL,Neg,30.514,29.672,-0.842,29.241,30.057,0.816
nu_7,nu,7,West Georgia KK,Michigan State JS,Aff,32.398,33.465,1.067,30.263,29.75,-0.513
nu_7,nu,7,Liberty CL,Kansas BW,Neg,33.023,32.094,-0.929,29.266,30.351,1.085
nu_7,nu,7,Kansas HP,Northwestern PS,Aff,36.914,37.78,0.866,37.157,36.548,-0.609
nu_7,nu,7,Kansas State DR (Raines/Day),Emory CT,Aff,23.951,25.607,1.656,26.247,24.252,-1.995
nu_7,nu,7,Iowa BS,Macalester HW,Aff,29.452,30.186,0.734,27.86,26.812,-1.048
nu_7,nu,7,Michigan State GS,Emory KS,Neg,28.359,27.871,-0.488,31.635,32.15,0.515
nu_7,nu,7,Southern California BR,Georgetown KL,Aff,29.976,30.021,0.045,15.623,15.463,-0.16
nu_7,nu,7,Kansas BM,Southern California BM,Aff,21.872,22.895,1.023,25.538,23.51,-2.028
nu_7,nu,7,Emory OP,Western Kentucky SS (Schintgen/StPeter),Aff,26.345,26.831,0.486,23.463,22.933,-0.53
nu_7,nu,7,UC Berkeley BU,Western Kentucky KN,Aff,29.69,29.904,0.214,20.933,20.465,-0.467
nu_7,nu,7,Emory JR,Kansas State AS,Aff,26.332,27.121,0.789,21.626,21.134,-0.492
nu_7,nu,7,Georgetown LN,UC Berkeley MR,Neg,24.17,23.451,-0.719,30.596,30.841,0.245
nu_7,nu,7,Trinity KP,Western Kentucky CF,Neg,26.657,25.878,-0.779,26.795,27.546,0.751
nu_7,nu,7,Michigan AO,Gonzaga RW,Aff,26.669,27.388,0.719,28.051,26.878,-1.173
nu_7,nu,7,Michigan GJ,Stanford LL,Neg,26.92,25.873,-1.047,30.14,30.584,0.444
nu_7,nu,7,Wichita State GM,Kansas CS,Aff,24.083,24.807,0.724,25.545,23.486,-2.058
nu_7,nu,7,Northwestern LL,Baylor BK,Aff,25.867,26.582,0.715,21.152,20.67,-0.482
nu_7,nu,7,Wake Forest DE,Michigan State FM,Neg,24.724,24.098,-0.626,25.581,27.143,1.563
nu_7,nu,7,Emory SW,Oklahoma BW (Werner/Bustos),Aff,23.551,23.716,0.166,13.189,12.843,-0.347
nu_7,nu,7,Dartmouth KR,Arizona State SS,Aff,23.273,23.669,0.395,19.112,18.586,-0.526
nu_7,nu,7,Missouri State NS,Macalester CD,Aff,23.408,23.962,0.554,18.172,17.441,-0.731
nu_7,nu,7,Kansas State DS,Georgia CK,Neg,19.051,18.36,-0.691,24.568,25.19,0.622
nu_7,nu,7,Georgetown GT,Missouri State CG,Neg,20.695,19.084,-1.611,19.664,20.69,1.025
nu_7,nu,7,Dartmouth GM,Wake Forest MP,Aff,19.287,20.418,1.131,23.84,21.498,-2.342
nu_7,nu,7,Dartmouth BJ,Wyoming CH,Aff,21.585,21.947,0.362,16.975,16.468,-0.507
nu_7,nu,7,Dartmouth HP (Park/Hatton),Georgia CP,Neg,17.99,16.766,-1.224,20.088,20.997,0.909
nu_7,nu,7,Wake Forest HN,Wyoming WW,Aff,21.957,22.65,0.693,20.291,19.016,-1.275
nu_7,nu,7,Missouri State HN,Kansas HL,Aff,21.639,22.896,1.257,19.495,18.829,-0.667
nu_7,nu,7,UC Davis MS,Emory PS,Aff,18.036,19.553,1.516,18.861,17.374,-1.488
nu_7,nu,7,CSU Long Beach ES,Georgetown VP,Neg,19.533,18.296,-1.236,21.091,22.295,1.204
nu_7,nu,7,Michigan AM,Kansas HM,Aff,21.219,22.29,1.071,17.263,16.471,-0.793
nu_7,nu,7,Indiana FT,George Mason RS,Aff,12.304,14.252,1.948,15.866,13.847,-2.018
nu_7,nu,7,Baylor MP,Iowa KS,Neg,13.41,12.619,-0.791,19.031,19.501,0.469
nu_7,nu,7,Emory CG,North Texas VH,Neg,15.805,14.074,-1.73,15.089,16.756,1.667
nu_8,nu,8,Michigan BP,Emory GS,Neg,41.838,40.999,-0.839,37.732,38.751,1.02
nu_8,nu,8,Iowa AP,Georgetown AC,Neg,34.003,33.678,-0.325,37.81,38.635,0.824
nu_8,nu,8,Emory RY,Kansas HP,Aff,34.659,35.435,0.776,37.78,36.709,-1.071
nu_8,nu,8,Kansas AU,Binghamton CK,Neg,34.927,33.975,-0.952,37.429,37.817,0.387
nu_8,nu,8,Michigan ES,Kansas OW,Neg,34.731,34.188,-0.544,35.229,35.725,0.496
nu_8,nu,8,Wake Forest SL,Kansas LS,Neg,30.057,29.878,-0.179,38.194,38.348,0.154
nu_8,nu,8,Kansas BW,Michigan State GL,Neg,30.351,30.188,-0.163,38.971,39.099,0.128
nu_8,nu,8,Emory LY,Northwestern LL,Aff,36.99,37.078,0.088,26.582,26.362,-0.22
nu_8,nu,8,Northwestern PS,West Georgia KK,Aff,36.548,36.911,0.364,33.465,32.633,-0.832
nu_8,nu,8,Michigan SS (Shah/Shih),Dartmouth CG,Aff,35.825,36.152,0.327,32.401,32.048,-0.353
nu_8,nu,8,Emory GM,UTD HK,Neg,34.279,33.557,-0.721,32.333,33.119,0.785
nu_8,nu,8,Wake Forest PS (Sencion/Patel),Northwestern LR,Neg,35.802,34.535,-1.267,33.886,35.304,1.417
nu_8,nu,8,Northwestern AT,Baylor DL,Aff,32.466,33.003,0.537,31.769,31.079,-0.69
nu_8,nu,8,Emory KS,CSU Long Beach OM,Neg,32.15,31.75,-0.4,36.654,36.933,0.278
nu_8,nu,8,UTD PR,Kansas BM,Aff,31.153,31.3,0.147,22.895,22.705,-0.19
nu_8,nu,8,Michigan State JS,Emory OP,Neg,29.75,28.842,-0.907,26.831,27.739,0.908
nu_8,nu,8,Iowa EW,Kansas State DR (Raines/Day),Aff,30.406,31.063,0.657,25.607,24.935,-0.672
nu_8,nu,8,Harvard AB,Michigan AO,Neg,29.946,29.117,-0.829,27.388,28.179,0.79
nu_8,nu,8,Wake Forest AB,Michigan CS (Cho/Saudek),Neg,28.078,26.682,-1.397,28.408,29.467,1.059
nu_8,nu,8,Stanford LL,Emory AS,Aff,30.584,31.01,0.426,27.505,26.41,-1.094
nu_8,nu,8,UC Berkeley MR,Iowa BS,Aff,30.841,31.393,0.552,30.186,29.388,-0.798
nu_8,nu,8,Michigan CC,George Mason DG,Aff,28.594,30.113,1.52,28.935,27.807,-1.128
nu_8,nu,8,Western Kentucky CF,Emory JR,Neg,27.546,26.846,-0.7,27.121,28.479,1.357
nu_8,nu,8,Michigan State FM,Wichita State GM,Aff,27.143,28.259,1.116,24.807,24.349,-0.458
nu_8,nu,8,Emory CF (Feldman/Charabuddi),Kentucky GS,Neg,26.574,25.739,-0.835,29.801,30.154,0.352
nu_8,nu,8,Georgia CP,Harvard DS,Neg,20.997,20.697,-0.3,29.672,29.844,0.171
nu_8,nu,8,Kansas State AS,Michigan State GS,Aff,21.134,22.793,1.659,27.871,26.576,-1.295
nu_8,nu,8,Baylor LL,UC Berkeley BU,Neg,23.51,22.907,-0.603,29.904,30.213,0.308
nu_8,nu,8,Western Kentucky KN,George Mason WW,Neg,20.465,20.153,-0.312,30.967,31.21,0.243
nu_8,nu,8,Georgetown VP,Southern California BR,Neg,22.295,21.849,-0.446,30.021,30.2,0.18
nu_8,nu,8,Missouri State CG,Liberty CL,Neg,20.69,20.568,-0.122,32.094,32.17,0.076
nu_8,nu,8,Western Kentucky SS (Schintgen/StPeter),Dartmouth KR,Aff,22.933,23.713,0.78,23.669,22.952,-0.717
nu_8,nu,8,Southern California BM,Missouri State HN,Aff,23.51,24.569,1.059,22.896,21.629,-1.268
nu_8,nu,8,Emory CT,Dartmouth GM,Neg,24.252,22.157,-2.095,20.418,21.404,0.986
nu_8,nu,8,Baylor BK,Michigan AM,Aff,20.67,21.609,0.939,22.29,20.484,-1.806
nu_8,nu,8,Kansas CS,Wake Forest HN,Neg,23.486,21.904,-1.583,22.65,23.499,0.849
nu_8,nu,8,Georgia CK,UC Davis MS,Aff,25.19,25.748,0.558,19.553,18.943,-0.61
nu_8,nu,8,Macalester HW,Missouri State NS,Neg,26.812,25.347,-1.464,23.962,25.301,1.338
nu_8,nu,8,Gonzaga RW,Dartmouth BJ,Neg,26.878,25.421,-1.457,21.947,22.988,1.041
nu_8,nu,8,Wyoming CH,Michigan GJ,Aff,16.468,18.261,1.792,25.873,22.959,-2.914
nu_8,nu,8,Wake Forest SK (Shakarov/Kampine),Southern California MT,Neg,12.645,12.405,-0.24,24.673,24.78,0.107
nu_8,nu,8,Georgetown KL,Trinity KP,Aff,15.463,19.537,4.075,25.878,24.373,-1.505
nu_8,nu,8,Macalester CD,Georgetown LN,Neg,17.441,16.859,-0.582,23.451,24.128,0.677
nu_8,nu,8,North Texas VH,Emory SW,Aff,16.756,19.436,2.68,23.716,22.312,-1.404
nu_8,nu,8,Western Kentucky IP,Wake Forest DE,Neg,14.497,14.107,-0.39,24.098,24.256,0.158
nu_8,nu,8,Arizona State SS,Harvard FK,Aff,18.586,18.767,0.181,8.98,8.772,-0.208
nu_8,nu,8,Wake Forest MP,Indiana FT,Aff,21.498,21.964,0.466,14.252,13.777,-0.474
nu_8,nu,8,Kansas HM,Emory CG,Neg,16.471,15.022,-1.449,14.074,15.886,1.812
nu_8,nu,8,Iowa KS,Kansas State DS,Aff,19.501,20.301,0.8,18.36,17.238,-1.122
nu_8,nu,8,Kansas HL,Dartmouth HP (Park/Hatton),Neg,18.829,17.842,-0.987,16.766,18.477,1.711
nu_8,nu,8,Wyoming WW,CSU Long Beach ES,Neg,19.016,17.64,-1.375,18.296,19.692,1.396
nu_8,nu,8,Emory PS,Georgetown GT,Aff,17.374,18.816,1.443,19.084,17.647,-1.437
nu_8,nu,8,George Mason RS,Baylor MP,Neg,13.847,12.438,-1.409,12.619,14.187,1.568
nu_dubs,nu,dubs,Harvard DS,Kansas LS,Neg,29.844,29.68,-0.164,38.348,38.486,0.138
nu_dubs,nu,dubs,Wake Forest PS (Sencion/Patel),Michigan State GL,Neg,34.535,34.002,-0.533,39.099,39.369,0.269
nu_dubs,nu,dubs,Binghamton CK,Kansas BW,Neg,37.817,36.722,-1.095,30.188,31.526,1.338
nu_dubs,nu,dubs,UC Berkeley BU,Michigan BP,Neg,30.213,30.102,-0.111,40.999,41.073,0.074
nu_dubs,nu,dubs,Georgetown AC,West Georgia KK,Neg,38.635,36.672,-1.962,32.633,34.419,1.786
nu_dubs,nu,dubs,Southern California BR,Emory GS,Neg,30.2,30.06,-0.14,38.751,38.9,0.148
nu_dubs,nu,dubs,Kansas OW,Stanford LL,Aff,35.725,35.977,0.252,31.01,30.679,-0.331
nu_dubs,nu,dubs,Baylor DL,Emory LY,Neg,31.079,30.793,-0.286,37.078,37.284,0.206
nu_dubs,nu,dubs,CSU Long Beach OM,Kansas AU,Aff,36.933,37.263,0.33,33.975,33.182,-0.793
nu_dubs,nu,dubs,UTD PR,Kansas HP,Neg,31.3,31.053,-0.247,36.709,37.028,0.319
nu_dubs,nu,dubs,Michigan SS (Shah/Shih),Liberty CL,Aff,36.152,36.436,0.285,32.17,31.835,-0.334
nu_dubs,nu,dubs,UTD HK,Michigan ES,Neg,33.119,32.606,-0.513,34.188,34.659,0.471
nu_dubs,nu,dubs,Iowa AP,Northwestern PS,Neg,33.678,33.326,-0.351,36.911,37.263,0.351
nu_dubs,nu,dubs,Northwestern LR,Kentucky GS,Aff,35.304,35.836,0.533,30.154,29.9,-0.253
nu_dubs,nu,dubs,Dartmouth CG,Northwestern AT,Aff,32.048,32.644,0.596,33.003,32.377,-0.627
nu_octas,nu,octas,Kansas LS,Dartmouth CG,Aff,38.486,38.713,0.227,32.644,32.436,-0.208
nu_octas,nu,octas,Michigan State GL,Northwestern LR,Neg,39.369,38.676,-0.692,35.836,37.273,1.437
nu_octas,nu,octas,Kansas BW,Northwestern PS,Neg,31.526,31.274,-0.252,37.263,37.482,0.22
nu_octas,nu,octas,West Georgia KK,Emory RY,Neg,34.419,33.565,-0.853,35.435,35.885,0.45
nu_octas,nu,octas,Emory GS,Michigan SS (Shah/Shih),Aff,38.9,39.328,0.429,36.436,36.093,-0.343
nu_octas,nu,octas,Emory LY,CSU Long Beach OM,Neg,37.284,36.788,-0.496,37.263,37.755,0.492
nu_quarters,nu,quarters,Kansas LS,CSU Long Beach OM,Neg,38.713,38.122,-0.591,37.755,38.272,0.517
nu_quarters,nu,quarters,Northwestern LR,Kansas OW,Aff,37.273,38.021,0.748,35.977,35.582,-0.395
nu_quarters,nu,quarters,Northwestern PS,Emory GS,Neg,37.482,37.09,-0.393,39.328,39.768,0.44
nu_quarters,nu,quarters,Emory RY,Michigan BP,Neg,35.885,35.65,-0.235,41.073,41.309,0.236
nu_semis,nu,semis,Michigan BP,CSU Long Beach OM,Aff,41.309,41.633,0.324,38.272,37.983,-0.289
nu_semis,nu,semis,Emory GS,Northwestern LR,Neg,39.768,39.147,-0.621,38.021,38.989,0.968
nu_finals,nu,finals,Michigan BP,Northwestern LR,Aff,41.633,41.955,0.322,38.989,38.475,-0.513
kentuckyrr_1,kentuckyrr,1,Georgetown AC,Michigan BP,Neg,36.672,36.173,-0.499,41.955,42.157,0.202
kentuckyrr_1,kentuckyrr,1,Binghamton CK,CSU Long Beach OM,Aff,36.722,37.306,0.584,37.983,37.496,-0.487
kentuckyrr_1,kentuckyrr,1,Emory GS,Kentucky GS,Aff,39.147,39.246,0.099,29.9,29.795,-0.105
kentuckyrr_2,kentuckyrr,2,Michigan BP,Binghamton CK,Aff,42.157,42.369,0.212,37.306,37.075,-0.231
kentuckyrr_2,kentuckyrr,2,Kentucky GS,Georgetown AC,Neg,29.795,29.603,-0.192,36.173,36.552,0.378
kentuckyrr_2,kentuckyrr,2,Dartmouth CG,Emory GS,Neg,32.436,32.27,-0.166,39.246,39.412,0.166
kentuckyrr_3,kentuckyrr,3,CSU Long Beach OM,Emory GS,Neg,37.496,37.186,-0.31,39.412,39.78,0.369
kentuckyrr_3,kentuckyrr,3,Georgetown AC,Dartmouth CG,Aff,36.552,37.055,0.504,32.27,32.018,-0.252
kentuckyrr_3,kentuckyrr,3,Kentucky GS,Michigan BP,Neg,29.603,29.566,-0.037,42.369,42.4,0.031
kentuckyrr_4,kentuckyrr,4,CSU Long Beach OM,Georgetown AC,Neg,37.186,36.81,-0.375,37.055,37.913,0.858
kentuckyrr_4,kentuckyrr,4,Binghamton CK,Dartmouth CG,Neg,37.075,36.306,-0.769,32.018,32.79,0.772
kentuckyrr_4,kentuckyrr,4,Emory GS,Michigan BP,Aff,39.78,40.387,0.607,42.4,41.84,-0.56
kentuckyrr_5,kentuckyrr,5,Dartmouth CG,Kentucky GS,Neg,32.79,32.183,-0.607,29.566,30.27,0.704
kentuckyrr_5,kentuckyrr,5,Michigan BP,CSU Long Beach OM,Aff,41.84,42.026,0.186,36.81,36.637,-0.174
kentuckyrr_5,kentuckyrr,5,Georgetown AC,Binghamton CK,Aff,37.913,38.536,0.623,36.306,35.97,-0.336
kentuckyrr_6,kentuckyrr,6,CSU Long Beach OM,Kentucky GS,Aff,36.637,36.767,0.131,30.27,30.1,-0.17
kentuckyrr_6,kentuckyrr,6,Binghamton CK,Emory GS,Neg,35.97,35.755,-0.214,40.387,40.61,0.223
kentuckyrr_6,kentuckyrr,6,Michigan BP,Dartmouth CG,Neg,42.026,41.077,-0.949,32.183,33.186,1.002
kentuckyrr_7,kentuckyrr,7,Emory GS,Georgetown AC,Neg,40.61,40.107,-0.503,38.536,39.426,0.891
kentuckyrr_7,kentuckyrr,7,Dartmouth CG,CSU Long Beach OM,Neg,33.186,32.957,-0.228,36.767,36.979,0.211
kentuckyrr_7,kentuckyrr,7,Kentucky GS,Binghamton CK,Neg,30.1,29.912,-0.189,35.755,35.921,0.166
uk_1,uk,1,Kansas State LW,Dartmouth PT,Neg,25.0,20.795,-4.205,25.0,29.205,4.205
uk_1,uk,1,Michigan ES,Wake Forest MP,Aff,34.659,34.708,0.049,21.964,21.84,-0.124
uk_1,uk,1,Michigan State GL,Western Kentucky IP,Aff,38.676,38.677,0.001,14.107,14.105,-0.002
uk_1,uk,1,North Texas VH,Wyoming CH,Neg,19.436,18.073,-1.363,18.261,19.1,0.839
uk_1,uk,1,Kansas BW,Gonzaga RW,Aff,31.274,31.51,0.236,25.421,25.078,-0.343
uk_1,uk,1,Harvard CS,Kansas State DS,Aff,25.0,27.599,2.599,17.238,16.852,-0.386
uk_1,uk,1,George Mason RT,Western Kentucky KN,Neg,22.098,17.726,-4.373,20.153,21.412,1.258
uk_1,uk,1,West Georgia KK,Missouri State BC,Aff,33.565,33.673,0.108,19.374,18.711,-0.663
uk_1,uk,1,Purdue AH,Iowa KS,Neg,20.873,18.632,-2.24,20.301,21.113,0.813
uk_1,uk,1,Michigan SS (Shah/Shih),Emory CS (Cannaday/Stearns),Aff,36.093,36.171,0.078,24.777,24.127,-0.65
uk_1,uk,1,Emory LY,Dartmouth BC,Aff,36.788,36.845,0.058,25.333,25.206,-0.127
uk_1,uk,1,Kansas BP (Bauman/Persson),Emory CG,Neg,25.0,15.942,-9.058,15.886,17.41,1.523
uk_1,uk,1,Emory GM,UC Berkeley GS,Aff,33.557,33.713,0.155,25.0,22.611,-2.389
uk_1,uk,1,Kansas ST,Indiana FT,Aff,25.0,26.753,1.753,13.777,13.502,-0.275
uk_1,uk,1,Kansas FS,Wake Forest LW,Neg,18.554,18.383,-0.171,32.332,32.411,0.08
uk_1,uk,1,Harvard DS,Baylor MP,Aff,29.68,29.709,0.029,14.187,14.124,-0.063
uk_1,uk,1,Kansas JB,Wake Forest NS,Aff,22.97,26.267,3.298,23.916,20.096,-3.82
uk_1,uk,1,Stanford LL,Georgia CP,Aff,30.679,30.793,0.114,20.697,20.486,-0.211
uk_1,uk,1,Baylor DL,Macalester CD,Aff,30.793,30.841,0.048,16.859,16.765,-0.094
uk_1,uk,1,Kansas CF,Harvard FK,Aff,25.0,25.863,0.863,8.772,8.672,-0.1
uk_1,uk,1,Kansas BP (Pace/Blaser),Kentucky GS,Neg,25.0,21.5,-3.5,29.912,30.088,0.177
uk_1,uk,1,UTD PR,Kansas CS,Aff,31.053,31.171,0.118,21.904,21.595,-0.309
uk_1,uk,1,Kansas BM,Dartmouth JR,Aff,22.705,23.31,0.605,21.934,21.035,-0.899
uk_1,uk,1,Liberty CL,Minnesota HU,Neg,31.835,30.661,-1.175,22.675,24.985,2.31
uk_1,uk,1,Kansas SS,Missouri State BK,Neg,24.276,19.4,-4.876,20.206,21.669,1.463
uk_1,uk,1,UTD HK,Wake Forest SK (Sampat/Kampine),Neg,32.606,31.8,-0.806,22.586,30.264,7.677
uk_1,uk,1,Iowa AP,Harvard JS,Aff,33.326,33.478,0.151,25.0,22.547,-2.453
uk_1,uk,1,Kansas AU,Kansas State DR (Raines/Day),Aff,33.182,33.481,0.299,24.935,24.588,-0.346
uk_1,uk,1,Kansas HP,Navy CR,Aff,37.028,37.184,0.156,28.103,27.849,-0.253
uk_1,uk,1,Northwestern AT,Georgetown AC,Aff,32.377,33.398,1.021,39.426,38.171,-1.255
uk_1,uk,1,Kansas OW,Michigan BL,Aff,35.582,35.599,0.017,19.151,19.083,-0.068
uk_1,uk,1,Iowa EW,Binghamton CK,Neg,31.063,30.458,-0.605,35.921,36.105,0.184
uk_1,uk,1,Kansas LS,Gonzaga GW,Aff,38.122,38.201,0.079,26.056,25.262,-0.795
uk_1,uk,1,Michigan State FM,Iowa BS,Aff,28.259,29.69,1.431,29.388,28.558,-0.83
uk_1,uk,1,Michigan CC,Kansas VF,Aff,30.113,30.695,0.582,25.0,21.634,-3.366
uk_1,uk,1,Dartmouth GH (Guo/Hatton),Wake Forest HN,Aff,24.866,28.116,3.25,23.499,22.986,-0.513
uk_1,uk,1,Dartmouth BG,UC Berkeley BU,Neg,25.0,21.585,-3.415,30.102,30.407,0.305
uk_1,uk,1,Emory KS,Dartmouth GH (Hant/Gonzalez Arce),Aff,31.75,31.997,0.247,25.0,22.098,-2.902
uk_1,uk,1,Missouri State NS,Dartmouth CG,Neg,25.301,25.009,-0.292,32.957,33.062,0.105
uk_1,uk,1,George Mason WW,Dartmouth MR,Aff,31.21,31.662,0.452,25.0,21.957,-3.043
uk_1,uk,1,NYU JT,Northwestern NP,Neg,21.471,20.064,-1.406,25.0,28.723,3.723
uk_1,uk,1,Michigan CS (Cho/Saudek),Georgia CK,Neg,29.467,28.002,-1.465,25.748,27.29,1.542
uk_1,uk,1,NYU MS,Northwestern AK,Aff,32.97,33.158,0.188,22.443,21.318,-1.126
uk_1,uk,1,Michigan AO,Emory AS,Aff,28.179,28.596,0.417,26.41,25.279,-1.132
uk_1,uk,1,George Mason DG,Northwestern MO,Aff,27.807,28.494,0.687,26.41,22.863,-3.547
uk_1,uk,1,Texas FL,Emory GS,Neg,28.385,27.556,-0.829,40.107,40.172,0.065
uk_1,uk,1,Wichita State GM,Baylor BK,Aff,24.349,24.778,0.429,21.609,21.047,-0.562
uk_1,uk,1,Kentucky ER,Northwestern HP,Neg,24.526,21.616,-2.909,25.0,29.382,4.382
uk_1,uk,1,Kentucky BS,Northwestern LW,Neg,25.0,20.485,-4.515,25.21,27.961,2.751
uk_1,uk,1,Wake Forest AB,UTD DD,Neg,26.682,25.331,-1.351,22.143,27.771,5.628
uk_1,uk,1,Kentucky RW,Georgetown LN,Aff,28.884,31.065,2.181,24.128,23.454,-0.675
uk_1,uk,1,Louisville NJ,UTD HH,Neg,25.0,20.795,-4.205,25.0,29.205,4.205
uk_1,uk,1,Michigan State JS,Northwestern LL,Aff,28.842,29.271,0.429,26.362,25.513,-0.849
uk_1,uk,1,Michigan State GS,UTD KU,Aff,26.576,26.877,0.301,22.143,19.393,-2.75
uk_1,uk,1,Harvard/UMass Amherst AL,Emory TT,Neg,27.374,22.768,-4.606,20.916,25.534,4.618
uk_1,uk,1,Northwestern LR,Missouri State HN,Aff,38.475,38.496,0.02,21.629,21.588,-0.04
uk_1,uk,1,James Madison KP,Western Kentucky SS (StPeter/Shockley),Neg,25.0,17.526,-7.474,19.209,20.637,1.428
uk_1,uk,1,Oklahoma DT,UC Berkeley MR,Neg,16.491,16.357,-0.134,31.393,31.43,0.037
uk_1,uk,1,Northwestern PS,Liberty KS,Aff,37.09,37.176,0.087,25.0,23.456,-1.544
uk_1,uk,1,Michigan BP,Georgetown GT,Aff,41.077,41.078,0.001,17.647,17.645,-0.002
uk_1,uk,1,Oklahoma BS,Macalester HW,Aff,23.619,27.9,4.281,25.347,24.478,-0.87
uk_1,uk,1,North Texas GV,Wyoming WW,Neg,25.0,16.703,-8.297,17.64,18.919,1.278
uk_1,uk,1,Emory RY,James Madison MO,Aff,35.65,35.753,0.103,25.251,24.158,-1.093
uk_2,uk,2,UTD DD,Kentucky RW,Neg,27.771,25.885,-1.886,31.065,32.943,1.878
uk_2,uk,2,Georgetown LN,Michigan State GS,Neg,23.454,22.612,-0.842,26.877,27.259,0.382
uk_2,uk,2,Northwestern LW,Wichita State GM,Neg,27.961,23.757,-4.204,24.778,25.375,0.597
uk_2,uk,2,CSU Long Beach OM,Louisville NJ,Aff,36.979,37.007,0.028,20.795,20.268,-0.527
uk_2,uk,2,Baylor BK,Wake Forest AB,Neg,21.047,20.642,-0.405,25.331,26.025,0.694
uk_2,uk,2,Northwestern MO,Dartmouth GH (Guo/Hatton),Neg,22.863,21.216,-1.647,28.116,29.581,1.465
uk_2,uk,2,Kansas State DR (Raines/Day),Emory GM,Neg,24.588,24.326,-0.262,33.713,33.832,0.12
uk_2,uk,2,Emory AS,Kentucky BS,Aff,25.279,25.85,0.571,20.485,17.918,-2.567
uk_2,uk,2,Northwestern AK,Michigan AO,Aff,21.318,27.15,5.832,28.596,27.887,-0.708
uk_2,uk,2,Georgia CK,Kentucky ER,Neg,27.29,26.106,-1.184,21.616,26.758,5.142
uk_2,uk,2,Northwestern NP,Michigan CS (Cho/Saudek),Neg,28.723,24.423,-4.3,28.002,28.728,0.726
uk_2,uk,2,Dartmouth CG,George Mason DG,Neg,33.062,32.525,-0.537,28.494,30.126,1.632
uk_2,uk,2,Dartmouth MR,James Madison KP,Aff,21.957,24.43,2.472,17.526,15.538,-1.988
uk_2,uk,2,Emory TT,West Georgia KK,Neg,25.534,24.449,-1.085,33.673,33.934,0.261
uk_2,uk,2,Wake Forest HN,George Mason WW,Neg,22.986,22.795,-0.19,31.662,31.959,0.297
uk_2,uk,2,Gonzaga GW,Michigan State FM,Neg,25.262,23.257,-2.005,29.69,30.257,0.567
uk_2,uk,2,Iowa BS,NYU MS,Neg,28.558,28.177,-0.381,33.158,33.595,0.437
uk_2,uk,2,Binghamton CK,Kansas OW,Aff,36.105,36.454,0.35,35.599,35.164,-0.435
uk_2,uk,2,Michigan BL,Iowa EW,Neg,19.083,18.805,-0.278,30.458,30.629,0.171
uk_2,uk,2,Georgetown AC,Kansas LS,Neg,38.171,37.591,-0.58,38.201,38.683,0.482
uk_2,uk,2,Navy CR,Northwestern AT,Neg,27.849,27.398,-0.452,33.398,33.609,0.212
uk_2,uk,2,UC Berkeley GS,Kansas FS,Neg,22.611,17.14,-5.471,18.383,20.046,1.664
uk_2,uk,2,Harvard JS,Kansas BM,Aff,22.547,27.046,4.498,23.31,22.827,-0.482
uk_2,uk,2,Wake Forest SK (Sampat/Kampine),Kansas HP,Neg,30.264,29.203,-1.06,37.184,37.413,0.228
uk_2,uk,2,Missouri State BK,UTD HK,Neg,21.669,21.417,-0.252,31.8,31.896,0.096
uk_2,uk,2,Minnesota HU,Kansas BP (Pace/Blaser),Neg,24.985,24.139,-0.847,21.5,26.638,5.139
uk_2,uk,2,Dartmouth JR,Iowa AP,Neg,21.035,20.946,-0.089,33.478,33.526,0.048
uk_2,uk,2,Harvard FK,UTD PR,Neg,8.672,8.67,-0.002,31.171,31.172,0.001
uk_2,uk,2,Kentucky GS,Liberty CL,Aff,30.088,30.541,0.453,30.661,30.107,-0.554
uk_2,uk,2,Macalester CD,Kansas JB,Neg,16.765,16.45,-0.315,26.267,27.285,1.018
uk_2,uk,2,Kansas CS,NYU JT,Neg,21.595,20.414,-1.181,20.064,22.646,2.581
uk_2,uk,2,Georgia CP,Kansas CF,Neg,20.486,20.051,-0.436,25.863,28.781,2.918
uk_2,uk,2,Wake Forest NS,Stanford LL,Neg,20.096,19.168,-0.928,30.793,30.915,0.122
uk_2,uk,2,Baylor MP,Kansas ST,Neg,14.124,13.897,-0.227,26.753,27.848,1.095
uk_2,uk,2,Wake Forest LW,Baylor DL,Neg,32.411,31.399,-1.013,30.841,31.594,0.753
uk_2,uk,2,Indiana FT,Emory LY,Neg,13.502,13.5,-0.002,36.845,36.846,0.001
uk_2,uk,2,Emory CG,Michigan ES,Neg,17.41,17.38,-0.03,34.708,34.719,0.012
uk_2,uk,2,Dartmouth BC,Kansas SS,Aff,25.206,25.608,0.402,19.4,18.013,-1.386
uk_2,uk,2,Iowa KS,Harvard DS,Neg,21.113,20.904,-0.21,29.709,29.866,0.157
uk_2,uk,2,Kansas VF,Texas FL,Neg,21.634,19.489,-2.145,27.556,29.103,1.547
uk_2,uk,2,Dartmouth GH (Hant/Gonzalez Arce),Kansas AU,Neg,22.098,20.964,-1.134,33.481,33.679,0.198
uk_2,uk,2,Emory GS,Michigan CC,Aff,40.172,40.25,0.078,30.695,30.411,-0.285
uk_2,uk,2,Kansas State DS,Michigan SS (Shah/Shih),Neg,16.852,16.84,-0.012,36.171,36.176,0.004
uk_2,uk,2,Gonzaga RW,North Texas VH,Aff,25.078,25.343,0.264,18.073,17.686,-0.387
uk_2,uk,2,Western Kentucky IP,Kansas State LW,Aff,14.105,15.856,1.752,20.795,14.252,-6.543
uk_2,uk,2,Dartmouth PT,Northwestern PS,Neg,29.205,27.292,-1.913,37.176,37.319,0.143
uk_2,uk,2,Wake Forest MP,North Texas GV,Aff,21.84,22.383,0.543,16.703,14.736,-1.967
uk_2,uk,2,James Madison MO,Kansas BP (Bauman/Persson),Neg,24.158,19.532,-4.626,15.942,20.816,4.874
uk_2,uk,2,Georgetown GT,Oklahoma BS,Aff,17.645,19.607,1.962,27.9,22.244,-5.657
uk_2,uk,2,Macalester HW,Michigan State GL,Neg,24.478,24.421,-0.057,38.677,38.704,0.027
uk_2,uk,2,Liberty KS,Oklahoma DT,Neg,23.456,16.623,-6.833,16.357,18.442,2.085
uk_2,uk,2,Western Kentucky SS (StPeter/Shockley),Harvard/UMass Amherst AL,Neg,20.637,19.737,-0.901,22.768,25.011,2.243
uk_2,uk,2,Missouri State BC,Harvard CS,Neg,18.711,17.373,-1.338,27.599,29.267,1.669
uk_2,uk,2,Georgetown KL,Northwestern LR,Neg,19.537,19.514,-0.024,38.496,38.506,0.01
uk_2,uk,2,Wyoming WW,Emory RY,Neg,18.919,18.888,-0.031,35.753,35.766,0.012
uk_2,uk,2,Wyoming CH,Kansas BW,Neg,19.1,19.031,-0.069,31.51,31.561,0.051
uk_2,uk,2,Western Kentucky KN,Emory KS,Neg,21.412,21.171,-0.241,31.997,32.114,0.118
uk_2,uk,2,Emory CS (Cannaday/Stearns),Purdue AH,Aff,24.127,25.517,1.39,18.632,17.792,-0.84
uk_2,uk,2,UC Berkeley MR,Michigan BP,Neg,31.43,31.325,-0.105,41.078,41.141,0.064
uk_2,uk,2,UC Berkeley BU,Missouri State NS,Aff,30.407,30.734,0.327,25.009,24.591,-0.418
uk_2,uk,2,UTD KU,George Mason RT,Neg,19.393,16.202,-3.191,17.726,20.475,2.75
uk_2,uk,2,Northwestern LL,Dartmouth BG,Aff,25.513,26.041,0.529,21.585,18.854,-2.731
uk_2,uk,2,UTD HH,Michigan State JS,Aff,29.205,33.551,4.346,29.271,28.863,-0.408
uk_3,uk,3,Iowa KS,Northwestern LW,Neg,20.904,20.41,-0.494,23.757,25.447,1.69
uk_3,uk,3,UTD HH,George Mason DG,Neg,33.551,29.494,-4.057,30.126,31.048,0.922
uk_3,uk,3,Emory AS,Michigan CS (Cho/Saudek),Neg,25.85,25.058,-0.791,28.728,29.329,0.601
uk_3,uk,3,Wake Forest NS,Purdue AH,Neg,19.168,15.968,-3.201,17.792,19.269,1.477
uk_3,uk,3,Michigan State JS,Harvard/UMass Amherst AL,Aff,28.863,29.17,0.307,25.011,23.486,-1.525
uk_3,uk,3,Kansas AU,Emory GS,Neg,33.679,33.315,-0.365,40.25,40.385,0.135
uk_3,uk,3,Minnesota HU,Emory TT,Neg,24.139,23.465,-0.674,24.449,26.853,2.404
uk_3,uk,3,Northwestern AT,Kentucky RW,Neg,33.609,33.199,-0.41,32.943,35.648,2.705
uk_3,uk,3,Dartmouth PT,UC Berkeley MR,Neg,27.292,24.928,-2.365,31.325,31.604,0.279
uk_3,uk,3,Emory KS,Michigan ES,Aff,32.114,33.01,0.896,34.719,34.058,-0.662
uk_3,uk,3,Michigan AO,Western Kentucky SS (StPeter/Shockley),Aff,27.887,28.027,0.14,19.737,19.37,-0.367
uk_3,uk,3,George Mason RT,Missouri State HN,Neg,20.475,18.406,-2.07,21.588,22.534,0.946
uk_3,uk,3,Dartmouth BC,Georgia CK,Aff,25.608,26.523,0.914,26.106,25.168,-0.938
uk_3,uk,3,Harvard CS,NYU MS,Neg,29.267,26.876,-2.391,33.595,33.972,0.377
uk_3,uk,3,Iowa BS,North Texas VH,Aff,28.177,28.293,0.116,17.686,17.511,-0.174
uk_3,uk,3,Stanford LL,West Georgia KK,Neg,30.915,30.529,-0.386,33.934,34.49,0.556
uk_3,uk,3,Kansas JB,Northwestern LR,Neg,27.285,26.666,-0.619,38.506,38.625,0.119
uk_3,uk,3,UTD HK,Iowa EW,Aff,31.896,32.319,0.424,30.629,29.75,-0.879
uk_3,uk,3,Baylor DL,Wichita State GM,Aff,31.594,31.832,0.237,25.375,25.155,-0.22
uk_3,uk,3,Kansas VF,Louisville NJ,Aff,19.489,22.428,2.939,20.268,16.672,-3.596
uk_3,uk,3,Dartmouth GH (Guo/Hatton),Emory RY,Neg,29.581,28.403,-1.178,35.766,35.951,0.186
uk_3,uk,3,Gonzaga RW,NYU JT,Aff,25.343,25.812,0.469,22.646,21.268,-1.377
uk_3,uk,3,Kentucky GS,UC Berkeley BU,Aff,30.541,30.946,0.404,30.734,30.029,-0.704
uk_3,uk,3,Georgia CP,Kansas SS,Neg,20.051,19.034,-1.017,18.013,20.727,2.714
uk_3,uk,3,CSU Long Beach OM,Michigan SS (Shah/Shih),Aff,37.007,37.311,0.304,36.176,35.763,-0.413
uk_3,uk,3,Harvard JS,Dartmouth MR,Neg,27.046,24.022,-3.024,24.43,28.042,3.612
uk_3,uk,3,Kansas BP (Pace/Blaser),Oklahoma BS,Aff,26.638,28.29,1.652,22.244,21.134,-1.109
uk_3,uk,3,Kansas LS,Northwestern PS,Aff,38.683,39.071,0.388,37.319,36.928,-0.391
uk_3,uk,3,UTD DD,Kansas FS,Aff,25.885,27.135,1.25,20.046,19.373,-0.673
uk_3,uk,3,Kansas BM,Georgetown GT,Aff,22.827,23.221,0.394,19.607,18.934,-0.673
uk_3,uk,3,Kansas ST,Binghamton CK,Neg,27.848,26.296,-1.552,36.454,36.552,0.098
uk_3,uk,3,Indiana FT,Liberty KS,Neg,13.5,12.802,-0.698,16.623,18.84,2.218
uk_3,uk,3,Baylor BK,Dartmouth GH (Hant/Gonzalez Arce),Aff,20.642,21.183,0.542,20.964,17.27,-3.694
uk_3,uk,3,Dartmouth BG,Wake Forest HN,Neg,18.854,16.771,-2.083,22.795,23.171,0.376
uk_3,uk,3,George Mason WW,Kansas HP,Neg,31.959,31.459,-0.5,37.413,37.692,0.279
uk_3,uk,3,Emory LY,Michigan State GS,Aff,36.846,36.932,0.086,27.259,27.146,-0.113
uk_3,uk,3,Texas FL,Wyoming CH,Aff,29.103,29.871,0.768,19.031,18.874,-0.157
uk_3,uk,3,Harvard FK,Macalester HW,Neg,8.67,8.631,-0.039,24.421,24.461,0.04
uk_3,uk,3,Kentucky ER,Emory CS (Cannaday/Stearns),Neg,26.758,24.376,-2.382,25.517,27.756,2.239
uk_3,uk,3,Baylor MP,Navy CR,Aff,13.897,17.237,3.34,27.398,24.991,-2.406
uk_3,uk,3,Missouri State BK,Kansas OW,Neg,21.417,21.325,-0.092,35.164,35.194,0.03
uk_3,uk,3,Michigan BP,Kansas CF,Aff,41.141,41.195,0.054,28.781,27.986,-0.795
uk_3,uk,3,UTD KU,Gonzaga GW,Neg,16.202,15.087,-1.115,23.257,24.378,1.121
uk_3,uk,3,James Madison KP,Kansas CS,Neg,15.538,13.759,-1.779,20.414,20.937,0.523
uk_3,uk,3,Michigan CC,Wake Forest AB,Aff,30.411,31.077,0.666,26.025,25.417,-0.608
uk_3,uk,3,Harvard DS,UTD PR,Aff,29.866,30.582,0.716,31.172,30.579,-0.594
uk_3,uk,3,Iowa AP,Emory GM,Aff,33.526,34.05,0.524,33.832,33.286,-0.546
uk_3,uk,3,Michigan State GL,Northwestern HP,Aff,38.704,38.823,0.119,29.382,27.858,-1.523
uk_3,uk,3,Western Kentucky KN,Wyoming WW,Aff,21.171,22.091,0.92,18.888,18.078,-0.81
uk_3,uk,3,Missouri State BC,Kansas State DR (Raines/Day),Neg,17.373,15.902,-1.471,24.326,24.715,0.389
uk_3,uk,3,Dartmouth CG,Wake Forest MP,Neg,32.525,31.755,-0.769,22.383,25.1,2.717
uk_3,uk,3,Wake Forest SK (Sampat/Kampine),Oklahoma DT,Neg,29.203,24.816,-4.387,18.442,21.536,3.093
uk_3,uk,3,UC Berkeley GS,Missouri State NS,Neg,17.14,15.86,-1.279,24.591,24.874,0.283
uk_3,uk,3,Michigan State FM,Kansas BW,Neg,30.257,29.348,-0.91,31.561,31.997,0.436
uk_3,uk,3,Kansas State DS,Macalester CD,Aff,16.84,17.86,1.02,16.45,15.402,-1.048
uk_3,uk,3,Northwestern AK,Kansas BP (Bauman/Persson),Aff,27.15,28.177,1.027,20.816,19.591,-1.225
uk_3,uk,3,Georgetown KL,Northwestern LL,Neg,19.514,18.941,-0.573,26.041,26.428,0.387
uk_3,uk,3,Michigan BL,Northwestern MO,Aff,18.805,20.387,1.582,21.216,18.142,-3.074
uk_3,uk,3,Western Kentucky IP,Northwestern NP,Neg,15.856,15.436,-0.421,24.423,25.499,1.076
uk_3,uk,3,Emory CG,Wake Forest LW,Neg,17.38,17.288,-0.091,31.399,31.455,0.057
uk_3,uk,3,North Texas GV,Georgetown LN,Neg,14.736,13.654,-1.082,22.612,22.993,0.381
uk_3,uk,3,James Madison MO,Liberty CL,Neg,19.532,18.929,-0.603,30.107,30.198,0.091
uk_3,uk,3,Kansas State LW,Georgetown AC,Neg,14.252,14.22,-0.032,37.591,37.596,0.005
uk_4,uk,4,Northwestern HP,Western Kentucky KN,Neg,27.858,22.578,-5.28,22.091,23.435,1.344
uk_4,uk,4,Harvard/UMass Amherst AL,UC Berkeley GS,Neg,23.486,20.516,-2.97,15.86,20.04,4.18
uk_4,uk,4,Iowa EW,Western Kentucky IP,Aff,29.75,29.817,0.067,15.436,15.337,-0.098
uk_4,uk,4,Kansas FS,Dartmouth CG,Neg,19.373,19.214,-0.159,31.755,31.789,0.033
uk_4,uk,4,Northwestern NP,Michigan State JS,Aff,25.499,29.156,3.657,29.17,28.553,-0.616
uk_4,uk,4,Northwestern LL,Michigan CC,Neg,26.428,25.94,-0.488,31.077,31.662,0.586
uk_4,uk,4,Wake Forest LW,Dartmouth BC,Aff,31.455,31.836,0.381,26.523,26.116,-0.407
uk_4,uk,4,Northwestern LW,Kansas ST,Aff,25.447,27.13,1.683,26.296,23.03,-3.266
uk_4,uk,4,Wake Forest MP,UTD DD,Aff,25.1,26.07,0.969,27.135,24.551,-2.583
uk_4,uk,4,Michigan CS (Cho/Saudek),UTD HH,Aff,29.329,30.049,0.719,29.494,27.202,-2.292
uk_4,uk,4,UC Berkeley BU,Stanford LL,Neg,30.029,29.441,-0.588,30.529,31.049,0.52
uk_4,uk,4,Georgetown AC,UTD KU,Aff,37.596,37.6,0.004,15.087,15.067,-0.021
uk_4,uk,4,Gonzaga GW,Iowa KS,Aff,24.378,25.872,1.494,20.41,20.003,-0.407
uk_4,uk,4,George Mason DG,Kansas LS,Neg,31.048,30.818,-0.23,39.071,39.189,0.118
uk_4,uk,4,Purdue AH,Wake Forest SK (Sampat/Kampine),Neg,19.269,18.589,-0.68,24.816,25.637,0.82
uk_4,uk,4,Liberty CL,Kansas VF,Aff,30.198,30.344,0.146,22.428,21.296,-1.133
uk_4,uk,4,Emory CS (Cannaday/Stearns),Northwestern AT,Neg,27.756,26.765,-0.992,33.199,33.397,0.198
uk_4,uk,4,Macalester CD,James Madison MO,Aff,15.402,16.599,1.197,18.929,15.836,-3.094
uk_4,uk,4,Wichita State GM,Michigan BL,Aff,25.155,25.424,0.269,20.387,19.655,-0.732
uk_4,uk,4,Wyoming WW,Kansas State DS,Aff,18.078,19.033,0.955,17.86,16.916,-0.943
uk_4,uk,4,Oklahoma DT,Texas FL,Neg,21.536,21.111,-0.424,29.871,30.759,0.888
uk_4,uk,4,Kansas BW,Kentucky GS,Neg,31.997,31.41,-0.587,30.946,31.381,0.435
uk_4,uk,4,Kansas State DR (Raines/Day),Dartmouth JR,Neg,24.715,23.293,-1.422,20.946,22.172,1.226
uk_4,uk,4,Missouri State NS,Kentucky ER,Aff,24.874,25.542,0.668,24.376,22.486,-1.89
uk_4,uk,4,Wake Forest AB,Kansas State LW,Aff,25.417,25.614,0.197,14.22,13.529,-0.691
uk_4,uk,4,Kansas CS,Emory CG,Aff,20.937,21.559,0.622,17.288,16.566,-0.723
uk_4,uk,4,Emory GM,Michigan AO,Aff,33.286,33.514,0.227,28.027,27.798,-0.229
uk_4,uk,4,Navy CR,Wake Forest NS,Aff,24.991,25.201,0.209,15.968,15.242,-0.726
uk_4,uk,4,UC Berkeley MR,Harvard CS,Aff,31.604,31.861,0.257,26.876,25.122,-1.754
uk_4,uk,4,Wyoming CH,George Mason RT,Neg,18.874,18.237,-0.636,18.406,20.478,2.072
uk_4,uk,4,Michigan State GS,Kansas BP (Pace/Blaser),Aff,27.146,27.69,0.544,28.29,25.624,-2.666
uk_4,uk,4,Binghamton CK,Emory KS,Neg,36.552,36.041,-0.511,33.01,33.93,0.92
uk_4,uk,4,Liberty KS,Missouri State BK,Aff,18.84,21.866,3.025,21.325,20.082,-1.244
uk_4,uk,4,Dartmouth GH (Hant/Gonzalez Arce),Missouri State BC,Aff,17.27,19.321,2.051,15.902,13.803,-2.099
uk_4,uk,4,Georgetown GT,North Texas GV,Aff,18.934,19.363,0.429,13.654,12.342,-1.313
uk_4,uk,4,Wake Forest HN,Iowa BS,Aff,23.171,24.316,1.145,28.293,27.187,-1.106
uk_4,uk,4,Kansas HP,Emory LY,Aff,37.692,38.239,0.547,36.932,36.524,-0.408
uk_4,uk,4,NYU JT,James Madison KP,Aff,21.268,21.853,0.585,13.759,12.755,-1.003
uk_4,uk,4,Emory RY,Michigan BP,Neg,35.951,35.737,-0.214,41.195,41.355,0.16
uk_4,uk,4,Louisville NJ,Dartmouth BG,Aff,16.672,19.534,2.862,16.771,14.646,-2.125
uk_4,uk,4,Northwestern PS,Michigan State FM,Aff,36.928,37.059,0.131,29.348,29.048,-0.299
uk_4,uk,4,Oklahoma BS,Minnesota HU,Neg,21.134,19.756,-1.378,23.465,24.001,0.536
uk_4,uk,4,Michigan SS (Shah/Shih),Kansas BM,Aff,35.763,35.798,0.035,23.221,23.172,-0.05
uk_4,uk,4,Kansas SS,Dartmouth PT,Aff,20.727,22.891,2.164,24.928,21.332,-3.596
uk_4,uk,4,NYU MS,Harvard DS,Neg,33.972,32.906,-1.066,30.582,31.381,0.798
uk_4,uk,4,North Texas VH,Georgia CP,Neg,17.511,16.726,-0.785,19.034,19.766,0.731
uk_4,uk,4,Missouri State HN,Kansas AU,Neg,22.534,22.339,-0.195,33.315,33.465,0.15
uk_4,uk,4,Northwestern LR,CSU Long Beach OM,Aff,38.625,39.19,0.565,37.311,37.041,-0.27
uk_4,uk,4,West Georgia KK,Iowa AP,Neg,34.49,33.679,-0.811,34.05,34.539,0.489
uk_4,uk,4,Kentucky RW,Baylor DL,Neg,35.648,32.84,-2.808,31.832,32.554,0.722
uk_4,uk,4,Emory GS,Michigan State GL,Aff,40.385,40.687,0.302,38.823,38.439,-0.385
uk_4,uk,4,Emory TT,Kansas JB,Aff,26.853,28.558,1.705,26.666,24.397,-2.269
uk_4,uk,4,Western Kentucky SS (StPeter/Shockley),Harvard JS,Neg,19.37,18.78,-0.59,24.022,25.475,1.454
uk_4,uk,4,Michigan ES,Dartmouth GH (Guo/Hatton),Aff,34.058,34.258,0.2,28.403,27.341,-1.061
uk_4,uk,4,Kansas OW,UTD HK,Aff,35.194,35.485,0.291,32.319,31.983,-0.337
uk_4,uk,4,Northwestern MO,Indiana FT,Aff,18.142,19.236,1.093,12.802,12.283,-0.52
uk_4,uk,4,UTD PR,Gonzaga RW,Aff,30.579,30.821,0.242,25.812,25.461,-0.351
uk_4,uk,4,Macalester HW,Georgetown KL,Aff,24.461,24.883,0.423,18.941,18.33,-0.611
uk_4,uk,4,Dartmouth MR,Northwestern AK,Neg,28.042,25.563,-2.479,28.177,29.892,1.715
uk_4,uk,4,Georgia CK,Baylor BK,Aff,25.168,25.651,0.484,21.183,20.797,-0.387
uk_4,uk,4,Kansas CF,George Mason WW,Neg,27.986,25.658,-2.327,31.459,32.001,0.542
uk_4,uk,4,Georgetown LN,Baylor MP,Aff,22.993,23.488,0.495,17.237,16.779,-0.458
uk_4,uk,4,Kansas BP (Bauman/Persson),Emory AS,Neg,19.591,18.39,-1.201,25.058,25.534,0.476
uk_5,uk,5,Dartmouth BG,James Madison KP,Aff,14.646,16.255,1.61,12.755,11.092,-1.663
uk_5,uk,5,Michigan State JS,Missouri State HN,Aff,28.553,28.757,0.204,22.339,21.886,-0.453
uk_5,uk,5,Kansas HP,Kentucky GS,Aff,38.239,38.429,0.19,31.381,31.259,-0.123
uk_5,uk,5,George Mason WW,Emory GM,Aff,32.001,33.113,1.111,33.514,32.974,-0.539
uk_5,uk,5,Wichita State GM,Michigan ES,Neg,25.424,25.307,-0.116,34.258,34.359,0.102
uk_5,uk,5,Wake Forest LW,Kentucky RW,Neg,31.836,31.25,-0.587,32.84,34.222,1.382
uk_5,uk,5,Northwestern AT,Michigan SS (Shah/Shih),Neg,33.397,33.075,-0.322,35.798,36.108,0.31
uk_5,uk,5,UC Berkeley MR,Kansas OW,Neg,31.861,31.538,-0.322,35.485,35.734,0.248
uk_5,uk,5,Wyoming CH,Purdue AH,Aff,18.237,18.87,0.633,18.589,17.226,-1.363
uk_5,uk,5,Iowa KS,Macalester CD,Aff,20.003,20.45,0.448,16.599,16.001,-0.599
uk_5,uk,5,Northwestern NP,Binghamton CK,Aff,29.156,32.844,3.688,36.041,35.513,-0.527
uk_5,uk,5,Harvard JS,Kansas JB,Neg,25.475,23.383,-2.092,24.397,26.47,2.073
uk_5,uk,5,Kansas BP (Bauman/Persson),Iowa BS,Aff,18.39,22.514,4.125,27.187,26.094,-1.093
uk_5,uk,5,Baylor BK,Western Kentucky SS (StPeter/Shockley),Aff,20.797,21.271,0.475,18.78,17.934,-0.846
uk_5,uk,5,Kansas State DS,Michigan BL,Neg,16.916,16.299,-0.618,19.655,20.514,0.859
uk_5,uk,5,UTD HK,NYU JT,Neg,31.983,30.993,-0.99,21.853,25.372,3.519
uk_5,uk,5,Emory GS,Northwestern LR,Aff,40.687,40.977,0.29,39.19,38.679,-0.511
uk_5,uk,5,Missouri State BC,UTD KU,Neg,13.803,11.995,-1.808,15.067,16.898,1.831
uk_5,uk,5,Kansas VF,Georgia CP,Neg,21.296,18.479,-2.817,19.766,20.568,0.802
uk_5,uk,5,Wake Forest MP,Emory LY,Aff,26.07,28.225,2.155,36.524,35.492,-1.031
uk_5,uk,5,UTD DD,Harvard CS,Aff,24.551,26.149,1.598,25.122,22.789,-2.333
uk_5,uk,5,Baylor DL,Michigan BP,Neg,32.554,32.432,-0.122,41.355,41.429,0.074
uk_5,uk,5,Wake Forest SK (Sampat/Kampine),Dartmouth MR,Neg,25.637,24.302,-1.334,25.563,27.7,2.136
uk_5,uk,5,Kansas FS,Baylor MP,Aff,19.214,20.19,0.975,16.779,16.104,-0.675
uk_5,uk,5,Northwestern LL,Dartmouth CG,Neg,25.94,25.564,-0.376,31.789,31.92,0.131
uk_5,uk,5,Emory AS,Wake Forest AB,Aff,25.534,26.49,0.955,25.614,24.652,-0.962
uk_5,uk,5,Liberty KS,Dartmouth JR,Neg,21.866,19.963,-1.903,22.172,22.84,0.668
uk_5,uk,5,Michigan CS (Cho/Saudek),NYU MS,Aff,30.049,31.093,1.045,32.906,32.01,-0.896
uk_5,uk,5,Emory CS (Cannaday/Stearns),Minnesota HU,Aff,26.765,27.986,1.221,24.001,23.52,-0.481
uk_5,uk,5,Emory TT,George Mason DG,Aff,28.558,30.714,2.156,30.818,29.946,-0.872
uk_5,uk,5,Western Kentucky IP,Kentucky ER,Neg,15.337,14.871,-0.466,22.486,23.127,0.641
uk_5,uk,5,Kansas LS,Harvard DS,Aff,39.189,39.307,0.118,31.381,31.233,-0.148
uk_5,uk,5,Stanford LL,Michigan State GL,Neg,31.049,30.889,-0.16,38.439,38.573,0.134
uk_5,uk,5,Macalester HW,Kansas BM,Neg,24.883,23.834,-1.05,23.172,23.852,0.681
uk_5,uk,5,Gonzaga RW,Wake Forest HN,Neg,25.461,24.728,-0.733,24.316,25.028,0.712
uk_5,uk,5,Liberty CL,Kansas BP (Pace/Blaser),Aff,30.344,30.57,0.226,25.624,24.565,-1.059
uk_5,uk,5,Emory CG,Navy CR,Neg,16.566,16.282,-0.284,25.201,25.401,0.201
uk_5,uk,5,Michigan State FM,George Mason RT,Aff,29.048,29.295,0.247,20.478,19.994,-0.484
uk_5,uk,5,Northwestern HP,Oklahoma DT,Aff,22.578,24.648,2.07,21.111,20.175,-0.936
uk_5,uk,5,Iowa AP,Emory KS,Aff,34.539,34.956,0.417,33.93,33.403,-0.527
uk_5,uk,5,Indiana FT,James Madison MO,Neg,12.283,11.664,-0.618,15.836,17.021,1.186
uk_5,uk,5,UC Berkeley GS,Harvard FK,Aff,20.04,20.418,0.378,8.631,8.48,-0.151
uk_5,uk,5,Northwestern AK,UTD PR,Aff,29.892,31.882,1.99,30.821,30.369,-0.452
uk_5,uk,5,Georgia CK,Michigan AO,Neg,25.651,25.058,-0.593,27.798,28.153,0.355
uk_5,uk,5,Georgetown AC,Wyoming WW,Aff,37.6,37.607,0.007,19.033,19.021,-0.012
uk_5,uk,5,Georgetown KL,Louisville NJ,Aff,18.33,19.429,1.099,19.534,16.734,-2.799
uk_5,uk,5,Northwestern PS,Michigan State GS,Neg,37.059,36.048,-1.011,27.69,29.015,1.326
uk_5,uk,5,Dartmouth PT,Northwestern MO,Aff,21.332,22.958,1.626,19.236,17.913,-1.323
uk_5,uk,5,West Georgia KK,Kansas AU,Neg,33.679,32.986,-0.694,33.465,34.344,0.879
uk_5,uk,5,Kansas BW,Texas FL,Neg,31.41,30.98,-0.43,30.759,33.183,2.424
uk_5,uk,5,Kansas CS,Missouri State NS,Neg,21.559,21.005,-0.555,25.542,25.976,0.434
uk_5,uk,5,Northwestern LW,Michigan CC,Aff,27.13,29.637,2.507,31.662,30.285,-1.378
uk_5,uk,5,North Texas GV,Wake Forest NS,Aff,12.342,14.724,2.382,15.242,12.795,-2.447
uk_5,uk,5,UC Berkeley BU,Kansas ST,Neg,29.441,28.63,-0.811,23.03,27.463,4.434
uk_5,uk,5,Oklahoma BS,Kansas State DR (Raines/Day),Neg,19.756,18.758,-0.998,23.293,23.826,0.533
uk_5,uk,5,UTD HH,Georgetown LN,Aff,27.202,28.376,1.174,23.488,22.891,-0.597
uk_5,uk,5,CSU Long Beach OM,Kansas SS,Neg,37.041,36.22,-0.821,22.891,27.677,4.785
uk_5,uk,5,Iowa EW,Georgetown GT,Neg,29.817,27.709,-2.107,19.363,21.421,2.058
uk_5,uk,5,Dartmouth GH (Hant/Gonzalez Arce),Harvard/UMass Amherst AL,Neg,19.321,17.447,-1.874,20.516,21.802,1.287
uk_5,uk,5,Kansas CF,Dartmouth GH (Guo/Hatton),Neg,25.658,23.557,-2.101,27.341,28.671,1.33
uk_5,uk,5,Emory RY,Western Kentucky KN,Aff,35.737,35.782,0.045,23.435,23.325,-0.11
uk_5,uk,5,North Texas VH,Missouri State BK,Neg,16.726,16.17,-0.556,20.082,20.773,0.691
uk_5,uk,5,Dartmouth BC,Gonzaga GW,Aff,26.116,26.766,0.65,25.872,23.963,-1.909
uk_6,uk,6,Kentucky GS,Northwestern AK,Aff,31.259,31.606,0.348,31.882,30.273,-1.609
uk_6,uk,6,James Madison MO,Dartmouth BG,Aff,17.021,18.355,1.333,16.255,14.642,-1.613
uk_6,uk,6,George Mason RT,Wake Forest SK (Sampat/Kampine),Neg,19.994,19.137,-0.857,24.302,25.061,0.758
uk_6,uk,6,Wyoming WW,Liberty KS,Neg,19.021,18.273,-0.748,19.963,21.417,1.455
uk_6,uk,6,Kentucky ER,Kansas CS,Neg,23.127,21.278,-1.849,21.005,21.994,0.989
uk_6,uk,6,Michigan ES,Northwestern LW,Aff,34.359,34.582,0.222,29.637,28.865,-0.772
uk_6,uk,6,Dartmouth GH (Guo/Hatton),Northwestern AT,Neg,28.671,27.721,-0.95,33.075,33.29,0.216
uk_6,uk,6,James Madison KP,Indiana FT,Neg,11.092,9.328,-1.764,11.664,12.468,0.803
uk_6,uk,6,Kansas SS,Emory AS,Aff,27.677,28.732,1.055,26.49,25.759,-0.731
uk_6,uk,6,Georgetown GT,Stanford LL,Neg,21.421,21.262,-0.159,30.889,30.989,0.101
uk_6,uk,6,Northwestern LR,Emory TT,Aff,38.679,38.844,0.165,30.714,30.254,-0.46
uk_6,uk,6,Oklahoma DT,Iowa KS,Neg,20.175,19.05,-1.125,20.45,21.067,0.617
uk_6,uk,6,Northwestern MO,Dartmouth GH (Hant/Gonzalez Arce),Neg,17.913,16.386,-1.526,17.447,19.294,1.847
uk_6,uk,6,George Mason DG,Michigan State FM,Neg,29.946,29.189,-0.757,29.295,30.211,0.915
uk_6,uk,6,Kansas ST,CSU Long Beach OM,Neg,27.463,26.905,-0.558,36.22,36.294,0.074
uk_6,uk,6,Gonzaga GW,UTD HK,Neg,23.963,23.332,-0.631,30.993,31.143,0.15
uk_6,uk,6,Western Kentucky SS (StPeter/Shockley),Kansas State DS,Aff,17.934,18.72,0.786,16.299,15.63,-0.668
uk_6,uk,6,Western Kentucky KN,UTD DD,Neg,23.325,22.657,-0.668,26.149,27.225,1.076
uk_6,uk,6,Iowa BS,Missouri State BC,Aff,26.094,26.141,0.047,11.995,11.808,-0.187
uk_6,uk,6,Wake Forest AB,UC Berkeley GS,Aff,24.652,25.133,0.482,20.418,19.28,-1.138
uk_6,uk,6,Emory KS,Michigan CS (Cho/Saudek),Neg,33.403,32.732,-0.67,31.093,32.008,0.915
uk_6,uk,6,NYU JT,Wichita State GM,Neg,25.372,24.152,-1.22,25.307,25.788,0.481
uk_6,uk,6,Kansas BM,UTD HH,Aff,23.852,24.604,0.751,28.376,25.884,-2.492
uk_6,uk,6,Louisville NJ,Oklahoma BS,Neg,16.734,15.15,-1.585,18.758,19.74,0.983
uk_6,uk,6,Dartmouth JR,Wake Forest LW,Neg,22.84,22.647,-0.192,31.25,31.425,0.175
uk_6,uk,6,Emory GM,Michigan State JS,Aff,32.974,33.221,0.247,28.757,28.478,-0.279
uk_6,uk,6,Purdue AH,Gonzaga RW,Neg,17.226,16.846,-0.38,24.728,24.916,0.188
uk_6,uk,6,Dartmouth MR,Kansas BW,Aff,27.7,30.313,2.613,30.98,30.429,-0.551
uk_6,uk,6,Navy CR,Kansas CF,Neg,25.401,24.638,-0.763,23.557,26.18,2.623
uk_6,uk,6,Harvard/UMass Amherst AL,Dartmouth PT,Aff,21.802,23.276,1.474,22.958,20.999,-1.959
uk_6,uk,6,Georgia CP,UC Berkeley BU,Neg,20.568,20.35,-0.218,28.63,28.78,0.151
uk_6,uk,6,Michigan CC,Dartmouth BC,Neg,30.285,28.995,-1.289,26.766,27.759,0.993
uk_6,uk,6,Michigan SS (Shah/Shih),Baylor DL,Aff,36.108,36.351,0.243,32.432,32.108,-0.324
uk_6,uk,6,Texas FL,George Mason WW,Aff,33.183,34.93,1.747,33.113,32.378,-0.734
uk_6,uk,6,Kansas AU,Iowa AP,Neg,34.344,33.602,-0.742,34.956,35.343,0.388
uk_6,uk,6,Binghamton CK,Baylor BK,Aff,35.513,35.528,0.015,21.271,21.243,-0.029
uk_6,uk,6,NYU MS,Liberty CL,Aff,32.01,32.533,0.523,30.57,30.198,-0.372
uk_6,uk,6,Michigan BP,Kansas LS,Neg,41.429,40.994,-0.435,39.307,39.852,0.545
uk_6,uk,6,Kentucky RW,Emory RY,Aff,34.222,35.83,1.608,35.782,35.299,-0.483
uk_6,uk,6,Michigan AO,Northwestern PS,Neg,28.153,28.029,-0.124,36.048,36.156,0.108
uk_6,uk,6,Missouri State BK,Georgia CK,Neg,20.773,20.22,-0.553,25.058,25.449,0.391
uk_6,uk,6,Harvard DS,Northwestern NP,Neg,31.233,30.846,-0.387,32.844,34.114,1.27
uk_6,uk,6,Michigan State GS,Kansas HP,Neg,29.015,28.916,-0.099,38.429,38.534,0.105
uk_6,uk,6,Kansas OW,Emory GS,Neg,35.734,35.552,-0.182,40.977,41.133,0.156
uk_6,uk,6,Kansas State DR (Raines/Day),Harvard JS,Neg,23.826,23.051,-0.774,23.383,25.236,1.853
uk_6,uk,6,Dartmouth CG,Northwestern HP,Aff,31.92,32.022,0.102,24.648,23.85,-0.799
uk_6,uk,6,Michigan State GL,Wake Forest MP,Aff,38.573,38.64,0.067,28.225,28.103,-0.121
uk_6,uk,6,Macalester CD,Western Kentucky IP,Neg,16.001,15.081,-0.92,14.871,16.178,1.307
uk_6,uk,6,Missouri State HN,Macalester HW,Neg,21.886,21.1,-0.786,23.834,24.428,0.594
uk_6,uk,6,Kansas BP (Pace/Blaser),Wyoming CH,Neg,24.565,21.822,-2.743,18.87,19.8,0.93
uk_6,uk,6,Georgetown LN,Kansas FS,Neg,22.891,21.709,-1.182,20.19,21.702,1.512
uk_6,uk,6,Harvard CS,Iowa EW,Neg,22.789,21.7,-1.088,27.709,28.094,0.385
uk_6,uk,6,UTD KU,Kansas VF,Neg,16.898,15.361,-1.536,18.479,19.98,1.501
uk_6,uk,6,Wake Forest HN,UC Berkeley MR,Neg,25.028,24.812,-0.216,31.538,31.723,0.184
uk_6,uk,6,Emory LY,Kansas BP (Bauman/Persson),Aff,35.492,35.53,0.038,22.514,22.353,-0.162
uk_6,uk,6,Kansas State LW,Emory CG,Aff,13.529,16.848,3.319,16.282,15.215,-1.067
uk_6,uk,6,Missouri State NS,Georgetown AC,Neg,25.976,25.893,-0.083,37.607,37.669,0.062
uk_6,uk,6,Kansas JB,West Georgia KK,Aff,26.47,29.64,3.17,32.986,31.968,-1.017
uk_6,uk,6,Harvard FK,North Texas GV,Neg,8.48,8.122,-0.359,14.724,15.503,0.778
uk_6,uk,6,Michigan BL,Georgetown KL,Neg,20.514,19.332,-1.181,19.429,20.58,1.152
uk_6,uk,6,Minnesota HU,Northwestern LL,Aff,23.52,24.369,0.849,25.564,24.557,-1.006
uk_6,uk,6,UTD PR,Emory CS (Cannaday/Stearns),Aff,30.369,30.673,0.305,27.986,26.866,-1.12
uk_dubs,uk,dubs,Michigan State GL,Dartmouth CG,Aff,38.64,38.789,0.149,32.022,31.914,-0.108
uk_dubs,uk,dubs,Northwestern PS,Michigan BP,Neg,36.156,35.962,-0.194,40.994,41.151,0.158
uk_dubs,uk,dubs,Emory LY,Kentucky GS,Neg,35.53,34.903,-0.627,31.606,32.145,0.539
uk_dubs,uk,dubs,Northwestern LR,Baylor DL,Aff,38.844,39.038,0.195,32.108,31.93,-0.178
uk_dubs,uk,dubs,UTD PR,Michigan SS (Shah/Shih),Neg,30.673,30.491,-0.182,36.351,36.516,0.166
uk_dubs,uk,dubs,George Mason WW,Kentucky RW,Neg,32.378,31.903,-0.475,35.83,36.563,0.734
uk_dubs,uk,dubs,Kansas SS,Michigan ES,Neg,28.732,28.244,-0.488,34.582,34.762,0.18
uk_dubs,uk,dubs,Stanford LL,Northwestern NP,Aff,30.989,31.622,0.633,34.114,32.295,-1.819
uk_dubs,uk,dubs,Kansas OW,Texas FL,Aff,35.552,35.876,0.325,34.93,33.5,-1.43
uk_dubs,uk,dubs,Michigan CS (Cho/Saudek),Georgetown AC,Neg,32.008,31.726,-0.282,37.669,37.898,0.229
uk_dubs,uk,dubs,Harvard DS,CSU Long Beach OM,Neg,30.846,30.627,-0.219,36.294,36.424,0.13
uk_dubs,uk,dubs,NYU MS,Emory RY,Neg,32.533,32.127,-0.406,35.299,35.59,0.291
uk_dubs,uk,dubs,Binghamton CK,Emory GS,Neg,35.528,35.391,-0.137,41.133,41.274,0.142
uk_dubs,uk,dubs,Kansas LS,Michigan State GS,Aff,39.852,39.902,0.05,28.916,28.852,-0.064
uk_dubs,uk,dubs,Emory KS,Kansas HP,Aff,32.732,33.622,0.89,38.534,37.587,-0.948
uk_dubs,uk,dubs,Iowa AP,UC Berkeley MR,Aff,35.343,35.591,0.247,31.723,31.426,-0.297
uk_octas,uk,octas,CSU Long Beach OM,Kansas LS,Neg,36.424,36.244,-0.18,39.902,40.146,0.243
uk_octas,uk,octas,Georgetown AC,Emory KS,Aff,37.898,38.179,0.281,33.622,33.371,-0.251
uk_octas,uk,octas,Iowa AP,Kansas OW,Aff,35.591,36.007,0.416,35.876,35.486,-0.391
uk_octas,uk,octas,Michigan State GL,Stanford LL,Aff,38.789,38.919,0.13,31.622,31.473,-0.149
uk_octas,uk,octas,Northwestern LR,Michigan SS (Shah/Shih),Aff,39.038,39.425,0.386,36.516,36.245,-0.271
uk_quarters,uk,quarters,Northwestern LR,Emory GS,Neg,39.425,39.02,-0.405,41.274,41.529,0.255
uk_quarters,uk,quarters,Kansas LS,Kentucky GS,Aff,40.146,40.243,0.097,32.145,32.06,-0.085
uk_quarters,uk,quarters,Georgetown AC,Michigan BP,Neg,38.179,37.846,-0.332,41.151,41.36,0.209
uk_quarters,uk,quarters,Iowa AP,Michigan State GL,Neg,36.007,35.752,-0.255,38.919,39.192,0.273
uk_semis,uk,semis,Michigan State GL,Emory GS,Neg,39.192,38.904,-0.287,41.529,41.761,0.232
uk_semis,uk,semis,Kansas LS,Michigan BP,Neg,40.243,39.916,-0.326,41.36,41.628,0.268
uk_finals,uk,finals,Michigan BP,Emory GS,Neg,41.628,41.331,-0.297,41.761,42.069,0.307
gonzaga_1,gonzaga,1,Michigan State GL,Southern California DT,Aff,38.904,38.956,0.052,25.0,23.807,-1.193
gonzaga_1,gonzaga,1,Emory CG,Iowa EW,Neg,15.215,15.127,-0.088,28.094,28.164,0.07
gonzaga_1,gonzaga,1,Wichita State GM,Emory LY,Neg,25.788,25.689,-0.099,34.903,34.979,0.076
gonzaga_1,gonzaga,1,Michigan State JS,Trinity CK,Aff,28.478,28.707,0.229,25.0,21.007,-3.993
gonzaga_1,gonzaga,1,Iowa AP,Emory ST,Aff,35.752,35.763,0.011,18.239,18.167,-0.072
gonzaga_1,gonzaga,1,Dartmouth JR,Wake Forest HN,Neg,22.647,22.107,-0.54,24.812,25.232,0.42
gonzaga_1,gonzaga,1,Emory CR,Kansas HP,Neg,26.668,25.675,-0.993,37.587,37.682,0.096
gonzaga_1,gonzaga,1,Liberty CL,Purdue HH,Aff,30.198,30.297,0.099,20.272,18.983,-1.288
gonzaga_1,gonzaga,1,Emory RY,Dartmouth GH (Guo/Hatton),Aff,35.59,35.707,0.117,27.721,27.261,-0.46
gonzaga_1,gonzaga,1,Navy CR,Michigan State GS,Neg,24.638,24.243,-0.394,28.852,29.121,0.269
gonzaga_1,gonzaga,1,Emory CS (Cross/Stumpff),Stanford LY,Aff,25.0,30.668,5.668,28.425,25.0,-3.425
gonzaga_1,gonzaga,1,Texas GS,Michigan State FM,Neg,26.547,23.876,-2.671,30.211,30.618,0.407
gonzaga_1,gonzaga,1,Michigan AO,CSU Long Beach OM,Neg,28.029,27.919,-0.111,36.244,36.313,0.069
gonzaga_1,gonzaga,1,Kansas SS,Emory KW,Aff,28.244,28.757,0.513,25.0,20.987,-4.013
gonzaga_1,gonzaga,1,Baylor DL,Southern California MT,Aff,31.93,32.09,0.16,24.78,24.518,-0.262
gonzaga_1,gonzaga,1,CSU Long Beach SS,Michigan CS (Cho/Saudek),Neg,25.0,22.088,-2.912,31.726,31.942,0.216
gonzaga_1,gonzaga,1,Wyoming CH,Northwestern AT,Neg,19.8,19.765,-0.035,33.29,33.315,0.025
gonzaga_1,gonzaga,1,Kansas BW,Southern California HV,Aff,30.429,30.602,0.173,25.0,21.672,-3.328
gonzaga_1,gonzaga,1,UTD PR,Wake Forest DE,Aff,30.491,30.65,0.159,24.256,23.98,-0.276
gonzaga_1,gonzaga,1,Michigan HM,Harvard AB,Aff,19.976,23.866,3.889,29.117,28.027,-1.09
gonzaga_1,gonzaga,1,Kansas BM,Michigan BP,Neg,24.604,24.595,-0.009,41.331,41.336,0.005
gonzaga_1,gonzaga,1,Gonzaga RW,Iowa KS,Neg,24.916,24.052,-0.864,21.067,22.012,0.945
gonzaga_1,gonzaga,1,Michigan ES,Northwestern LW,Aff,34.762,34.935,0.173,28.865,28.298,-0.566
gonzaga_1,gonzaga,1,UC Berkeley GS,Texas FL,Neg,19.28,19.122,-0.158,33.5,33.618,0.118
gonzaga_1,gonzaga,1,Minnesota HU,Kansas OW,Neg,24.369,24.287,-0.081,35.486,35.529,0.044
gonzaga_1,gonzaga,1,Michigan CC,Georgetown LN,Aff,28.995,29.265,0.27,21.709,21.422,-0.287
gonzaga_1,gonzaga,1,Kentucky GS,Northwestern LL,Aff,32.06,32.155,0.095,24.557,24.33,-0.228
gonzaga_1,gonzaga,1,Harvard/Amherst SL,Wake Forest LW,Neg,25.0,21.998,-3.002,31.425,31.663,0.238
gonzaga_1,gonzaga,1,UTD HH,Dartmouth CG,Neg,25.884,25.304,-0.58,31.914,32.034,0.121
gonzaga_1,gonzaga,1,Northwestern NP,Michigan AM,Aff,32.295,32.456,0.161,20.484,20.288,-0.196
gonzaga_1,gonzaga,1,Kentucky RW,Northwestern AH,Aff,36.563,36.689,0.126,23.95,23.766,-0.184
gonzaga_1,gonzaga,1,Wyoming WW,Dartmouth BC,Aff,18.273,20.204,1.931,27.759,26.293,-1.466
gonzaga_1,gonzaga,1,Trinity KP,Michigan SS (Shah/Shih),Neg,24.373,24.302,-0.071,36.245,36.282,0.037
gonzaga_1,gonzaga,1,Kansas AU,Northwestern LO,Aff,33.602,33.811,0.209,25.0,22.623,-2.377
gonzaga_1,gonzaga,1,Georgetown AC,Georgia CK,Aff,37.846,37.888,0.042,25.449,25.387,-0.062
gonzaga_1,gonzaga,1,Northwestern HP,Southern California BR,Neg,23.85,23.028,-0.822,30.06,30.281,0.22
gonzaga_1,gonzaga,1,UTD DD,Kansas LS,Neg,27.225,27.082,-0.143,39.916,39.95,0.034
gonzaga_1,gonzaga,1,UC Berkeley MR,Arizona State SS,Aff,31.426,31.466,0.04,18.767,18.693,-0.074
gonzaga_1,gonzaga,1,Binghamton CK,Wake Forest AB,Aff,35.391,35.441,0.05,25.133,24.992,-0.141
gonzaga_1,gonzaga,1,Georgetown TP,UC Berkeley BU,Neg,25.0,21.12,-3.88,28.78,29.029,0.249
gonzaga_1,gonzaga,1,Southern California BM,Northwestern LR,Neg,24.569,24.504,-0.065,39.02,39.047,0.027
gonzaga_2,gonzaga,2,Iowa EW,Michigan State GL,Neg,28.164,28.058,-0.106,38.956,39.007,0.051
gonzaga_2,gonzaga,2,Southern California DT,Emory CG,Aff,23.807,25.749,1.942,15.127,14.859,-0.268
gonzaga_2,gonzaga,2,Trinity CK,Wichita State GM,Neg,21.007,18.551,-2.456,25.689,25.904,0.215
gonzaga_2,gonzaga,2,Emory LY,Michigan State JS,Aff,34.979,35.119,0.14,28.707,28.527,-0.18
gonzaga_2,gonzaga,2,Wake Forest HN,Iowa AP,Neg,25.232,25.155,-0.077,35.763,35.814,0.051
gonzaga_2,gonzaga,2,Emory ST,Dartmouth JR,Neg,18.167,16.91,-1.257,22.107,22.471,0.364
gonzaga_2,gonzaga,2,Purdue HH,Emory CR,Neg,18.983,17.414,-1.569,25.675,27.153,1.479
gonzaga_2,gonzaga,2,Kansas HP,Liberty CL,Aff,37.682,37.828,0.146,30.297,30.169,-0.128
gonzaga_2,gonzaga,2,Michigan State GS,Emory RY,Aff,29.121,30.044,0.922,35.707,34.932,-0.775
gonzaga_2,gonzaga,2,Dartmouth GH (Guo/Hatton),Navy CR,Neg,27.261,25.474,-1.787,24.243,25.076,0.833
gonzaga_2,gonzaga,2,Stanford LY,George Mason WW,Aff,25.0,30.326,5.326,31.903,30.931,-0.973
gonzaga_2,gonzaga,2,Michigan State FM,Emory GS,Neg,30.618,30.528,-0.089,42.069,42.102,0.033
gonzaga_2,gonzaga,2,Iowa BS,Texas GS,Aff,26.141,26.496,0.356,23.876,21.496,-2.38
gonzaga_2,gonzaga,2,Emory KW,Michigan AO,Neg,20.987,19.073,-1.914,27.919,28.069,0.151
gonzaga_2,gonzaga,2,CSU Long Beach OM,Kansas SS,Neg,36.313,35.77,-0.543,28.757,30.802,2.045
gonzaga_2,gonzaga,2,Michigan CS (Cho/Saudek),Baylor DL,Neg,31.942,31.344,-0.598,32.09,32.557,0.467
gonzaga_2,gonzaga,2,Southern California MT,CSU Long Beach SS,Aff,24.518,24.946,0.428,22.088,18.796,-3.292
gonzaga_2,gonzaga,2,Southern California HV,Wyoming CH,Neg,21.672,16.974,-4.698,19.765,20.24,0.475
gonzaga_2,gonzaga,2,Northwestern AT,Kansas BW,Aff,33.315,33.599,0.284,30.602,30.299,-0.303
gonzaga_2,gonzaga,2,Harvard AB,UTD PR,Aff,28.027,28.766,0.74,30.65,30.107,-0.544
gonzaga_2,gonzaga,2,Wake Forest DE,Michigan HM,Aff,23.98,24.585,0.605,23.866,22.467,-1.398
gonzaga_2,gonzaga,2,Iowa KS,Kansas BM,Neg,22.012,21.598,-0.414,24.595,24.957,0.362
gonzaga_2,gonzaga,2,Michigan BP,Gonzaga RW,Aff,41.336,41.34,0.004,24.052,24.044,-0.008
gonzaga_2,gonzaga,2,Texas FL,Michigan ES,Neg,33.618,32.527,-1.091,34.935,35.264,0.328
gonzaga_2,gonzaga,2,Northwestern LW,UC Berkeley GS,Neg,28.298,26.076,-2.223,19.122,22.346,3.224
gonzaga_2,gonzaga,2,Georgetown LN,Minnesota HU,Neg,21.422,20.859,-0.562,24.287,24.712,0.424
gonzaga_2,gonzaga,2,Kansas OW,Michigan CC,Neg,35.529,34.892,-0.637,29.265,30.732,1.467
gonzaga_2,gonzaga,2,Wake Forest LW,Kentucky GS,Aff,31.663,32.359,0.696,32.155,31.821,-0.334
gonzaga_2,gonzaga,2,Northwestern LL,Harvard/Amherst SL,Aff,24.33,24.74,0.41,21.998,18.687,-3.312
gonzaga_2,gonzaga,2,Michigan AM,UTD HH,Aff,20.288,22.206,1.918,25.304,23.51,-1.794
gonzaga_2,gonzaga,2,Dartmouth CG,Northwestern NP,Neg,32.034,31.765,-0.27,32.456,33.509,1.053
gonzaga_2,gonzaga,2,Dartmouth BC,Kentucky RW,Neg,26.293,26.192,-0.1,36.689,36.868,0.179
gonzaga_2,gonzaga,2,Northwestern AH,Wyoming WW,Neg,23.766,21.793,-1.973,20.204,21.179,0.975
gonzaga_2,gonzaga,2,Northwestern LO,Trinity KP,Neg,22.623,18.947,-3.676,24.302,24.706,0.404
gonzaga_2,gonzaga,2,Michigan SS (Shah/Shih),Kansas AU,Aff,36.282,36.54,0.258,33.811,33.291,-0.52
gonzaga_2,gonzaga,2,Southern California BR,Georgetown AC,Neg,30.281,30.122,-0.159,37.888,38.023,0.135
gonzaga_2,gonzaga,2,Georgia CK,Northwestern HP,Aff,25.387,25.844,0.457,23.028,21.795,-1.233
gonzaga_2,gonzaga,2,Arizona State SS,UTD DD,Aff,18.693,20.248,1.555,27.082,24.427,-2.655
gonzaga_2,gonzaga,2,Kansas LS,UC Berkeley MR,Aff,39.95,40.032,0.082,31.466,31.357,-0.109
gonzaga_2,gonzaga,2,UC Berkeley BU,Binghamton CK,Neg,29.029,28.833,-0.196,35.441,35.555,0.114
gonzaga_2,gonzaga,2,Wake Forest AB,Southern California BM,Aff,24.992,25.729,0.736,24.504,23.51,-0.995
gonzaga_2,gonzaga,2,Northwestern LR,Georgetown TP,Aff,39.047,39.072,0.026,21.12,20.825,-0.295
gonzaga_3,gonzaga,3,Northwestern LR,Baylor DL,Aff,39.072,39.244,0.172,32.557,32.393,-0.164
gonzaga_3,gonzaga,3,Wichita State GM,Trinity KP,Aff,25.904,26.3,0.395,24.706,24.147,-0.56
gonzaga_3,gonzaga,3,Southern California HV,UTD DD,Neg,16.974,15.808,-1.166,24.427,24.809,0.382
gonzaga_3,gonzaga,3,Emory RY,Minnesota HU,Aff,34.932,34.991,0.058,24.712,24.617,-0.095
gonzaga_3,gonzaga,3,Michigan SS (Shah/Shih),Georgetown AC,Neg,36.54,36.248,-0.292,38.023,38.401,0.378
gonzaga_3,gonzaga,3,Kansas SS,Wake Forest LW,Neg,30.802,30.108,-0.694,32.359,32.834,0.475
gonzaga_3,gonzaga,3,Kentucky GS,UC Berkeley GS,Aff,31.821,31.883,0.062,22.346,22.049,-0.296
gonzaga_3,gonzaga,3,UC Berkeley MR,Harvard AB,Aff,31.357,31.677,0.32,28.766,28.406,-0.36
gonzaga_3,gonzaga,3,Wake Forest AB,Kansas OW,Neg,25.729,25.567,-0.161,34.892,34.961,0.069
gonzaga_3,gonzaga,3,Southern California MT,Michigan AO,Neg,24.946,24.468,-0.478,28.069,28.346,0.277
gonzaga_3,gonzaga,3,Kansas BM,Texas FL,Neg,24.957,24.809,-0.148,32.527,32.885,0.358
gonzaga_3,gonzaga,3,Michigan CS (Cho/Saudek),Kansas AU,Neg,31.344,30.909,-0.435,33.291,33.804,0.513
gonzaga_3,gonzaga,3,Dartmouth BC,UTD HH,Aff,26.192,26.59,0.398,23.51,22.76,-0.75
gonzaga_3,gonzaga,3,Northwestern LO,Georgetown TP,Neg,18.947,16.726,-2.221,20.825,23.576,2.751
gonzaga_3,gonzaga,3,Gonzaga RW,Northwestern HP,Aff,24.044,24.421,0.377,21.795,20.711,-1.084
gonzaga_3,gonzaga,3,Southern California BM,Georgetown LN,Aff,23.51,24.191,0.682,20.859,20.334,-0.525
gonzaga_3,gonzaga,3,Northwestern LW,CSU Long Beach SS,Aff,26.076,26.433,0.357,18.796,17.446,-1.35
gonzaga_3,gonzaga,3,Emory GS,Wyoming WW,Aff,42.102,42.103,0.001,21.179,21.177,-0.002
gonzaga_3,gonzaga,3,Michigan State GS,Kentucky RW,Aff,30.044,30.844,0.8,36.868,34.978,-1.889
gonzaga_3,gonzaga,3,Trinity CK,Emory KW,Neg,18.551,16.091,-2.46,19.073,21.693,2.619
gonzaga_3,gonzaga,3,Kansas LS,Northwestern AT,Aff,40.032,40.157,0.125,33.599,33.457,-0.142
gonzaga_3,gonzaga,3,Kansas HP,Michigan ES,Neg,37.828,37.195,-0.633,35.264,35.8,0.536
gonzaga_3,gonzaga,3,Michigan BP,Emory LY,Aff,41.34,41.447,0.107,35.119,34.982,-0.137
gonzaga_3,gonzaga,3,Emory CS (Cross/Stumpff),Northwestern NP,Neg,30.668,27.632,-3.036,33.509,34.049,0.54
gonzaga_3,gonzaga,3,Iowa AP,Michigan CC,Neg,35.814,35.219,-0.595,30.732,31.919,1.187
gonzaga_3,gonzaga,3,Iowa KS,CSU Long Beach OM,Neg,21.598,21.573,-0.025,35.77,35.782,0.012
gonzaga_3,gonzaga,3,Michigan HM,Wake Forest HN,Neg,22.467,21.579,-0.888,25.155,25.506,0.351
gonzaga_3,gonzaga,3,Wake Forest DE,Stanford LY,Neg,24.585,24.32,-0.265,30.326,31.432,1.107
gonzaga_3,gonzaga,3,Michigan AM,Liberty CL,Aff,22.206,24.52,2.313,30.169,29.362,-0.807
gonzaga_3,gonzaga,3,George Mason WW,UTD PR,Aff,30.931,31.558,0.627,30.107,29.765,-0.342
gonzaga_3,gonzaga,3,Emory CR,Wyoming CH,Neg,27.153,22.184,-4.969,20.24,21.005,0.765
gonzaga_3,gonzaga,3,Southern California DT,UC Berkeley BU,Neg,25.749,22.88,-2.87,28.833,29.108,0.274
gonzaga_3,gonzaga,3,Southern California BR,Navy CR,Aff,30.122,30.374,0.252,25.076,24.778,-0.298
gonzaga_3,gonzaga,3,Iowa BS,Georgia CK,Aff,26.496,26.998,0.502,25.844,25.261,-0.584
gonzaga_3,gonzaga,3,Arizona State SS,Dartmouth JR,Neg,20.248,19.7,-0.548,22.471,22.942,0.471
gonzaga_3,gonzaga,3,Michigan State JS,Dartmouth CG,Aff,28.527,29.204,0.677,31.765,31.343,-0.422
gonzaga_3,gonzaga,3,Kansas BW,Michigan State FM,Neg,30.299,29.904,-0.395,30.528,31.255,0.727
gonzaga_3,gonzaga,3,Iowa EW,Northwestern LL,Aff,28.058,28.521,0.463,24.74,24.305,-0.435
gonzaga_3,gonzaga,3,Binghamton CK,Michigan State GL,Aff,35.555,36.013,0.459,39.007,38.456,-0.551
gonzaga_3,gonzaga,3,Northwestern AH,Emory CG,Aff,21.793,22.238,0.445,14.859,14.539,-0.321
gonzaga_3,gonzaga,3,Texas GS,Emory ST,Aff,21.496,22.841,1.345,16.91,15.99,-0.919
gonzaga_3,gonzaga,3,Harvard/Amherst SL,Purdue HH,Neg,18.687,15.755,-2.932,17.414,20.167,2.752
gonzaga_4,gonzaga,4,Georgetown AC,Northwestern LR,Neg,38.401,38.012,-0.389,39.244,39.662,0.418
gonzaga_4,gonzaga,4,Trinity KP,Wake Forest DE,Neg,24.147,23.561,-0.586,24.32,24.909,0.589
gonzaga_4,gonzaga,4,Northwestern HP,Trinity CK,Neg,20.711,19.181,-1.53,16.091,19.692,3.6
gonzaga_4,gonzaga,4,Minnesota HU,Kansas BM,Neg,24.617,24.044,-0.573,24.809,25.271,0.462
gonzaga_4,gonzaga,4,UC Berkeley BU,Michigan AM,Aff,29.108,29.362,0.254,24.52,24.016,-0.504
gonzaga_4,gonzaga,4,Baylor DL,UC Berkeley MR,Neg,32.393,31.907,-0.485,31.677,32.152,0.475
gonzaga_4,gonzaga,4,Kentucky RW,Kansas SS,Aff,34.978,35.408,0.43,30.108,29.719,-0.389
gonzaga_4,gonzaga,4,Kansas OW,Southern California BR,Neg,34.961,34.42,-0.541,30.374,31.213,0.84
gonzaga_4,gonzaga,4,Wyoming WW,Michigan SS (Shah/Shih),Neg,21.177,21.151,-0.026,36.248,36.26,0.012
gonzaga_4,gonzaga,4,Dartmouth CG,Northwestern AH,Aff,31.343,31.403,0.06,22.238,21.979,-0.259
gonzaga_4,gonzaga,4,Georgetown TP,Southern California BM,Neg,23.576,20.741,-2.835,24.191,24.852,0.66
gonzaga_4,gonzaga,4,UTD DD,Dartmouth BC,Neg,24.809,23.963,-0.846,26.59,27.016,0.425
gonzaga_4,gonzaga,4,Georgia CK,Arizona State SS,Aff,25.261,25.521,0.26,19.7,19.396,-0.304
gonzaga_4,gonzaga,4,UC Berkeley GS,Southern California MT,Neg,22.049,21.127,-0.922,24.468,24.936,0.468
gonzaga_4,gonzaga,4,Harvard AB,Kansas BW,Aff,28.406,28.987,0.581,29.904,29.429,-0.475
gonzaga_4,gonzaga,4,Northwestern NP,Michigan BP,Neg,34.049,33.755,-0.294,41.447,41.531,0.085
gonzaga_4,gonzaga,4,Georgetown LN,Gonzaga RW,Aff,20.334,21.425,1.09,24.421,23.648,-0.773
gonzaga_4,gonzaga,4,Northwestern AT,Dartmouth GH (Guo/Hatton),Aff,33.457,33.562,0.105,25.474,25.137,-0.338
gonzaga_4,gonzaga,4,CSU Long Beach OM,Iowa BS,Aff,35.782,35.84,0.058,26.998,26.884,-0.114
gonzaga_4,gonzaga,4,Wake Forest HN,Kentucky GS,Neg,25.506,25.319,-0.187,31.883,31.994,0.111
gonzaga_4,gonzaga,4,Michigan ES,Kansas LS,Neg,35.8,35.597,-0.202,40.157,40.338,0.181
gonzaga_4,gonzaga,4,Wyoming CH,George Mason WW,Neg,21.005,20.926,-0.078,31.558,31.654,0.096
gonzaga_4,gonzaga,4,Texas FL,Kansas HP,Neg,32.885,32.298,-0.587,37.195,37.428,0.233
gonzaga_4,gonzaga,4,Michigan AO,Emory RY,Aff,28.346,29.163,0.817,34.991,34.258,-0.732
gonzaga_4,gonzaga,4,Kansas AU,Emory CS (Cross/Stumpff),Aff,33.804,34.046,0.242,27.632,26.086,-1.546
gonzaga_4,gonzaga,4,Liberty CL,Northwestern LW,Aff,29.362,29.618,0.256,26.433,25.759,-0.674
gonzaga_4,gonzaga,4,Northwestern LL,Michigan HM,Neg,24.305,23.496,-0.809,21.579,23.03,1.45
gonzaga_4,gonzaga,4,UTD PR,Texas GS,Aff,29.765,29.892,0.127,22.841,22.005,-0.837
gonzaga_4,gonzaga,4,Emory KW,Michigan CS (Cho/Saudek),Neg,21.693,20.887,-0.806,30.909,31.04,0.131
gonzaga_4,gonzaga,4,Emory CG,Wake Forest AB,Neg,14.539,14.414,-0.124,25.567,25.673,0.106
gonzaga_4,gonzaga,4,CSU Long Beach SS,Emory CR,Aff,17.446,20.945,3.499,22.184,19.66,-2.524
gonzaga_4,gonzaga,4,Wake Forest LW,Emory GS,Neg,32.834,32.723,-0.111,42.103,42.159,0.056
gonzaga_4,gonzaga,4,UTD HH,Southern California HV,Aff,22.76,23.109,0.349,15.808,14.761,-1.047
gonzaga_4,gonzaga,4,Dartmouth JR,Michigan State GS,Neg,22.942,22.776,-0.166,30.844,30.956,0.112
gonzaga_4,gonzaga,4,Emory LY,Iowa EW,Neg,34.982,34.322,-0.66,28.521,29.831,1.311
gonzaga_4,gonzaga,4,Michigan State GL,Wichita State GM,Aff,38.456,38.486,0.03,26.3,26.261,-0.039
gonzaga_4,gonzaga,4,Stanford LY,Michigan State JS,Aff,31.432,32.946,1.513,29.204,28.913,-0.29
gonzaga_4,gonzaga,4,Michigan CC,Binghamton CK,Neg,31.919,31.562,-0.357,36.013,36.175,0.162
gonzaga_4,gonzaga,4,Michigan State FM,Iowa AP,Neg,31.255,30.859,-0.396,35.219,35.412,0.193
gonzaga_4,gonzaga,4,Navy CR,Iowa KS,Neg,24.778,23.947,-0.83,21.573,22.34,0.767
gonzaga_4,gonzaga,4,Purdue HH,Southern California DT,Neg,20.167,18.548,-1.619,22.88,24.916,2.037
gonzaga_5,gonzaga,5,Binghamton CK,Northwestern LR,Aff,36.175,36.602,0.427,39.662,39.002,-0.66
gonzaga_5,gonzaga,5,Michigan BP,Kansas LS,Neg,41.531,41.205,-0.326,40.338,40.729,0.391
gonzaga_5,gonzaga,5,Michigan State GS,Emory GS,Neg,30.956,30.911,-0.046,42.159,42.191,0.032
gonzaga_5,gonzaga,5,Michigan CS (Cho/Saudek),Georgetown AC,Neg,31.04,30.866,-0.174,38.012,38.147,0.135
gonzaga_5,gonzaga,5,Michigan State GL,Kansas AU,Aff,38.486,38.667,0.181,34.046,33.724,-0.322
gonzaga_5,gonzaga,5,Iowa EW,Northwestern NP,Neg,29.831,29.479,-0.352,33.755,34.265,0.509
gonzaga_5,gonzaga,5,Michigan ES,Kentucky GS,Aff,35.597,35.82,0.223,31.994,31.814,-0.181
gonzaga_5,gonzaga,5,UC Berkeley MR,CSU Long Beach OM,Neg,32.152,31.905,-0.247,35.84,35.999,0.159
gonzaga_5,gonzaga,5,Michigan SS (Shah/Shih),Iowa AP,Neg,36.26,35.877,-0.383,35.412,35.788,0.376
gonzaga_5,gonzaga,5,Michigan AO,Wake Forest LW,Neg,29.163,28.928,-0.235,32.723,33.06,0.337
gonzaga_5,gonzaga,5,Michigan CC,Stanford LY,Neg,31.562,31.107,-0.454,32.946,34.331,1.386
gonzaga_5,gonzaga,5,Southern California BR,Kansas HP,Neg,31.213,31.033,-0.18,37.428,37.591,0.162
gonzaga_5,gonzaga,5,George Mason WW,UC Berkeley BU,Aff,31.654,32.116,0.462,29.362,29.011,-0.351
gonzaga_5,gonzaga,5,Northwestern AT,Kentucky RW,Aff,33.562,34.01,0.448,35.408,34.412,-0.996
gonzaga_5,gonzaga,5,Emory CS (Cross/Stumpff),Michigan HM,Aff,26.086,27.909,1.823,23.03,22.449,-0.58
gonzaga_5,gonzaga,5,Southern California BM,Kansas SS,Neg,24.852,24.43,-0.422,29.719,30.085,0.366
gonzaga_5,gonzaga,5,Baylor DL,Iowa KS,Aff,31.907,31.984,0.076,22.34,22.246,-0.094
gonzaga_5,gonzaga,5,Georgia CK,Emory LY,Neg,25.521,25.395,-0.126,34.322,34.395,0.073
gonzaga_5,gonzaga,5,Emory RY,Wake Forest DE,Neg,34.258,33.432,-0.827,24.909,26.27,1.361
gonzaga_5,gonzaga,5,Dartmouth BC,Kansas OW,Neg,27.016,26.856,-0.16,34.42,34.514,0.094
gonzaga_5,gonzaga,5,Wake Forest HN,Kansas BM,Aff,25.319,25.805,0.486,25.271,24.821,-0.45
gonzaga_5,gonzaga,5,Wake Forest AB,Michigan AM,Aff,25.673,26.237,0.564,24.016,23.315,-0.701
gonzaga_5,gonzaga,5,Michigan State JS,Harvard AB,Aff,28.913,29.338,0.424,28.987,28.526,-0.462
gonzaga_5,gonzaga,5,Southern California DT,Iowa BS,Aff,24.916,27.913,2.997,26.884,26.384,-0.5
gonzaga_5,gonzaga,5,Wyoming CH,Wichita State GM,Neg,20.926,20.692,-0.235,26.261,26.459,0.198
gonzaga_5,gonzaga,5,Southern California MT,Liberty CL,Neg,24.936,24.609,-0.328,29.618,29.809,0.191
gonzaga_5,gonzaga,5,Wyoming WW,Dartmouth JR,Neg,21.151,20.595,-0.556,22.776,23.241,0.465
gonzaga_5,gonzaga,5,UTD PR,Dartmouth CG,Aff,29.892,30.339,0.446,31.403,31.064,-0.339
gonzaga_5,gonzaga,5,Texas FL,Michigan State FM,Aff,32.298,33.092,0.795,30.859,30.344,-0.515
gonzaga_5,gonzaga,5,Navy CR,Trinity CK,Neg,23.947,23.249,-0.698,19.692,22.642,2.95
gonzaga_5,gonzaga,5,UTD HH,Georgetown TP,Neg,23.109,22.155,-0.954,20.741,23.637,2.896
gonzaga_5,gonzaga,5,Northwestern LL,Purdue HH,Aff,23.496,23.779,0.283,18.548,17.367,-1.18
gonzaga_5,gonzaga,5,Georgetown LN,Kansas BW,Neg,21.425,21.249,-0.176,29.429,29.529,0.1
gonzaga_5,gonzaga,5,UTD DD,CSU Long Beach SS,Aff,23.963,24.552,0.588,20.945,19.463,-1.482
gonzaga_5,gonzaga,5,Trinity KP,UC Berkeley GS,Neg,23.561,22.874,-0.687,21.127,22.564,1.437
gonzaga_5,gonzaga,5,Minnesota HU,Northwestern AH,Aff,24.044,24.446,0.401,21.979,21.158,-0.821
gonzaga_5,gonzaga,5,Texas GS,Northwestern LW,Neg,22.005,20.861,-1.144,25.759,26.268,0.509
gonzaga_5,gonzaga,5,Gonzaga RW,Emory KW,Aff,23.648,23.943,0.295,20.887,19.131,-1.756
gonzaga_5,gonzaga,5,Emory ST,Arizona State SS,Neg,15.99,14.963,-1.027,19.396,19.786,0.39
gonzaga_5,gonzaga,5,Emory CR,Harvard/Amherst SL,Aff,19.66,20.655,0.994,15.755,14.175,-1.58
gonzaga_5,gonzaga,5,Northwestern HP,Emory CG,Neg,19.181,17.459,-1.722,14.414,15.649,1.234
gonzaga_6,gonzaga,6,Georgetown AC,Wake Forest AB,Aff,38.147,38.187,0.04,26.237,26.169,-0.069
gonzaga_6,gonzaga,6,Emory CG,Trinity KP,Neg,15.649,15.404,-0.244,22.874,23.044,0.169
gonzaga_6,gonzaga,6,CSU Long Beach OM,Northwestern AT,Aff,35.999,36.201,0.203,34.01,33.729,-0.281
gonzaga_6,gonzaga,6,Dartmouth CG,Minnesota HU,Aff,31.064,31.157,0.093,24.446,24.261,-0.184
gonzaga_6,gonzaga,6,Wake Forest LW,Michigan ES,Neg,33.06,32.698,-0.363,35.82,36.063,0.243
gonzaga_6,gonzaga,6,UC Berkeley BU,Michigan AO,Neg,29.011,28.544,-0.468,28.928,29.309,0.381
gonzaga_6,gonzaga,6,Kansas AU,Baylor DL,Aff,33.724,34.184,0.46,31.984,31.657,-0.326
gonzaga_6,gonzaga,6,Wake Forest DE,UC Berkeley MR,Neg,26.27,26.048,-0.222,31.905,32.073,0.168
gonzaga_6,gonzaga,6,Kansas BW,Southern California BM,Aff,29.529,29.702,0.173,24.43,24.048,-0.381
gonzaga_6,gonzaga,6,Georgetown TP,Northwestern LL,Neg,23.637,21.783,-1.854,23.779,24.276,0.497
gonzaga_6,gonzaga,6,Harvard AB,UTD DD,Aff,28.526,28.767,0.241,24.552,24.029,-0.523
gonzaga_6,gonzaga,6,Kansas BM,Georgia CK,Neg,24.821,24.424,-0.397,25.395,25.913,0.518
gonzaga_6,gonzaga,6,Arizona State SS,Southern California MT,Neg,19.786,19.476,-0.31,24.609,24.91,0.301
gonzaga_6,gonzaga,6,Northwestern LW,Wyoming WW,Aff,26.268,26.636,0.369,20.595,20.318,-0.277
gonzaga_6,gonzaga,6,Harvard/Amherst SL,Northwestern HP,Neg,14.175,12.704,-1.471,17.459,18.042,0.582
gonzaga_6,gonzaga,6,Northwestern LR,Southern California DT,Aff,39.002,39.066,0.064,27.913,27.563,-0.35
gonzaga_6,gonzaga,6,Kansas HP,UTD PR,Neg,37.591,36.731,-0.86,30.339,31.055,0.717
gonzaga_6,gonzaga,6,Northwestern NP,George Mason WW,Aff,34.265,34.875,0.61,32.116,31.683,-0.433
gonzaga_6,gonzaga,6,Stanford LY,Michigan BP,Neg,34.331,33.802,-0.529,41.205,41.295,0.091
gonzaga_6,gonzaga,6,Kentucky RW,Michigan State JS,Neg,34.412,33.187,-1.225,29.338,29.992,0.654
gonzaga_6,gonzaga,6,Kansas LS,Michigan State GS,Aff,40.729,40.78,0.052,30.911,30.844,-0.066
gonzaga_6,gonzaga,6,Emory LY,Texas FL,Aff,34.395,34.668,0.273,33.092,32.342,-0.751
gonzaga_6,gonzaga,6,Kansas SS,Wake Forest HN,Neg,30.085,28.995,-1.09,25.805,26.509,0.704
gonzaga_6,gonzaga,6,Kentucky GS,Iowa EW,Aff,31.814,32.025,0.211,29.479,29.042,-0.437
gonzaga_6,gonzaga,6,Kansas OW,Emory CS (Cross/Stumpff),Aff,34.514,34.626,0.112,27.909,26.985,-0.925
gonzaga_6,gonzaga,6,Liberty CL,Michigan CC,Neg,29.809,29.499,-0.311,31.107,31.591,0.484
gonzaga_6,gonzaga,6,Wichita State GM,Southern California BR,Aff,26.459,27.154,0.694,31.033,30.287,-0.746
gonzaga_6,gonzaga,6,Dartmouth JR,Michigan SS (Shah/Shih),Neg,23.241,23.199,-0.042,35.877,35.901,0.025
gonzaga_6,gonzaga,6,Michigan AM,Texas GS,Aff,23.315,23.861,0.546,20.861,19.692,-1.169
gonzaga_6,gonzaga,6,Iowa BS,Gonzaga RW,Neg,26.384,25.743,-0.641,23.943,24.558,0.615
gonzaga_6,gonzaga,6,Michigan HM,Dartmouth BC,Neg,22.449,21.95,-0.499,26.856,27.126,0.27
gonzaga_6,gonzaga,6,Iowa KS,Michigan CS (Cho/Saudek),Aff,22.246,23.36,1.114,30.866,29.732,-1.135
gonzaga_6,gonzaga,6,UC Berkeley GS,Emory RY,Neg,22.564,22.419,-0.144,33.432,33.478,0.046
gonzaga_6,gonzaga,6,Trinity CK,Wyoming CH,Neg,22.642,20.713,-1.929,20.692,21.237,0.545
gonzaga_6,gonzaga,6,Purdue HH,UTD HH,Neg,17.367,16.354,-1.013,22.155,22.575,0.42
gonzaga_6,gonzaga,6,Emory KW,Georgetown LN,Neg,19.131,17.598,-1.532,21.249,21.677,0.428
gonzaga_6,gonzaga,6,Northwestern AH,Emory ST,Neg,21.158,19.614,-1.544,14.963,17.278,2.315
gonzaga_6,gonzaga,6,CSU Long Beach SS,Navy CR,Aff,19.463,22.06,2.597,23.249,22.598,-0.651
gonzaga_6,gonzaga,6,Emory GS,Binghamton CK,Neg,42.191,41.658,-0.534,36.602,37.113,0.511
gonzaga_6,gonzaga,6,Iowa AP,Michigan State GL,Neg,35.788,35.571,-0.217,38.667,38.896,0.229
gonzaga_6,gonzaga,6,Michigan State FM,Emory CR,Aff,30.344,30.469,0.126,20.655,20.293,-0.362
gonzaga_7,gonzaga,7,Kansas LS,Binghamton CK,Aff,40.78,40.968,0.188,37.113,36.955,-0.159
gonzaga_7,gonzaga,7,Northwestern LR,Michigan ES,Aff,39.066,39.338,0.272,36.063,35.835,-0.228
gonzaga_7,gonzaga,7,Michigan BP,Georgetown AC,Neg,41.295,40.915,-0.38,38.187,38.765,0.578
gonzaga_7,gonzaga,7,Northwestern NP,Michigan State GL,Neg,34.875,34.443,-0.432,38.896,39.077,0.181
gonzaga_7,gonzaga,7,Emory GS,CSU Long Beach OM,Aff,41.658,41.777,0.12,36.201,36.091,-0.11
gonzaga_7,gonzaga,7,Gonzaga RW,Northwestern AT,Neg,24.558,24.471,-0.087,33.729,33.797,0.068
gonzaga_7,gonzaga,7,Michigan State GS,Wichita State GM,Aff,30.844,31.081,0.236,27.154,26.914,-0.239
gonzaga_7,gonzaga,7,Michigan State JS,Wake Forest LW,Aff,29.992,30.504,0.512,32.698,32.019,-0.679
gonzaga_7,gonzaga,7,Kansas HP,Wake Forest HN,Neg,36.731,35.745,-0.986,26.509,27.612,1.103
gonzaga_7,gonzaga,7,Michigan AO,George Mason WW,Aff,29.309,29.776,0.468,31.683,30.95,-0.734
gonzaga_7,gonzaga,7,Emory LY,UTD PR,Aff,34.668,34.863,0.195,31.055,30.857,-0.199
gonzaga_7,gonzaga,7,Kansas OW,UC Berkeley MR,Aff,34.626,34.844,0.219,32.073,31.797,-0.276
gonzaga_7,gonzaga,7,Iowa AP,Kansas AU,Aff,35.571,35.829,0.258,34.184,33.727,-0.458
gonzaga_7,gonzaga,7,Kentucky GS,Michigan CC,Neg,32.025,31.727,-0.298,31.591,32.163,0.571
gonzaga_7,gonzaga,7,Michigan SS (Shah/Shih),Stanford LY,Aff,35.901,36.132,0.231,33.802,32.797,-1.005
gonzaga_7,gonzaga,7,Northwestern LW,Kentucky RW,Neg,26.636,26.341,-0.296,33.187,33.428,0.241
gonzaga_7,gonzaga,7,Iowa EW,Michigan AM,Aff,29.042,29.299,0.257,23.861,23.502,-0.358
gonzaga_7,gonzaga,7,Northwestern LL,Kansas SS,Neg,24.276,23.998,-0.278,28.995,29.316,0.321
gonzaga_7,gonzaga,7,Baylor DL,Dartmouth BC,Aff,31.657,31.862,0.204,27.126,26.869,-0.258
gonzaga_7,gonzaga,7,Iowa KS,Southern California BR,Neg,23.36,23.207,-0.153,30.287,30.428,0.141
gonzaga_7,gonzaga,7,Emory CS (Cross/Stumpff),Wake Forest DE,Neg,26.985,24.914,-2.071,26.048,26.526,0.478
gonzaga_7,gonzaga,7,Georgia CK,UC Berkeley BU,Neg,25.913,25.546,-0.366,28.544,28.847,0.303
gonzaga_7,gonzaga,7,Liberty CL,Southern California DT,Aff,29.499,29.748,0.249,27.563,26.104,-1.459
gonzaga_7,gonzaga,7,Harvard AB,Emory RY,Neg,28.767,28.558,-0.209,33.478,33.643,0.165
gonzaga_7,gonzaga,7,Texas FL,Southern California MT,Aff,32.342,32.592,0.25,24.91,24.732,-0.178
gonzaga_7,gonzaga,7,Michigan State FM,Wyoming CH,Aff,30.469,30.59,0.12,21.237,21.142,-0.096
gonzaga_7,gonzaga,7,Dartmouth JR,Wake Forest AB,Aff,23.199,23.934,0.736,26.169,25.268,-0.901
gonzaga_7,gonzaga,7,Kansas BW,Dartmouth CG,Neg,29.702,29.396,-0.305,31.157,31.378,0.221
gonzaga_7,gonzaga,7,Iowa BS,CSU Long Beach SS,Aff,25.743,26.003,0.26,22.06,21.137,-0.923
gonzaga_7,gonzaga,7,UTD HH,Wyoming WW,Aff,22.575,23.171,0.597,20.318,19.871,-0.447
gonzaga_7,gonzaga,7,Michigan CS (Cho/Saudek),Emory CR,Aff,29.732,29.831,0.1,20.293,19.946,-0.346
gonzaga_7,gonzaga,7,Georgetown LN,Arizona State SS,Neg,21.677,20.923,-0.754,19.476,20.223,0.747
gonzaga_7,gonzaga,7,UTD DD,Emory ST,Aff,24.029,24.331,0.302,17.278,16.836,-0.442
gonzaga_7,gonzaga,7,Trinity KP,Kansas BM,Aff,23.044,23.653,0.609,24.424,23.945,-0.48
gonzaga_7,gonzaga,7,Southern California BM,Minnesota HU,Aff,24.048,24.805,0.757,24.261,23.758,-0.503
gonzaga_7,gonzaga,7,Trinity CK,Georgetown TP,Neg,20.713,19.64,-1.072,21.783,23.095,1.312
gonzaga_7,gonzaga,7,Michigan HM,UC Berkeley GS,Neg,21.95,21.183,-0.768,22.419,23.286,0.867
gonzaga_7,gonzaga,7,Emory CG,Navy CR,Neg,15.404,15.17,-0.234,22.598,22.755,0.157
gonzaga_7,gonzaga,7,Texas GS,Northwestern HP,Aff,19.692,20.803,1.111,18.042,17.345,-0.697
gonzaga_7,gonzaga,7,Purdue HH,Emory KW,Neg,16.354,15.051,-1.303,17.598,18.925,1.327
gonzaga_7,gonzaga,7,Harvard/Amherst SL,Northwestern AH,Neg,12.704,11.963,-0.741,19.614,19.924,0.31
gonzaga_8,gonzaga,8,Georgetown AC,Kansas LS,Neg,38.765,38.482,-0.284,40.968,41.197,0.228
gonzaga_8,gonzaga,8,Binghamton CK,Kansas OW,Aff,36.955,37.153,0.198,34.844,34.616,-0.229
gonzaga_8,gonzaga,8,Michigan State GL,Northwestern LR,Neg,39.077,38.766,-0.311,39.338,39.724,0.386
gonzaga_8,gonzaga,8,Michigan ES,Emory GS,Neg,35.835,35.704,-0.132,41.777,41.884,0.107
gonzaga_8,gonzaga,8,CSU Long Beach OM,Michigan State JS,Aff,36.091,36.197,0.106,30.504,30.351,-0.153
gonzaga_8,gonzaga,8,Northwestern AT,Michigan AO,Aff,33.797,33.989,0.192,29.776,29.583,-0.194
gonzaga_8,gonzaga,8,Michigan CC,Emory LY,Neg,32.163,31.813,-0.349,34.863,35.079,0.216
gonzaga_8,gonzaga,8,Wake Forest HN,Michigan SS (Shah/Shih),Neg,27.612,27.52,-0.092,36.132,36.204,0.072
gonzaga_8,gonzaga,8,Southern California BR,Northwestern NP,Neg,30.428,30.195,-0.233,34.443,34.845,0.402
gonzaga_8,gonzaga,8,Emory RY,Iowa AP,Neg,33.643,33.399,-0.244,35.829,36.056,0.227
gonzaga_8,gonzaga,8,Dartmouth CG,Michigan State GS,Aff,31.378,31.629,0.251,31.081,30.703,-0.377
gonzaga_8,gonzaga,8,Wake Forest DE,Michigan BP,Neg,26.526,26.506,-0.019,40.915,40.925,0.01
gonzaga_8,gonzaga,8,Wake Forest LW,UTD HH,Neg,32.019,31.007,-1.012,23.171,24.841,1.67
gonzaga_8,gonzaga,8,UC Berkeley MR,UTD DD,Aff,31.797,31.908,0.11,24.331,24.087,-0.244
gonzaga_8,gonzaga,8,Kentucky RW,Michigan State FM,Aff,33.428,33.854,0.426,30.59,30.2,-0.389
gonzaga_8,gonzaga,8,Kansas SS,Dartmouth JR,Aff,29.316,29.588,0.272,23.934,23.707,-0.227
gonzaga_8,gonzaga,8,Kansas AU,Texas FL,Neg,33.727,33.165,-0.562,32.592,33.452,0.86
gonzaga_8,gonzaga,8,George Mason WW,Baylor DL,Aff,30.95,31.529,0.579,31.862,31.436,-0.426
gonzaga_8,gonzaga,8,Stanford LY,Liberty CL,Neg,32.797,31.22,-1.577,29.748,30.194,0.446
gonzaga_8,gonzaga,8,UC Berkeley BU,Iowa EW,Neg,28.847,28.456,-0.391,29.299,29.803,0.504
gonzaga_8,gonzaga,8,UTD PR,Kentucky GS,Aff,30.857,31.221,0.364,31.727,31.415,-0.312
gonzaga_8,gonzaga,8,Wichita State GM,Kansas HP,Neg,26.914,26.832,-0.082,35.745,35.822,0.077
gonzaga_8,gonzaga,8,Southern California DT,Trinity KP,Aff,26.104,27.244,1.14,23.653,23.329,-0.324
gonzaga_8,gonzaga,8,Southern California MT,Iowa KS,Neg,24.732,24.064,-0.668,23.207,23.739,0.532
gonzaga_8,gonzaga,8,Wyoming CH,Southern California BM,Neg,21.142,20.866,-0.275,24.805,25.217,0.412
gonzaga_8,gonzaga,8,Michigan AM,Gonzaga RW,Neg,23.502,22.868,-0.634,24.471,24.845,0.374
gonzaga_8,gonzaga,8,Wake Forest AB,Northwestern LW,Neg,25.268,24.752,-0.515,26.341,26.991,0.65
gonzaga_8,gonzaga,8,Dartmouth BC,Iowa BS,Neg,26.869,26.341,-0.528,26.003,26.492,0.489
gonzaga_8,gonzaga,8,Georgetown TP,Harvard AB,Neg,23.095,22.435,-0.66,28.558,28.733,0.175
gonzaga_8,gonzaga,8,Arizona State SS,Northwestern LL,Neg,20.223,19.899,-0.324,23.998,24.309,0.311
gonzaga_8,gonzaga,8,UC Berkeley GS,Michigan CS (Cho/Saudek),Aff,23.286,24.902,1.616,29.831,28.996,-0.835
gonzaga_8,gonzaga,8,Emory CR,Georgia CK,Neg,19.946,19.297,-0.65,25.546,25.758,0.212
gonzaga_8,gonzaga,8,CSU Long Beach SS,Kansas BW,Neg,21.137,20.767,-0.37,29.396,29.487,0.091
gonzaga_8,gonzaga,8,Northwestern AH,Emory CS (Cross/Stumpff),Aff,19.924,21.102,1.178,24.914,22.531,-2.383
gonzaga_8,gonzaga,8,Wyoming WW,Harvard/Amherst SL,Aff,19.871,20.041,0.17,11.963,11.416,-0.547
gonzaga_8,gonzaga,8,Kansas BM,Emory CG,Aff,23.945,24.032,0.087,15.17,15.013,-0.158
gonzaga_8,gonzaga,8,Navy CR,Texas GS,Aff,22.755,23.104,0.35,20.803,19.835,-0.968
gonzaga_8,gonzaga,8,Emory ST,Georgetown LN,Neg,16.836,16.206,-0.63,20.923,21.228,0.305
gonzaga_8,gonzaga,8,Minnesota HU,Trinity CK,Aff,23.758,24.017,0.258,19.64,18.952,-0.689
gonzaga_8,gonzaga,8,Emory KW,Michigan HM,Neg,18.925,17.836,-1.089,21.183,21.728,0.545
gonzaga_8,gonzaga,8,Northwestern HP,Purdue HH,Neg,17.345,16.372,-0.973,15.051,16.801,1.75
gonzaga_dubs,gonzaga,dubs,Kentucky GS,Kansas LS,Neg,31.415,31.373,-0.043,41.197,41.244,0.048
gonzaga_dubs,gonzaga,dubs,Binghamton CK,Michigan AO,Aff,37.153,37.223,0.07,29.583,29.49,-0.093
gonzaga_dubs,gonzaga,dubs,Northwestern LR,Michigan State JS,Aff,39.724,39.793,0.069,30.351,30.286,-0.065
gonzaga_dubs,gonzaga,dubs,Texas FL,Michigan BP,Neg,33.452,33.242,-0.21,40.925,40.999,0.074
gonzaga_dubs,gonzaga,dubs,Georgetown AC,Wake Forest HN,Aff,38.482,38.526,0.044,27.52,27.472,-0.048
gonzaga_dubs,gonzaga,dubs,UTD PR,CSU Long Beach OM,Neg,31.221,31.075,-0.146,36.197,36.313,0.117
gonzaga_dubs,gonzaga,dubs,Michigan State GL,George Mason WW,Aff,38.766,38.86,0.093,31.529,31.38,-0.149
gonzaga_dubs,gonzaga,dubs,Iowa AP,Dartmouth CG,Aff,36.056,36.209,0.153,31.629,31.498,-0.131
gonzaga_dubs,gonzaga,dubs,Iowa EW,Emory LY,Neg,29.803,29.575,-0.228,35.079,35.216,0.137
gonzaga_dubs,gonzaga,dubs,Northwestern AT,UC Berkeley MR,Aff,33.989,34.242,0.253,31.908,31.629,-0.278
gonzaga_dubs,gonzaga,dubs,Northwestern NP,Kentucky RW,Neg,34.845,34.116,-0.729,33.854,34.504,0.65
gonzaga_dubs,gonzaga,dubs,Michigan ES,Liberty CL,Aff,35.704,35.843,0.14,30.194,30.051,-0.143
gonzaga_dubs,gonzaga,dubs,Michigan State GS,Kansas OW,Aff,30.703,31.278,0.575,34.616,34.163,-0.452
gonzaga_octas,gonzaga,octas,Emory GS,Michigan State GS,Aff,41.884,41.919,0.034,31.278,31.233,-0.045
gonzaga_octas,gonzaga,octas,Michigan ES,Binghamton CK,Neg,35.843,35.573,-0.27,37.223,37.435,0.212
gonzaga_octas,gonzaga,octas,Northwestern LR,Kentucky RW,Aff,39.793,39.959,0.166,34.504,34.252,-0.252
gonzaga_octas,gonzaga,octas,Michigan BP,Northwestern AT,Aff,40.999,41.083,0.084,34.242,34.135,-0.107
gonzaga_octas,gonzaga,octas,Emory LY,Georgetown AC,Neg,35.216,35.027,-0.188,38.526,38.753,0.228
gonzaga_octas,gonzaga,octas,Iowa AP,CSU Long Beach OM,Neg,36.209,35.92,-0.288,36.313,36.558,0.244
gonzaga_octas,gonzaga,octas,Michigan SS (Shah/Shih),Michigan State GL,Aff,36.204,36.635,0.431,38.86,38.442,-0.418
gonzaga_quarters,gonzaga,quarters,Michigan SS (Shah/Shih),Kansas LS,Neg,36.635,36.484,-0.151,41.244,41.393,0.149
gonzaga_quarters,gonzaga,quarters,CSU Long Beach OM,Emory GS,Neg,36.558,36.454,-0.103,41.919,42.035,0.117
gonzaga_quarters,gonzaga,quarters,Binghamton CK,Georgetown AC,Neg,37.435,37.227,-0.208,38.753,39.051,0.298
gonzaga_quarters,gonzaga,quarters,Michigan BP,Northwestern LR,Aff,41.083,41.301,0.218,39.959,39.642,-0.317
gonzaga_semis,gonzaga,semis,Kansas LS,Michigan BP,Neg,41.393,41.096,-0.297,41.301,41.552,0.251
gonzaga_semis,gonzaga,semis,Emory GS,Georgetown AC,Neg,42.035,41.663,-0.372,39.051,39.531,0.48
gonzaga_finals,gonzaga,finals,Georgetown AC,Michigan BP,Neg,39.531,39.283,-0.247,41.552,41.733,0.182
wake_1,wake,1,Northwestern PS,Western Kentucky SS (Schintgen/StPeter),Aff,35.962,35.997,0.035,23.713,23.651,-0.062
wake_1,wake,1,Dartmouth BC,Kansas State RS,Neg,26.341,25.594,-0.746,19.22,22.386,3.165
wake_1,wake,1,Binghamton CK,Kansas State AS,Aff,37.227,37.238,0.011,22.793,22.755,-0.037
wake_1,wake,1,Western Kentucky IS,Wake Forest DE,Neg,21.044,18.826,-2.219,26.506,26.702,0.196
wake_1,wake,1,Emory AS,Trinity KP,Aff,25.759,26.365,0.606,23.329,23.001,-0.327
wake_1,wake,1,Wake Forest SW,Liberty SS,Neg,22.586,20.169,-2.417,25.0,28.863,3.863
wake_1,wake,1,UMass Amherst LM,Kansas LS,Neg,25.0,24.155,-0.845,41.096,41.123,0.027
wake_1,wake,1,Wyoming WW,Liberty CL,Neg,20.041,19.949,-0.092,30.051,30.103,0.052
wake_1,wake,1,Iowa BS,Northwestern LR,Neg,26.492,26.466,-0.026,39.642,39.664,0.021
wake_1,wake,1,George Mason DE,Cal State Fullerton MA,Aff,27.601,28.744,1.143,17.697,17.359,-0.338
wake_1,wake,1,Michigan BP,Emory CT,Aff,41.733,41.735,0.002,22.157,22.146,-0.011
wake_1,wake,1,Emory GS,Georgia CK,Aff,41.663,41.669,0.006,25.758,25.747,-0.011
wake_1,wake,1,Louisville VJ,Kansas CF,Neg,25.0,20.383,-4.617,26.18,27.289,1.109
wake_1,wake,1,Georgetown AC,Southern California MT,Aff,39.283,39.293,0.009,24.064,24.047,-0.016
wake_1,wake,1,Missouri State BC,UTD HH,Neg,11.808,11.578,-0.23,24.841,24.911,0.07
wake_1,wake,1,Iowa KS,CSU Long Beach OM,Neg,23.739,23.709,-0.03,36.454,36.47,0.016
wake_1,wake,1,Missouri State NS,Binghamton PT,Aff,25.893,25.936,0.043,11.103,11.002,-0.101
wake_1,wake,1,George Mason RS,NYU JT,Neg,12.438,12.267,-0.171,24.152,24.302,0.15
wake_1,wake,1,Trinity BK,Northwestern NP,Neg,18.234,17.692,-0.541,34.116,34.171,0.055
wake_1,wake,1,Michigan SS (Shah/Shih),Kansas CS,Aff,36.484,36.497,0.013,21.994,21.956,-0.038
wake_1,wake,1,Western Kentucky KN,Iowa AP,Neg,22.657,22.587,-0.07,35.92,35.939,0.019
wake_1,wake,1,UTD DD,Indiana FT,Aff,24.087,24.182,0.095,12.468,12.352,-0.115
wake_1,wake,1,Kansas OW,Baylor BK,Aff,34.163,34.183,0.019,21.243,21.2,-0.043
wake_1,wake,1,Georgetown KL,Kentucky RW,Neg,20.58,20.511,-0.069,34.252,34.287,0.036
wake_1,wake,1,Dartmouth JR,Southern Nazarene HS,Aff,23.707,23.928,0.221,18.555,17.405,-1.15
wake_1,wake,1,Texas SH,Wake Forest AB,Neg,25.0,19.588,-5.412,24.752,25.117,0.364
wake_1,wake,1,Michigan ES,Emory CR,Aff,35.573,35.582,0.009,19.297,19.255,-0.041
wake_1,wake,1,West Point OS,Northwestern LL,Neg,22.464,20.264,-2.199,24.309,24.644,0.336
wake_1,wake,1,Georgetown LN,Kansas SS,Neg,21.228,21.096,-0.132,29.588,29.731,0.143
wake_1,wake,1,Navy LS,Kansas ST,Neg,15.426,15.155,-0.271,26.905,27.224,0.319
wake_1,wake,1,Kansas HP,Michigan AM,Aff,35.822,35.848,0.026,22.868,22.819,-0.049
wake_1,wake,1,Northwestern AK,UTD KR,Aff,30.273,30.806,0.533,25.0,21.677,-3.323
wake_1,wake,1,Harvard DS,Kansas BP (Pace/Blaser),Aff,30.627,30.741,0.114,21.822,21.473,-0.349
wake_1,wake,1,Northwestern AT,Missouri State CG,Aff,34.135,34.155,0.02,20.568,20.508,-0.06
wake_1,wake,1,Georgetown WC,Southern California BM,Neg,25.0,19.791,-5.209,25.217,25.616,0.398
wake_1,wake,1,Georgetown GT,Texas FL,Neg,21.262,21.179,-0.083,33.242,33.314,0.072
wake_1,wake,1,Harvard BS,Liberty TK,Aff,27.374,29.681,2.307,25.0,21.1,-3.9
wake_1,wake,1,UTD PR,Dartmouth GH (Guo/Hatton),Aff,31.075,31.194,0.119,25.137,24.675,-0.462
wake_1,wake,1,Emory KW,Kansas BM,Neg,17.836,17.3,-0.537,24.032,24.179,0.147
wake_1,wake,1,Georgia CP,Emory KS,Neg,20.35,20.292,-0.058,33.371,33.405,0.033
wake_1,wake,1,Emory CG,Northwestern LW,Neg,15.013,14.942,-0.071,26.991,27.066,0.075
wake_1,wake,1,Navy CR,Michigan State GS,Neg,23.104,22.988,-0.116,31.233,31.319,0.086
wake_1,wake,1,West Georgia KM,Kansas HM,Aff,25.0,27.032,2.032,15.022,14.738,-0.284
wake_1,wake,1,Kansas HL,Wichita State GM,Neg,17.842,17.663,-0.179,26.832,26.914,0.082
wake_1,wake,1,Kansas JB,Texas GS,Neg,29.64,26.604,-3.036,19.835,22.047,2.212
wake_1,wake,1,UC Berkeley MR,George Mason RT,Aff,31.629,31.664,0.035,19.137,18.987,-0.151
wake_1,wake,1,Cal State Fullerton CD,Michigan State FM,Neg,25.0,21.604,-3.396,30.2,30.419,0.219
wake_1,wake,1,Michigan BL,Baylor DL,Neg,19.332,19.226,-0.107,31.436,31.473,0.037
wake_1,wake,1,Emory OP,Cal State Fullerton MN,Aff,27.739,28.049,0.31,23.829,21.298,-2.531
wake_1,wake,1,Kansas BW,Missouri State BK,Aff,29.487,29.556,0.069,20.22,20.023,-0.197
wake_1,wake,1,UT San Antonio CG,UTD HK,Neg,25.0,21.901,-3.099,31.143,31.301,0.158
wake_1,wake,1,Wake Forest HN,Emory ST,Neg,27.472,26.509,-0.963,16.206,18.803,2.597
wake_1,wake,1,Southern California BR,Oklahoma DT,Aff,30.195,30.249,0.054,19.05,18.902,-0.148
wake_1,wake,1,Baylor MP,UC Berkeley BU,Neg,16.104,16.017,-0.088,28.456,28.493,0.037
wake_1,wake,1,Missouri State HN,Iowa EW,Neg,21.1,20.859,-0.24,29.575,29.694,0.119
wake_1,wake,1,Michigan AO,Harvard/Amherst SL,Aff,29.49,29.496,0.006,11.416,11.384,-0.032
wake_1,wake,1,Kansas AU,CSU Long Beach ES,Aff,33.165,33.201,0.036,19.692,19.591,-0.101
wake_1,wake,1,Northwestern HP,Michigan CC,Neg,16.372,16.345,-0.028,31.813,31.83,0.017
wake_1,wake,1,Western Kentucky CF,Towson DP,Aff,26.846,27.142,0.296,21.866,19.368,-2.498
wake_1,wake,1,Gonzaga RW,Rochester OR,Aff,24.845,24.932,0.088,15.18,14.652,-0.528
wake_1,wake,1,Northern Iowa VM,Southern California AS,Neg,20.017,17.757,-2.26,24.918,27.019,2.101
wake_1,wake,1,Minnesota HU,Michigan State GL,Neg,24.017,23.998,-0.018,38.442,38.454,0.011
wake_1,wake,1,Kentucky RS,Minnesota MW,Neg,25.0,20.258,-4.742,24.52,27.336,2.815
wake_1,wake,1,Wyoming CH,Emory LY,Neg,20.866,20.847,-0.02,35.027,35.04,0.013
wake_1,wake,1,Emory RY,Houston IH,Aff,33.399,33.487,0.088,25.0,22.566,-2.434
wake_1,wake,1,Georgetown VP,Stanford LL,Neg,21.849,21.574,-0.275,31.473,31.565,0.092
wake_1,wake,1,George Mason WW,Oklahoma BS,Aff,31.38,31.438,0.058,19.74,19.571,-0.169
wake_1,wake,1,Macalester WC,Wake Forest LW,Neg,25.0,21.858,-3.142,31.007,31.166,0.159
wake_1,wake,1,Houston SF,Northern Iowa CD,Aff,26.014,27.812,1.798,20.017,17.959,-2.058
wake_2,wake,2,Wake Forest AB,Northwestern PS,Neg,25.117,25.044,-0.072,35.997,36.046,0.049
wake_2,wake,2,Kansas State RS,Georgia CP,Aff,22.386,23.41,1.024,20.292,19.758,-0.534
wake_2,wake,2,NYU JT,Binghamton CK,Neg,24.302,24.215,-0.086,37.238,37.256,0.018
wake_2,wake,2,Wake Forest DE,Kansas HP,Neg,26.702,26.609,-0.093,35.848,35.919,0.071
wake_2,wake,2,Kansas SS,Wake Forest SW,Aff,29.731,29.865,0.133,20.169,19.129,-1.04
wake_2,wake,2,Kansas LS,Houston SF,Aff,41.123,41.154,0.032,27.812,27.323,-0.489
wake_2,wake,2,Liberty CL,Kansas JB,Aff,30.103,30.292,0.189,26.604,25.833,-0.771
wake_2,wake,2,Towson DP,Iowa BS,Neg,19.368,17.937,-1.432,26.466,26.606,0.14
wake_2,wake,2,Missouri State BK,Macalester WC,Neg,20.023,19.486,-0.537,21.858,25.257,3.399
wake_2,wake,2,Binghamton PT,Iowa KS,Neg,11.002,10.843,-0.16,23.709,23.751,0.041
wake_2,wake,2,Indiana FT,Western Kentucky KN,Neg,12.352,12.193,-0.16,22.587,22.756,0.169
wake_2,wake,2,Michigan State FM,UC Berkeley MR,Neg,30.419,29.958,-0.461,31.664,31.959,0.295
wake_2,wake,2,Southern California AS,Michigan BP,Neg,27.019,26.634,-0.385,41.735,41.755,0.02
wake_2,wake,2,Kansas CF,Emory GS,Neg,27.289,27.17,-0.118,41.669,41.684,0.016
wake_2,wake,2,Northwestern LR,Western Kentucky CF,Aff,39.664,39.692,0.028,27.142,27.087,-0.055
wake_2,wake,2,Cal State Fullerton MN,Michigan BL,Neg,21.298,17.884,-3.414,19.226,20.152,0.926
wake_2,wake,2,Baylor DL,Emory OP,Aff,31.473,31.696,0.223,28.049,27.669,-0.38
wake_2,wake,2,CSU Long Beach OM,Missouri State NS,Aff,36.47,36.502,0.032,25.936,25.835,-0.102
wake_2,wake,2,Michigan State GL,Northwestern AK,Aff,38.454,38.537,0.084,30.806,30.424,-0.383
wake_2,wake,2,Emory CF (Cannaday/Feldman),Michigan SS (Shah/Shih),Neg,26.647,26.14,-0.507,36.497,36.555,0.058
wake_2,wake,2,UTD HH,Georgetown AC,Neg,24.911,24.882,-0.03,39.293,39.306,0.014
wake_2,wake,2,Iowa AP,UTD DD,Aff,35.939,35.967,0.028,24.182,24.104,-0.078
wake_2,wake,2,Baylor BK,Kentucky RS,Aff,21.2,21.586,0.386,20.258,16.486,-3.771
wake_2,wake,2,Kentucky RW,Dartmouth JR,Neg,34.287,32.971,-1.317,23.928,25.116,1.188
wake_2,wake,2,Emory LY,Gonzaga RW,Aff,35.04,35.084,0.044,24.932,24.87,-0.062
wake_2,wake,2,Northwestern LL,Michigan ES,Neg,24.644,24.584,-0.061,35.582,35.62,0.038
wake_2,wake,2,Emory CR,West Point OS,Aff,19.255,20.437,1.181,20.264,18.041,-2.223
wake_2,wake,2,Liberty SS,Georgetown LN,Aff,28.863,30.764,1.901,21.096,20.935,-0.161
wake_2,wake,2,Kansas ST,Emory RY,Neg,27.224,26.502,-0.722,33.487,33.604,0.117
wake_2,wake,2,Southern California BM,Northwestern AT,Neg,25.616,25.468,-0.148,34.155,34.227,0.072
wake_2,wake,2,Northwestern NP,George Mason DE,Aff,34.171,34.429,0.258,28.744,27.003,-1.741
wake_2,wake,2,CSU Long Beach ES,Michigan State JS,Neg,19.591,19.395,-0.196,30.286,30.338,0.052
wake_2,wake,2,Missouri State CG,Georgetown WC,Aff,20.508,21.121,0.613,19.791,16.389,-3.403
wake_2,wake,2,Liberty TK,Georgetown GT,Neg,21.1,16.956,-4.144,21.179,21.699,0.52
wake_2,wake,2,Texas FL,Harvard BS,Aff,33.314,33.66,0.346,29.681,27.497,-2.184
wake_2,wake,2,Kansas BM,UTD PR,Neg,24.179,24.059,-0.119,31.194,31.287,0.093
wake_2,wake,2,Kansas State AS,George Mason RS,Aff,22.755,22.892,0.137,12.267,12.059,-0.208
wake_2,wake,2,Emory KS,Dartmouth BC,Aff,33.405,33.526,0.121,25.594,25.478,-0.116
wake_2,wake,2,Northwestern LW,Harvard DS,Neg,27.066,26.654,-0.412,30.741,31.017,0.277
wake_2,wake,2,Kansas BP (Pace/Blaser),Emory CG,Aff,21.473,21.971,0.498,14.942,14.698,-0.243
wake_2,wake,2,Kansas HM,Navy CR,Neg,14.738,14.437,-0.301,22.988,23.105,0.117
wake_2,wake,2,Michigan State GS,West Georgia KM,Aff,31.319,31.472,0.153,27.032,24.054,-2.978
wake_2,wake,2,Wichita State GM,George Mason WW,Aff,26.914,27.522,0.608,31.438,30.68,-0.758
wake_2,wake,2,Southern Nazarene HS,Georgetown KL,Neg,17.405,16.146,-1.259,20.511,21.104,0.592
wake_2,wake,2,George Mason RT,Cal State Fullerton CD,Neg,18.987,18.212,-0.775,21.604,24.665,3.062
wake_2,wake,2,Cal State Fullerton MA,Trinity BK,Aff,17.359,18.332,0.974,17.692,13.83,-3.862
wake_2,wake,2,Oklahoma DT,Baylor MP,Neg,18.902,17.592,-1.309,16.017,17.136,1.12
wake_2,wake,2,Wake Forest LW,Kansas BW,Aff,31.166,31.516,0.35,29.556,29.281,-0.275
wake_2,wake,2,Emory ST,UT San Antonio CG,Aff,18.803,19.577,0.774,21.901,16.784,-5.117
wake_2,wake,2,UTD HK,Wake Forest HN,Aff,31.301,31.513,0.212,26.509,26.326,-0.182
wake_2,wake,2,UC Berkeley BU,Southern California BR,Aff,28.493,28.98,0.487,30.249,29.755,-0.493
wake_2,wake,2,Harvard/Amherst SL,Missouri State HN,Neg,11.384,11.018,-0.366,20.859,21.06,0.201
wake_2,wake,2,Iowa EW,Michigan AO,Neg,29.694,29.206,-0.488,29.496,29.832,0.336
wake_2,wake,2,Georgia CK,Louisville VJ,Aff,25.747,25.946,0.199,20.383,18.091,-2.292
wake_2,wake,2,Dartmouth GH (Guo/Hatton),Emory KW,Aff,24.675,25.008,0.333,17.3,16.9,-0.399
wake_2,wake,2,Southern California MT,Missouri State BC,Aff,24.047,24.107,0.059,11.578,11.338,-0.239
wake_2,wake,2,Western Kentucky SS (Schintgen/StPeter),Texas SH,Aff,23.651,23.978,0.327,19.588,17.154,-2.434
wake_2,wake,2,Michigan CC,Kansas AU,Neg,31.83,31.434,-0.395,33.201,33.599,0.398
wake_2,wake,2,Texas GS,Wyoming WW,Neg,22.047,20.859,-1.187,19.949,20.609,0.66
wake_2,wake,2,Northern Iowa CD,UMass Amherst LM,Neg,17.959,16.354,-1.605,24.155,26.702,2.548
wake_2,wake,2,UTD KR,Minnesota HU,Neg,21.677,18.349,-3.328,23.998,24.257,0.259
wake_2,wake,2,Oklahoma BS,Kansas HL,Neg,19.571,18.131,-1.44,17.663,18.541,0.878
wake_2,wake,2,Houston IH,Navy LS,Aff,22.566,24.545,1.978,15.155,14.635,-0.52
wake_2,wake,2,Minnesota MW,Kansas OW,Neg,27.336,25.887,-1.448,34.183,34.278,0.096
wake_2,wake,2,Rochester OR,Wyoming CH,Aff,14.652,18.001,3.349,20.847,20.18,-0.666
wake_2,wake,2,Stanford LL,Emory AS,Aff,31.565,31.773,0.208,26.365,26.003,-0.362
wake_2,wake,2,Michigan AM,Western Kentucky IS,Aff,22.819,23.153,0.333,18.826,16.817,-2.009
wake_2,wake,2,Emory CT,Northern Iowa VM,Aff,22.146,22.767,0.621,17.757,15.628,-2.129
wake_3,wake,3,Baylor DL,Northwestern PS,Neg,31.696,31.509,-0.187,36.046,36.246,0.201
wake_3,wake,3,Kansas State RS,Wichita State GM,Neg,23.41,22.715,-0.694,27.522,27.713,0.192
wake_3,wake,3,Binghamton CK,Wake Forest LW,Aff,37.256,37.353,0.097,31.516,31.347,-0.169
wake_3,wake,3,Wake Forest DE,Minnesota MW,Aff,26.609,26.95,0.341,25.887,23.42,-2.467
wake_3,wake,3,Wake Forest AB,Georgia CK,Aff,25.044,25.649,0.605,25.946,25.429,-0.517
wake_3,wake,3,Wake Forest SW,Georgetown WC,Aff,19.129,21.078,1.949,16.389,14.521,-1.867
wake_3,wake,3,Kansas LS,UTD HK,Aff,41.154,41.201,0.047,31.513,31.442,-0.071
wake_3,wake,3,Liberty CL,CSU Long Beach OM,Neg,30.292,30.175,-0.117,36.502,36.588,0.085
wake_3,wake,3,Missouri State NS,Iowa BS,Neg,25.835,25.213,-0.621,26.606,26.97,0.363
wake_3,wake,3,Kansas HM,George Mason DE,Neg,14.437,14.292,-0.146,27.003,27.437,0.434
wake_3,wake,3,Michigan BP,Michigan State GS,Aff,41.755,41.788,0.032,31.472,31.425,-0.047
wake_3,wake,3,Texas GS,Kansas HP,Aff,20.859,23.651,2.792,35.919,34.815,-1.103
wake_3,wake,3,Michigan ES,Emory ST,Aff,35.62,35.628,0.008,19.577,19.555,-0.022
wake_3,wake,3,Liberty SS,Iowa AP,Neg,30.764,28.74,-2.024,35.967,36.083,0.116
wake_3,wake,3,Michigan State JS,Emory GS,Neg,30.338,30.303,-0.036,41.684,41.71,0.026
wake_3,wake,3,Northwestern LR,Emory KS,Aff,39.692,39.821,0.13,33.526,33.36,-0.166
wake_3,wake,3,Dartmouth JR,Georgetown AC,Neg,25.116,25.097,-0.019,39.306,39.32,0.013
wake_3,wake,3,Harvard DS,Kansas SS,Aff,31.017,31.402,0.385,29.865,29.39,-0.474
wake_3,wake,3,Texas FL,Michigan State GL,Aff,33.66,34.728,1.067,38.537,38.069,-0.469
wake_3,wake,3,Michigan SS (Shah/Shih),Emory LY,Aff,36.555,36.797,0.242,35.084,34.843,-0.241
wake_3,wake,3,Emory RY,UC Berkeley BU,Neg,33.604,33.097,-0.508,28.98,29.607,0.627
wake_3,wake,3,Kansas OW,Michigan AO,Aff,34.278,34.422,0.143,29.832,29.667,-0.165
wake_3,wake,3,UC Berkeley MR,Northwestern AT,Aff,31.959,32.403,0.445,34.227,33.818,-0.409
wake_3,wake,3,Kansas AU,Northwestern NP,Neg,33.599,33.197,-0.402,34.429,34.958,0.529
wake_3,wake,3,Emory AS,Cal State Fullerton CD,Aff,26.003,26.495,0.491,24.665,21.953,-2.712
wake_3,wake,3,Rochester OR,Michigan CC,Neg,18.001,17.864,-0.137,31.434,31.471,0.037
wake_3,wake,3,Iowa EW,West Georgia KM,Aff,29.206,29.399,0.192,24.054,22.102,-1.952
wake_3,wake,3,Navy CR,Kentucky RW,Neg,23.105,23.031,-0.074,32.971,33.052,0.081
wake_3,wake,3,Western Kentucky KN,Georgetown KL,Aff,22.756,23.461,0.705,21.104,20.4,-0.704
wake_3,wake,3,Missouri State CG,George Mason WW,Neg,21.121,20.955,-0.166,30.68,30.763,0.083
wake_3,wake,3,Dartmouth GH (Guo/Hatton),Georgetown VP,Aff,25.008,25.587,0.579,21.574,20.812,-0.762
wake_3,wake,3,Northwestern LL,Michigan BL,Aff,24.584,24.835,0.251,20.152,19.662,-0.489
wake_3,wake,3,Northwestern HP,Western Kentucky CF,Neg,16.345,16.229,-0.116,27.087,27.183,0.096
wake_3,wake,3,Emory CR,Baylor MP,Aff,20.437,21.158,0.722,17.136,16.642,-0.494
wake_3,wake,3,Kansas BW,Michigan AM,Neg,29.281,28.686,-0.596,23.153,24.33,1.178
wake_3,wake,3,Kansas CS,Emory CF (Cannaday/Feldman),Aff,21.956,22.98,1.024,26.14,23.373,-2.767
wake_3,wake,3,Western Kentucky SS (Schintgen/StPeter),Southern California BR,Neg,23.978,23.707,-0.271,29.755,29.911,0.156
wake_3,wake,3,Kansas CF,Southern California AS,Aff,27.17,28.411,1.241,26.634,23.907,-2.727
wake_3,wake,3,UTD HH,Southern California MT,Neg,24.882,24.174,-0.707,24.107,24.658,0.551
wake_3,wake,3,Emory CT,Northwestern LW,Aff,22.767,24.457,1.69,26.654,25.77,-0.884
wake_3,wake,3,Iowa KS,Harvard BS,Aff,23.751,24.227,0.476,27.497,23.889,-3.608
wake_3,wake,3,Baylor BK,NYU JT,Neg,21.586,21.193,-0.393,24.215,24.934,0.719
wake_3,wake,3,Kansas ST,Kansas State AS,Aff,26.502,27.445,0.943,22.892,22.443,-0.45
wake_3,wake,3,UMass Amherst LM,Cal State Fullerton MA,Neg,26.702,19.803,-6.9,18.332,19.887,1.555
wake_3,wake,3,Kansas BP (Pace/Blaser),Emory OP,Neg,21.971,21.447,-0.524,27.669,27.912,0.243
wake_3,wake,3,Northwestern AK,Georgetown GT,Neg,30.424,28.064,-2.36,21.699,23.138,1.439
wake_3,wake,3,Kansas BM,Southern California BM,Neg,24.059,23.758,-0.301,25.468,25.976,0.508
wake_3,wake,3,Georgetown LN,Emory KW,Aff,20.935,21.216,0.28,16.9,16.257,-0.643
wake_3,wake,3,Texas SH,Wake Forest HN,Neg,17.154,16.25,-0.904,26.326,26.414,0.087
wake_3,wake,3,Dartmouth BC,Missouri State BK,Aff,25.478,25.644,0.165,19.486,19.137,-0.349
wake_3,wake,3,Harvard/Amherst SL,Cal State Fullerton MN,Aff,11.018,13.142,2.124,17.884,14.243,-3.641
wake_3,wake,3,Emory CG,Trinity BK,Neg,14.698,14.162,-0.536,13.83,16.983,3.153
wake_3,wake,3,West Point OS,Missouri State BC,Aff,18.041,18.76,0.719,11.338,10.629,-0.709
wake_3,wake,3,Indiana FT,Southern Nazarene HS,Aff,12.193,13.302,1.109,16.146,13.881,-2.265
wake_3,wake,3,Towson DP,George Mason RS,Neg,17.937,13.752,-4.184,12.059,13.52,1.461
wake_3,wake,3,Louisville VJ,Oklahoma DT,Aff,18.091,20.996,2.905,17.592,16.922,-0.671
wake_3,wake,3,George Mason RT,Liberty TK,Aff,18.212,19.091,0.879,16.956,14.349,-2.607
wake_3,wake,3,Navy LS,CSU Long Beach ES,Aff,14.635,16.667,2.033,19.395,17.752,-1.642
wake_3,wake,3,Binghamton PT,Wyoming CH,Neg,10.843,10.509,-0.334,20.18,20.27,0.09
wake_3,wake,3,Kentucky RS,Western Kentucky IS,Neg,16.486,13.9,-2.586,16.817,18.842,2.025
wake_3,wake,3,Stanford LL,UTD PR,Aff,31.773,32.192,0.419,31.287,31.014,-0.274
wake_3,wake,3,Gonzaga RW,Houston IH,Aff,24.87,25.158,0.287,24.545,21.114,-3.43
wake_3,wake,3,Macalester WC,Michigan State FM,Neg,25.257,23.405,-1.852,29.958,30.193,0.235
wake_3,wake,3,Missouri State HN,Houston SF,Neg,21.06,20.723,-0.337,27.323,28.746,1.422
wake_3,wake,3,Wyoming WW,UTD DD,Neg,20.609,20.294,-0.315,24.104,24.552,0.448
wake_3,wake,3,Kansas HL,Minnesota HU,Neg,18.541,18.235,-0.306,24.257,24.445,0.188
wake_3,wake,3,Northern Iowa VM,Georgia CP,Neg,15.628,13.867,-1.761,19.758,20.115,0.357
wake_3,wake,3,Northern Iowa CD,UT San Antonio CG,Neg,16.354,13.826,-2.528,16.784,19.119,2.335
wake_3,wake,3,UTD KR,Oklahoma BS,Neg,18.349,15.322,-3.028,18.131,18.983,0.852
wake_4,wake,4,Northwestern PS,Texas FL,Neg,36.246,35.816,-0.431,34.728,35.419,0.691
wake_4,wake,4,Michigan AM,Kansas State RS,Aff,24.33,24.773,0.443,22.715,21.839,-0.876
wake_4,wake,4,Iowa AP,Binghamton CK,Neg,36.083,35.849,-0.234,37.353,37.555,0.202
wake_4,wake,4,UTD PR,Wake Forest DE,Aff,31.014,31.169,0.156,26.95,26.702,-0.249
wake_4,wake,4,Kansas JB,Wake Forest SW,Aff,25.833,26.366,0.533,21.078,19.678,-1.4
wake_4,wake,4,Georgetown AC,Kansas LS,Neg,39.32,39.077,-0.242,41.201,41.416,0.215
wake_4,wake,4,Minnesota HU,Liberty CL,Neg,24.445,24.264,-0.181,30.175,30.302,0.127
wake_4,wake,4,Iowa BS,Michigan State JS,Neg,26.97,26.723,-0.247,30.303,30.516,0.214
wake_4,wake,4,George Mason DE,Kansas CS,Neg,27.437,23.914,-3.523,22.98,23.887,0.907
wake_4,wake,4,Oklahoma DT,Kansas HM,Aff,16.922,17.505,0.584,14.292,13.594,-0.698
wake_4,wake,4,Oklahoma BS,Wyoming WW,Neg,18.983,18.146,-0.837,20.294,20.694,0.401
wake_4,wake,4,Liberty TK,Texas SH,Aff,14.349,16.817,2.469,16.25,13.65,-2.6
wake_4,wake,4,Emory GS,Kansas OW,Aff,41.71,41.784,0.074,34.422,34.342,-0.079
wake_4,wake,4,Northwestern NP,Harvard DS,Neg,34.958,34.147,-0.811,31.402,32.026,0.624
wake_4,wake,4,Wichita State GM,UC Berkeley MR,Neg,27.713,27.539,-0.174,32.403,32.563,0.16
wake_4,wake,4,UC Berkeley BU,Michigan SS (Shah/Shih),Neg,29.607,29.499,-0.108,36.797,36.882,0.085
wake_4,wake,4,Kentucky RW,Michigan BP,Neg,33.052,32.949,-0.103,41.788,41.837,0.049
wake_4,wake,4,Southern California MT,Michigan ES,Neg,24.658,24.599,-0.059,35.628,35.664,0.037
wake_4,wake,4,Southern California BM,Northwestern LR,Neg,25.976,25.947,-0.03,39.821,39.838,0.017
wake_4,wake,4,Emory LY,Navy LS,Aff,34.843,34.847,0.004,16.667,16.649,-0.019
wake_4,wake,4,Kansas HP,George Mason RT,Aff,34.815,34.827,0.012,19.091,19.048,-0.043
wake_4,wake,4,Michigan State GL,Harvard/Amherst SL,Aff,38.069,38.069,0.0,13.142,13.141,-0.001
wake_4,wake,4,Emory KS,Louisville VJ,Aff,33.36,33.414,0.054,20.996,20.618,-0.379
wake_4,wake,4,Michigan AO,Dartmouth GH (Guo/Hatton),Aff,29.667,29.835,0.168,25.587,25.082,-0.505
wake_4,wake,4,Kansas SS,Wake Forest AB,Aff,29.39,29.696,0.305,25.649,25.348,-0.301
wake_4,wake,4,Northwestern AT,Kansas ST,Aff,33.818,33.928,0.11,27.445,26.902,-0.543
wake_4,wake,4,Western Kentucky CF,Gonzaga RW,Aff,27.183,27.672,0.489,25.158,24.862,-0.296
wake_4,wake,4,George Mason WW,Liberty SS,Aff,30.763,31.037,0.274,28.74,26.463,-2.277
wake_4,wake,4,UTD DD,Texas GS,Aff,24.552,25.143,0.591,23.651,23.005,-0.646
wake_4,wake,4,Michigan State GS,Emory CR,Aff,31.425,31.479,0.053,21.158,20.982,-0.176
wake_4,wake,4,UTD HK,Emory AS,Aff,31.442,31.637,0.195,26.495,26.156,-0.338
wake_4,wake,4,Southern California BR,Emory RY,Neg,29.911,29.672,-0.239,33.097,33.285,0.188
wake_4,wake,4,Michigan CC,Dartmouth JR,Aff,31.471,31.635,0.164,25.097,24.935,-0.161
wake_4,wake,4,Michigan State FM,Iowa KS,Aff,30.193,30.39,0.197,24.227,24.066,-0.161
wake_4,wake,4,Cal State Fullerton MA,Iowa EW,Neg,19.887,19.655,-0.232,29.399,29.485,0.086
wake_4,wake,4,Emory ST,Kansas CF,Neg,19.555,19.354,-0.201,28.411,28.801,0.39
wake_4,wake,4,NYU JT,Emory CT,Aff,24.934,25.763,0.829,24.457,23.542,-0.915
wake_4,wake,4,Emory OP,Western Kentucky KN,Aff,27.912,28.2,0.288,23.461,23.019,-0.442
wake_4,wake,4,Wake Forest LW,Kansas AU,Neg,31.347,31.036,-0.311,33.197,33.536,0.339
wake_4,wake,4,Georgetown GT,Baylor DL,Aff,23.138,24.584,1.446,31.509,30.772,-0.737
wake_4,wake,4,Georgia CK,Kentucky RS,Aff,25.429,25.497,0.068,13.9,13.428,-0.472
wake_4,wake,4,Kansas State AS,Missouri State CG,Neg,22.443,21.616,-0.827,20.955,21.884,0.929
wake_4,wake,4,Michigan BL,Rochester OR,Aff,19.662,20.283,0.62,17.864,16.712,-1.151
wake_4,wake,4,Harvard BS,Indiana FT,Aff,23.889,24.291,0.402,13.302,13.158,-0.144
wake_4,wake,4,Northwestern LW,Navy CR,Aff,25.77,26.183,0.413,23.031,22.737,-0.295
wake_4,wake,4,Wake Forest HN,Northwestern AK,Aff,26.414,26.82,0.406,28.064,26.896,-1.168
wake_4,wake,4,Georgia CP,UTD HH,Aff,20.115,21.123,1.008,24.174,23.276,-0.898
wake_4,wake,4,Southern California AS,West Point OS,Aff,23.907,25.215,1.308,18.76,17.974,-0.785
wake_4,wake,4,Georgetown KL,Missouri State HN,Neg,20.4,19.636,-0.764,20.723,21.488,0.765
wake_4,wake,4,Emory CF (Cannaday/Feldman),Missouri State NS,Aff,23.373,25.226,1.853,25.213,24.529,-0.684
wake_4,wake,4,Trinity BK,Kansas BW,Neg,16.983,16.603,-0.381,28.686,28.729,0.044
wake_4,wake,4,Baylor MP,Western Kentucky SS (Schintgen/StPeter),Neg,16.642,16.392,-0.25,23.707,23.91,0.203
wake_4,wake,4,West Georgia KM,Kansas BM,Neg,22.102,19.784,-2.318,23.758,23.994,0.236
wake_4,wake,4,George Mason RS,Georgetown LN,Neg,13.52,13.21,-0.31,21.216,21.358,0.143
wake_4,wake,4,Cal State Fullerton CD,Kansas BP (Pace/Blaser),Neg,21.953,19.493,-2.46,21.447,22.387,0.94
wake_4,wake,4,UT San Antonio CG,Northwestern HP,Neg,19.119,16.018,-3.102,16.229,17.037,0.809
wake_4,wake,4,CSU Long Beach ES,Emory CG,Neg,17.752,16.307,-1.445,14.162,14.984,0.822
wake_4,wake,4,Southern Nazarene HS,Towson DP,Aff,13.881,15.033,1.152,13.752,11.857,-1.895
wake_4,wake,4,Emory KW,UTD KR,Neg,16.257,15.338,-0.919,15.322,17.84,2.518
wake_4,wake,4,Georgetown WC,Binghamton PT,Neg,14.521,11.331,-3.19,10.509,12.097,1.588
wake_4,wake,4,Missouri State BK,Northern Iowa VM,Aff,19.137,19.497,0.36,13.867,12.651,-1.216
wake_4,wake,4,CSU Long Beach OM,Stanford LL,Neg,36.588,36.218,-0.37,32.192,32.88,0.688
wake_4,wake,4,Houston SF,Northwestern LL,Neg,28.746,25.205,-3.54,24.835,25.374,0.539
wake_4,wake,4,Georgetown VP,Macalester WC,Neg,20.812,20.114,-0.698,23.405,25.251,1.846
wake_4,wake,4,Western Kentucky IS,Baylor BK,Neg,18.842,17.197,-1.644,21.193,21.551,0.358
wake_4,wake,4,Minnesota MW,Dartmouth BC,Neg,23.42,21.783,-1.637,25.644,25.912,0.268
wake_4,wake,4,Houston IH,Kansas HL,Aff,21.114,23.02,1.906,18.235,17.831,-0.404
wake_4,wake,4,Wyoming CH,UMass Amherst LM,Aff,20.27,20.588,0.317,19.803,17.19,-2.613
wake_4,wake,4,Cal State Fullerton MN,Northern Iowa CD,Neg,14.243,12.683,-1.56,13.826,16.242,2.416
wake_5,wake,5,George Mason RT,UTD KR,Aff,19.048,19.926,0.878,17.84,16.23,-1.61
wake_5,wake,5,Georgetown VP,Emory CG,Aff,20.114,20.614,0.499,14.984,14.723,-0.261
wake_5,wake,5,Liberty SS,Michigan BL,Neg,26.463,22.778,-3.684,20.283,21.398,1.116
wake_5,wake,5,Michigan CC,Wichita State GM,Aff,31.635,31.877,0.242,27.539,27.353,-0.187
wake_5,wake,5,Western Kentucky SS (Schintgen/StPeter),Cal State Fullerton MA,Aff,23.91,24.227,0.317,19.655,19.068,-0.587
wake_5,wake,5,Navy LS,Kansas HL,Aff,16.649,17.969,1.32,17.831,17.146,-0.685
wake_5,wake,5,Emory ST,Kansas BP (Pace/Blaser),Neg,19.354,18.851,-0.503,22.387,23.042,0.655
wake_5,wake,5,Iowa BS,Texas GS,Aff,26.723,26.943,0.221,23.005,22.595,-0.41
wake_5,wake,5,Navy CR,Rochester OR,Aff,22.737,22.901,0.164,16.712,16.16,-0.553
wake_5,wake,5,Iowa KS,Dartmouth BC,Neg,24.066,23.756,-0.31,25.912,26.221,0.31
wake_5,wake,5,Kansas State AS,Binghamton PT,Aff,21.616,21.756,0.14,12.097,11.835,-0.262
wake_5,wake,5,Kansas CF,Northwestern NP,Neg,28.801,28.138,-0.663,34.147,34.375,0.228
wake_5,wake,5,Missouri State BC,UMass Amherst LM,Neg,10.629,9.98,-0.649,17.19,18.109,0.919
wake_5,wake,5,Kansas BM,Southern California MT,Neg,23.994,23.675,-0.319,24.599,25.045,0.446
wake_5,wake,5,Stanford LL,Michigan SS (Shah/Shih),Neg,32.88,32.658,-0.222,36.882,37.037,0.155
wake_5,wake,5,Emory KW,Kentucky RS,Aff,15.338,15.977,0.64,13.428,11.602,-1.826
wake_5,wake,5,Kansas ST,Wake Forest LW,Neg,26.902,26.193,-0.709,31.036,31.24,0.204
wake_5,wake,5,Wake Forest AB,Kansas JB,Neg,25.348,24.941,-0.408,26.366,27.261,0.896
wake_5,wake,5,Georgetown GT,Liberty CL,Aff,24.584,25.654,1.07,30.302,29.768,-0.534
wake_5,wake,5,George Mason WW,Michigan State GL,Neg,31.037,30.905,-0.132,38.069,38.156,0.087
wake_5,wake,5,Cal State Fullerton MN,Towson DP,Neg,12.683,11.157,-1.526,11.857,13.565,1.708
wake_5,wake,5,UC Berkeley BU,Northwestern LL,Neg,29.499,28.954,-0.544,25.374,26.078,0.704
wake_5,wake,5,Dartmouth JR,Wyoming CH,Aff,24.935,25.163,0.227,20.588,20.372,-0.216
wake_5,wake,5,Missouri State BK,Harvard/Amherst SL,Aff,19.497,19.791,0.294,13.141,12.635,-0.506
wake_5,wake,5,UTD HK,Iowa EW,Neg,31.637,31.128,-0.509,29.485,30.036,0.551
wake_5,wake,5,NYU JT,Kansas SS,Neg,25.763,25.271,-0.492,29.696,29.975,0.279
wake_5,wake,5,Western Kentucky KN,Northwestern LW,Aff,23.019,24.085,1.065,26.183,25.42,-0.763
wake_5,wake,5,Kansas OW,Michigan State FM,Aff,34.342,34.492,0.15,30.39,30.117,-0.273
wake_5,wake,5,Macalester WC,George Mason DE,Aff,25.251,26.902,1.651,23.914,22.473,-1.441
wake_5,wake,5,Emory OP,Iowa AP,Neg,28.2,28.051,-0.149,35.849,35.922,0.073
wake_5,wake,5,Texas SH,Kansas HM,Aff,13.65,15.687,2.037,13.594,12.816,-0.779
wake_5,wake,5,Houston IH,Emory AS,Neg,23.02,21.532,-1.488,26.156,26.545,0.389
wake_5,wake,5,Oklahoma DT,Northwestern AK,Neg,17.505,17.338,-0.168,26.896,27.079,0.183
wake_5,wake,5,Baylor MP,Wake Forest SW,Neg,16.392,15.973,-0.419,19.678,21.106,1.428
wake_5,wake,5,Oklahoma BS,UT San Antonio CG,Neg,18.146,17.189,-0.957,16.018,18.267,2.25
wake_5,wake,5,Emory CF (Cannaday/Feldman),Wyoming WW,Aff,25.226,25.947,0.721,20.694,20.455,-0.239
wake_5,wake,5,Kentucky RW,Georgia CP,Aff,32.949,32.997,0.047,21.123,21.059,-0.064
wake_5,wake,5,UTD HH,Cal State Fullerton CD,Aff,23.276,23.582,0.306,19.493,18.24,-1.253
wake_5,wake,5,Northwestern PS,Emory RY,Aff,35.816,36.066,0.25,33.285,33.082,-0.203
wake_5,wake,5,Baylor DL,Northern Iowa CD,Aff,30.772,30.794,0.023,16.242,16.069,-0.173
wake_5,wake,5,Indiana FT,Missouri State NS,Neg,13.158,13.062,-0.096,24.529,24.603,0.074
wake_5,wake,5,Houston SF,Baylor BK,Neg,25.205,22.547,-2.659,21.551,22.2,0.649
wake_5,wake,5,Emory KS,Kansas HP,Neg,33.414,33.064,-0.35,34.827,35.105,0.278
wake_5,wake,5,Northwestern LR,UC Berkeley MR,Neg,39.838,39.14,-0.699,32.563,33.219,0.655
wake_5,wake,5,CSU Long Beach OM,Michigan AM,Aff,36.218,36.241,0.023,24.773,24.715,-0.058
wake_5,wake,5,Kansas State RS,Minnesota HU,Neg,21.839,21.127,-0.712,24.264,24.558,0.293
wake_5,wake,5,Southern California BR,Missouri State HN,Aff,29.672,29.763,0.09,21.488,21.289,-0.199
wake_5,wake,5,Emory CR,Southern California AS,Neg,20.982,20.461,-0.521,25.215,26.484,1.269
wake_5,wake,5,Harvard BS,Northwestern HP,Aff,24.291,24.964,0.673,17.037,16.803,-0.235
wake_5,wake,5,Kansas BW,Southern California BM,Neg,28.729,28.309,-0.42,25.947,26.724,0.778
wake_5,wake,5,Georgetown KL,Minnesota MW,Aff,19.636,20.46,0.824,21.783,19.677,-2.106
wake_5,wake,5,Michigan State GS,Emory GS,Neg,31.479,31.433,-0.046,41.784,41.818,0.034
wake_5,wake,5,Michigan State JS,UTD DD,Neg,30.516,29.953,-0.563,25.143,26.252,1.109
wake_5,wake,5,Georgetown WC,CSU Long Beach ES,Neg,11.331,10.316,-1.015,16.307,16.736,0.429
wake_5,wake,5,Liberty TK,Western Kentucky IS,Aff,16.817,18.739,1.922,17.197,15.562,-1.635
wake_5,wake,5,West Point OS,West Georgia KM,Neg,17.974,16.912,-1.062,19.784,21.457,1.673
wake_5,wake,5,Texas FL,Binghamton CK,Neg,35.419,35.01,-0.409,37.555,37.725,0.17
wake_5,wake,5,Emory CT,Missouri State CG,Aff,23.542,24.268,0.726,21.884,21.307,-0.577
wake_5,wake,5,Georgetown AC,Kansas CS,Aff,39.077,39.087,0.01,23.887,23.863,-0.024
wake_5,wake,5,George Mason RS,Trinity BK,Aff,13.21,14.327,1.117,16.603,13.846,-2.756
wake_5,wake,5,Michigan AO,Emory LY,Neg,29.835,29.693,-0.141,34.847,34.978,0.131
wake_5,wake,5,Dartmouth GH (Guo/Hatton),Gonzaga RW,Aff,25.082,25.878,0.796,24.862,24.507,-0.355
wake_5,wake,5,Georgetown LN,Wake Forest HN,Neg,21.358,21.149,-0.209,26.82,26.968,0.148
wake_5,wake,5,Michigan BP,Kansas LS,Aff,41.837,42.058,0.221,41.416,41.158,-0.258
wake_5,wake,5,Kansas AU,UTD PR,Aff,33.536,33.839,0.303,31.169,30.97,-0.2
wake_5,wake,5,Western Kentucky CF,Northwestern AT,Neg,27.672,27.445,-0.227,33.928,34.037,0.109
wake_5,wake,5,Michigan ES,Harvard DS,Aff,35.664,35.845,0.18,32.026,31.783,-0.243
wake_5,wake,5,Southern Nazarene HS,Louisville VJ,Neg,15.033,14.492,-0.541,20.618,21.752,1.135
wake_5,wake,5,Georgia CK,Wake Forest DE,Neg,25.497,25.121,-0.376,26.702,27.066,0.365
wake_6,wake,6,Wake Forest SW,Emory CR,Neg,21.106,19.263,-1.843,20.461,21.332,0.87
wake_6,wake,6,UC Berkeley MR,Michigan ES,Aff,33.219,33.63,0.411,35.845,35.438,-0.407
wake_6,wake,6,Michigan SS (Shah/Shih),CSU Long Beach OM,Neg,37.037,36.731,-0.306,36.241,36.49,0.249
wake_6,wake,6,Missouri State NS,Georgia CK,Neg,24.603,24.055,-0.548,25.121,25.508,0.387
wake_6,wake,6,Northwestern HP,Houston SF,Neg,16.803,16.515,-0.288,22.547,23.247,0.7
wake_6,wake,6,Northwestern LL,Georgetown AC,Neg,26.078,26.051,-0.027,39.087,39.106,0.019
wake_6,wake,6,Texas GS,Navy LS,Aff,22.595,22.921,0.326,17.969,17.42,-0.548
wake_6,wake,6,Northwestern NP,Emory CT,Neg,34.375,33.225,-1.15,24.268,26.281,2.013
wake_6,wake,6,UT San Antonio CG,Georgetown LN,Neg,18.267,17.169,-1.099,21.149,21.439,0.29
wake_6,wake,6,Emory AS,Western Kentucky KN,Aff,26.545,26.989,0.444,24.085,23.586,-0.499
wake_6,wake,6,UTD PR,Emory CF (Cannaday/Feldman),Aff,30.97,31.093,0.124,25.947,25.349,-0.599
wake_6,wake,6,Wyoming WW,UTD HH,Neg,20.455,20.16,-0.296,23.582,23.931,0.349
wake_6,wake,6,Kansas HM,Indiana FT,Neg,12.816,12.013,-0.802,13.062,13.755,0.693
wake_6,wake,6,Kentucky RS,Cal State Fullerton MN,Neg,11.602,9.738,-1.864,11.157,12.416,1.259
wake_6,wake,6,Emory CG,Liberty SS,Aff,14.723,15.67,0.947,22.778,19.364,-3.414
wake_6,wake,6,Kansas BP (Pace/Blaser),Michigan State GS,Neg,23.042,22.808,-0.234,31.433,31.512,0.079
wake_6,wake,6,Kansas JB,Kentucky RW,Neg,27.261,26.862,-0.399,32.997,33.188,0.191
wake_6,wake,6,CSU Long Beach ES,West Point OS,Aff,16.736,17.528,0.792,16.912,15.604,-1.308
wake_6,wake,6,Northern Iowa CD,Wake Forest AB,Neg,16.069,15.49,-0.579,24.941,25.055,0.114
wake_6,wake,6,Emory RY,Kansas CF,Aff,33.082,33.212,0.13,28.138,27.502,-0.637
wake_6,wake,6,Northwestern AK,Kansas State RS,Neg,27.079,25.686,-1.393,21.127,22.626,1.498
wake_6,wake,6,Wake Forest DE,Western Kentucky CF,Aff,27.066,27.487,0.42,27.445,26.847,-0.598
wake_6,wake,6,Southern California MT,Michigan State JS,Neg,25.045,24.826,-0.219,29.953,30.104,0.151
wake_6,wake,6,Michigan State GL,Georgetown GT,Aff,38.156,38.177,0.021,25.654,25.612,-0.042
wake_6,wake,6,UTD KR,Iowa KS,Neg,16.23,15.664,-0.566,23.756,23.871,0.115
wake_6,wake,6,Iowa AP,Harvard BS,Aff,35.922,35.96,0.039,24.964,24.687,-0.277
wake_6,wake,6,Wichita State GM,Iowa BS,Aff,27.353,27.667,0.314,26.943,26.591,-0.352
wake_6,wake,6,Michigan State FM,Southern California BR,Neg,30.117,29.637,-0.48,29.763,30.129,0.366
wake_6,wake,6,George Mason DE,Missouri State BK,Aff,22.473,23.643,1.169,19.791,19.317,-0.474
wake_6,wake,6,Harvard/Amherst SL,Emory KW,Aff,12.635,14.181,1.546,15.977,14.843,-1.135
wake_6,wake,6,Kansas LS,Western Kentucky SS (Schintgen/StPeter),Aff,41.158,41.162,0.004,24.227,24.218,-0.009
wake_6,wake,6,Missouri State CG,Georgetown VP,Aff,21.307,21.91,0.603,20.614,19.761,-0.853
wake_6,wake,6,Wyoming CH,Liberty TK,Neg,20.372,19.965,-0.407,18.739,20.809,2.069
wake_6,wake,6,Wake Forest HN,Michigan AO,Neg,26.968,26.737,-0.232,29.693,29.897,0.203
wake_6,wake,6,Minnesota HU,Emory KS,Neg,24.558,24.464,-0.093,33.064,33.155,0.092
wake_6,wake,6,Kansas HL,Oklahoma DT,Aff,17.146,17.745,0.599,17.338,16.57,-0.768
wake_6,wake,6,Emory LY,Kansas OW,Neg,34.978,34.681,-0.297,34.492,34.774,0.282
wake_6,wake,6,Western Kentucky IS,Missouri State BC,Aff,15.562,16.294,0.732,9.98,9.296,-0.684
wake_6,wake,6,Southern California BM,NYU JT,Aff,26.724,27.144,0.42,25.271,24.622,-0.649
wake_6,wake,6,Louisville VJ,Kansas State AS,Neg,21.752,19.802,-1.951,21.756,22.316,0.56
wake_6,wake,6,Southern California AS,Baylor DL,Neg,26.484,25.397,-1.087,30.794,30.959,0.165
wake_6,wake,6,Georgia CP,George Mason RT,Neg,21.059,20.414,-0.645,19.926,21.087,1.161
wake_6,wake,6,Northwestern LW,Houston IH,Aff,25.42,25.707,0.286,21.532,20.404,-1.128
wake_6,wake,6,Northwestern AT,Kansas AU,Aff,34.037,34.319,0.282,33.839,33.447,-0.391
wake_6,wake,6,Harvard DS,Dartmouth GH (Guo/Hatton),Aff,31.783,31.939,0.157,25.878,25.57,-0.308
wake_6,wake,6,Kansas HP,Stanford LL,Aff,35.105,35.337,0.232,32.658,32.384,-0.274
wake_6,wake,6,Missouri State HN,Kansas BM,Neg,21.289,20.754,-0.535,23.675,23.911,0.236
wake_6,wake,6,Binghamton CK,Michigan BP,Neg,37.725,37.607,-0.119,42.058,42.176,0.118
wake_6,wake,6,Cal State Fullerton MA,Georgetown KL,Aff,19.068,20.16,1.092,20.46,19.684,-0.777
wake_6,wake,6,Kansas CS,Macalester WC,Aff,23.863,24.674,0.811,26.902,24.538,-2.365
wake_6,wake,6,Michigan AM,Dartmouth JR,Neg,24.715,24.208,-0.507,25.163,25.548,0.386
wake_6,wake,6,West Georgia KM,Kansas BW,Neg,21.457,20.724,-0.733,28.309,28.411,0.102
wake_6,wake,6,Rochester OR,Northern Iowa VM,Aff,16.16,16.854,0.694,12.651,11.376,-1.275
wake_6,wake,6,Towson DP,Texas SH,Aff,13.565,15.187,1.622,15.687,13.722,-1.965
wake_6,wake,6,Michigan BL,George Mason WW,Neg,21.398,21.258,-0.141,30.905,30.981,0.076
wake_6,wake,6,Binghamton PT,Kansas ST,Neg,11.835,11.754,-0.081,26.193,26.272,0.079
wake_6,wake,6,Trinity BK,Baylor MP,Neg,13.846,12.549,-1.297,15.973,16.445,0.472
wake_6,wake,6,Gonzaga RW,Navy CR,Aff,24.507,24.802,0.295,22.901,22.571,-0.33
wake_6,wake,6,Cal State Fullerton CD,Oklahoma BS,Neg,18.24,16.41,-1.83,17.189,18.001,0.812
wake_6,wake,6,UMass Amherst LM,Emory ST,Aff,18.109,20.121,2.012,18.851,18.171,-0.68
wake_6,wake,6,UTD DD,Texas FL,Neg,26.252,26.121,-0.131,35.01,35.124,0.114
wake_6,wake,6,Baylor BK,UC Berkeley BU,Neg,22.2,22.028,-0.171,28.954,29.066,0.112
wake_6,wake,6,Iowa EW,Northwestern LR,Neg,30.036,29.956,-0.08,39.14,39.202,0.062
wake_6,wake,6,Wake Forest LW,Emory OP,Aff,31.24,31.477,0.237,28.051,27.719,-0.331
wake_6,wake,6,Kansas SS,Northwestern PS,Aff,29.975,30.867,0.892,36.066,35.439,-0.626
wake_6,wake,6,Emory GS,Michigan CC,Aff,41.818,41.856,0.038,31.877,31.811,-0.066
wake_6,wake,6,Liberty CL,George Mason RS,Aff,29.768,29.777,0.01,14.327,14.297,-0.031
wake_6,wake,6,Dartmouth BC,UTD HK,Neg,26.221,26.039,-0.182,31.128,31.309,0.181
wake_7,wake,7,Northwestern PS,Liberty TK,Aff,35.439,35.457,0.018,20.809,20.721,-0.087
wake_7,wake,7,Western Kentucky CF,Kansas State RS,Neg,26.847,26.052,-0.795,22.626,23.829,1.203
wake_7,wake,7,Kansas HP,Binghamton CK,Aff,35.337,35.755,0.418,37.607,37.314,-0.293
wake_7,wake,7,Wake Forest DE,Kansas AU,Neg,27.487,27.333,-0.153,33.447,33.596,0.149
wake_7,wake,7,Towson DP,Wake Forest SW,Aff,15.187,16.905,1.718,19.263,17.221,-2.042
wake_7,wake,7,Harvard DS,Kansas LS,Neg,31.939,31.868,-0.072,41.162,41.211,0.048
wake_7,wake,7,Dartmouth JR,Liberty CL,Neg,25.548,25.334,-0.214,29.777,29.933,0.156
wake_7,wake,7,George Mason RT,Iowa BS,Neg,21.087,20.666,-0.42,26.591,26.742,0.151
wake_7,wake,7,Texas GS,George Mason DE,Neg,22.921,22.409,-0.512,23.643,24.936,1.294
wake_7,wake,7,Northern Iowa CD,Missouri State BC,Neg,15.49,12.598,-2.892,9.296,11.311,2.015
wake_7,wake,7,Michigan BL,Southern California AS,Neg,21.258,20.881,-0.377,25.397,26.337,0.94
wake_7,wake,7,Michigan State GL,Michigan BP,Neg,38.177,38.024,-0.153,42.176,42.299,0.123
wake_7,wake,7,UC Berkeley MR,Emory GS,Neg,33.63,33.562,-0.068,41.856,41.914,0.058
wake_7,wake,7,Kansas OW,Iowa AP,Neg,34.774,34.554,-0.22,35.96,36.186,0.226
wake_7,wake,7,Kansas SS,Texas FL,Neg,30.867,30.628,-0.239,35.124,35.391,0.268
wake_7,wake,7,Michigan SS (Shah/Shih),Northwestern AT,Aff,36.731,36.921,0.19,34.319,34.116,-0.203
wake_7,wake,7,Michigan ES,CSU Long Beach OM,Neg,35.438,35.185,-0.253,36.49,36.68,0.191
wake_7,wake,7,Georgetown AC,Northwestern LR,Aff,39.106,39.411,0.304,39.202,38.88,-0.322
wake_7,wake,7,Emory AS,Northwestern NP,Neg,26.989,26.762,-0.226,33.225,33.4,0.174
wake_7,wake,7,Georgetown GT,Southern California BM,Aff,25.612,26.244,0.632,27.144,26.56,-0.584
wake_7,wake,7,Wichita State GM,Southern California BR,Neg,27.667,27.44,-0.228,30.129,30.372,0.243
wake_7,wake,7,Emory LY,UTD PR,Aff,34.681,34.841,0.16,31.093,30.935,-0.159
wake_7,wake,7,UTD DD,Michigan State GS,Aff,26.121,27.111,0.99,31.512,30.96,-0.553
wake_7,wake,7,UC Berkeley BU,Emory CT,Aff,29.066,29.283,0.217,26.281,25.77,-0.511
wake_7,wake,7,Kansas CS,Michigan CC,Neg,24.674,24.466,-0.208,31.811,31.941,0.13
wake_7,wake,7,Michigan State JS,Baylor DL,Neg,30.104,29.825,-0.279,30.959,31.248,0.289
wake_7,wake,7,Iowa EW,Wake Forest LW,Aff,29.956,30.436,0.48,31.477,31.045,-0.431
wake_7,wake,7,Northwestern LL,UTD HK,Aff,26.051,26.778,0.727,31.309,30.673,-0.636
wake_7,wake,7,George Mason WW,Michigan AO,Neg,30.981,30.518,-0.463,29.897,30.225,0.328
wake_7,wake,7,Emory RY,Kentucky RW,Neg,33.212,32.938,-0.274,33.188,33.641,0.453
wake_7,wake,7,Michigan AM,UTD HH,Neg,24.208,23.691,-0.516,23.931,24.454,0.523
wake_7,wake,7,UMass Amherst LM,Michigan State FM,Aff,20.121,23.642,3.52,29.637,28.779,-0.858
wake_7,wake,7,Northwestern LW,Southern California MT,Neg,25.707,25.145,-0.562,24.826,25.306,0.48
wake_7,wake,7,Emory OP,Kansas BM,Aff,27.719,28.005,0.286,23.911,23.725,-0.186
wake_7,wake,7,NYU JT,Georgia CK,Neg,24.622,23.973,-0.649,25.508,25.855,0.348
wake_7,wake,7,Kansas JB,Iowa KS,Aff,26.862,27.442,0.58,23.871,23.631,-0.24
wake_7,wake,7,Missouri State CG,Western Kentucky SS (Schintgen/StPeter),Neg,21.91,21.44,-0.47,24.218,24.628,0.41
wake_7,wake,7,Kansas ST,Emory CF (Cannaday/Feldman),Aff,26.272,27.191,0.919,25.349,24.43,-0.918
wake_7,wake,7,Georgetown LN,Cal State Fullerton MA,Neg,21.439,20.947,-0.492,20.16,21.154,0.994
wake_7,wake,7,Kansas State AS,Dartmouth GH (Guo/Hatton),Aff,22.316,23.164,0.848,25.57,24.594,-0.976
wake_7,wake,7,Wake Forest HN,Dartmouth BC,Neg,26.737,26.382,-0.355,26.039,26.444,0.405
wake_7,wake,7,Kansas BW,Gonzaga RW,Neg,28.411,27.965,-0.446,24.802,25.333,0.531
wake_7,wake,7,Baylor BK,Wake Forest AB,Neg,22.028,21.708,-0.32,25.055,25.355,0.3
wake_7,wake,7,Emory CR,Harvard BS,Aff,21.332,22.393,1.061,24.687,22.624,-2.063
wake_7,wake,7,Emory ST,Southern Nazarene HS,Aff,18.171,18.569,0.398,14.492,13.802,-0.69
wake_7,wake,7,CSU Long Beach ES,Liberty SS,Neg,17.528,16.952,-0.576,19.364,20.438,1.074
wake_7,wake,7,Georgia CP,Emory CG,Aff,20.414,20.698,0.284,15.67,15.418,-0.252
wake_7,wake,7,Georgetown KL,Baylor MP,Aff,19.684,20.097,0.414,16.445,16.036,-0.409
wake_7,wake,7,UT San Antonio CG,George Mason RS,Aff,17.169,18.101,0.932,14.297,13.733,-0.564
wake_7,wake,7,Kansas HL,Harvard/Amherst SL,Aff,17.745,18.082,0.337,14.181,13.556,-0.625
wake_7,wake,7,Northwestern HP,Missouri State BK,Neg,16.515,16.073,-0.441,19.317,19.784,0.467
wake_7,wake,7,Missouri State NS,West Georgia KM,Aff,24.055,24.379,0.324,20.724,19.631,-1.092
wake_7,wake,7,Navy CR,Northwestern AK,Neg,22.571,22.324,-0.247,25.686,26.176,0.489
wake_7,wake,7,Georgetown WC,Texas SH,Aff,10.316,12.42,2.104,13.722,11.896,-1.826
wake_7,wake,7,Cal State Fullerton CD,Emory KW,Neg,16.41,14.781,-1.629,14.843,15.685,0.843
wake_7,wake,7,UTD KR,Trinity BK,Neg,15.664,13.828,-1.836,12.549,14.329,1.779
wake_7,wake,7,Cal State Fullerton MN,West Point OS,Aff,12.416,13.979,1.563,15.604,14.125,-1.479
wake_7,wake,7,Kansas HM,Kentucky RS,Neg,12.013,11.143,-0.871,9.738,11.715,1.977
wake_7,wake,7,Emory KS,Stanford LL,Aff,33.155,33.512,0.357,32.384,32.052,-0.332
wake_7,wake,7,Houston SF,Kansas CF,Aff,23.247,25.173,1.927,27.502,25.961,-1.54
wake_7,wake,7,Western Kentucky KN,Macalester WC,Aff,23.586,24.239,0.653,24.538,22.94,-1.598
wake_7,wake,7,Kansas BP (Pace/Blaser),Minnesota HU,Aff,22.808,23.853,1.045,24.464,24.005,-0.459
wake_7,wake,7,Oklahoma DT,Wyoming WW,Neg,16.57,16.141,-0.429,20.16,20.421,0.261
wake_7,wake,7,Navy LS,Wyoming CH,Neg,17.42,16.727,-0.693,19.965,20.223,0.259
wake_7,wake,7,Oklahoma BS,Louisville VJ,Neg,18.001,17.447,-0.553,19.802,21.104,1.302
wake_7,wake,7,Western Kentucky IS,Indiana FT,Aff,16.294,17.321,1.027,13.755,13.293,-0.462
wake_7,wake,7,Houston IH,Georgetown VP,Neg,20.404,18.777,-1.628,19.761,20.586,0.825
wake_7,wake,7,Binghamton PT,Northern Iowa VM,Aff,11.754,12.704,0.95,11.376,9.805,-1.571
wake_dubs,wake,dubs,Northwestern LL,Emory GS,Neg,26.778,26.767,-0.011,41.914,41.921,0.007
wake_dubs,wake,dubs,Michigan BP,Kansas AU,Aff,42.299,42.344,0.045,33.596,33.518,-0.078
wake_dubs,wake,dubs,Emory KS,Kansas LS,Neg,33.512,33.41,-0.102,41.211,41.28,0.069
wake_dubs,wake,dubs,CSU Long Beach OM,UC Berkeley BU,Aff,36.68,36.74,0.06,29.283,29.193,-0.091
wake_dubs,wake,dubs,UTD DD,Georgetown AC,Neg,27.111,27.068,-0.043,39.411,39.434,0.023
wake_dubs,wake,dubs,Michigan SS (Shah/Shih),Georgetown GT,Aff,36.921,36.954,0.033,26.244,26.178,-0.066
wake_dubs,wake,dubs,Northwestern PS,UC Berkeley MR,Neg,35.457,35.048,-0.409,33.562,33.921,0.359
wake_dubs,wake,dubs,Kansas HP,Michigan CC,Aff,35.755,35.928,0.173,31.941,31.707,-0.234
wake_dubs,wake,dubs,Northwestern LR,Iowa AP,Neg,38.88,38.459,-0.421,36.186,36.536,0.35
wake_dubs,wake,dubs,Texas FL,Iowa EW,Neg,35.391,34.591,-0.801,30.436,31.07,0.634
wake_dubs,wake,dubs,Northwestern AT,Binghamton CK,Neg,34.116,33.942,-0.175,37.314,37.451,0.138
wake_dubs,wake,dubs,Kansas SS,Emory LY,Neg,30.628,30.395,-0.233,34.841,34.98,0.14
wake_dubs,wake,dubs,Baylor DL,Michigan State GL,Neg,31.248,31.146,-0.101,38.024,38.111,0.087
wake_dubs,wake,dubs,Kansas OW,Northwestern NP,Aff,34.554,34.766,0.211,33.4,33.009,-0.39
wake_dubs,wake,dubs,Michigan ES,Kentucky RW,Aff,35.185,35.41,0.225,33.641,33.293,-0.349
wake_dubs,wake,dubs,Liberty CL,Harvard DS,Aff,29.933,30.291,0.358,31.868,31.389,-0.478
wake_octas,wake,octas,Emory GS,Liberty CL,Aff,41.921,41.943,0.022,30.291,30.266,-0.025
wake_octas,wake,octas,Michigan State GL,CSU Long Beach OM,Aff,38.111,38.334,0.223,36.74,36.563,-0.177
wake_octas,wake,octas,Georgetown AC,Emory LY,Neg,39.434,38.96,-0.474,34.98,35.402,0.421
wake_octas,wake,octas,Binghamton CK,Michigan SS (Shah/Shih),Neg,37.451,37.222,-0.229,36.954,37.231,0.277
wake_octas,wake,octas,UC Berkeley MR,Iowa EW,Aff,33.921,34.106,0.185,31.07,30.826,-0.244
wake_octas,wake,octas,Iowa AP,Kansas HP,Neg,36.536,36.268,-0.267,35.928,36.25,0.322
wake_quarters,wake,quarters,Emory GS,Kansas HP,Aff,41.943,42.043,0.099,36.25,36.134,-0.116
wake_quarters,wake,quarters,UC Berkeley MR,Michigan BP,Neg,34.106,34.044,-0.062,42.344,42.394,0.05
wake_quarters,wake,quarters,Kansas LS,Michigan SS (Shah/Shih),Aff,41.28,41.421,0.141,37.231,37.094,-0.137
wake_quarters,wake,quarters,Emory LY,Michigan State GL,Neg,35.402,35.237,-0.164,38.334,38.505,0.171
wake_semis,wake,semis,Michigan State GL,Emory GS,Neg,38.505,38.354,-0.151,42.043,42.187,0.145
wake_semis,wake,semis,Kansas LS,Michigan BP,Aff,41.421,41.708,0.287,42.394,42.149,-0.245
wake_finals,wake,finals,Emory GS,Kansas LS,Neg,42.187,41.934,-0.254,41.708,41.97,0.262
gt_1,gt,1,Georgetown AC,Kansas BC,Aff,38.96,38.997,0.037,25.0,23.822,-1.178
gt_1,gt,1,Michigan BL,Michigan State GS,Neg,20.881,20.771,-0.11,30.96,31.008,0.049
gt_1,gt,1,Dartmouth BC,Kansas MS,Neg,26.444,26.338,-0.107,34.218,35.727,1.509
gt_1,gt,1,Michigan State FM,Northwestern HP,Aff,28.779,28.811,0.032,16.073,16.025,-0.048
gt_1,gt,1,Kentucky GS,Minnesota HU,Aff,31.373,31.45,0.077,24.005,23.894,-0.112
gt_1,gt,1,Utah PP,Michigan State JS,Neg,25.0,21.461,-3.539,29.825,29.946,0.121
gt_1,gt,1,Wake Forest DE,Michigan State GL,Neg,27.333,27.29,-0.043,38.354,38.381,0.028
gt_1,gt,1,Kansas BW,Dartmouth GH (Guo/Hatton),Neg,27.965,27.564,-0.401,24.594,25.537,0.942
gt_1,gt,1,CSU Long Beach OM,Northwestern LL,Aff,36.563,36.596,0.032,26.767,26.704,-0.063
gt_1,gt,1,Baylor MP,UTD HK,Neg,16.036,16.011,-0.025,30.673,30.687,0.014
gt_1,gt,1,Dartmouth JR,Michigan BP,Neg,25.334,25.329,-0.005,42.149,42.152,0.003
gt_1,gt,1,George Mason WW,Northwestern LO,Aff,30.518,30.555,0.037,16.726,16.391,-0.336
gt_1,gt,1,Dartmouth CG,Michigan AM,Aff,31.498,31.564,0.065,23.691,23.563,-0.128
gt_1,gt,1,Missouri State NS,Emory KS,Neg,24.379,24.27,-0.109,33.41,33.485,0.075
gt_1,gt,1,Georgia CP,NYU MS,Neg,20.698,20.635,-0.063,32.127,32.191,0.064
gt_1,gt,1,Michigan CC,Kansas HL,Aff,31.707,31.728,0.022,18.082,18.051,-0.031
gt_1,gt,1,Emory LY,Northwestern LW,Aff,35.237,35.273,0.036,25.145,25.072,-0.073
gt_1,gt,1,UC Berkeley LS,Baylor DL,Neg,25.0,21.896,-3.104,31.146,31.254,0.108
gt_1,gt,1,Georgetown LN,Northwestern LR,Neg,20.947,20.942,-0.005,38.459,38.463,0.003
gt_1,gt,1,Wake Forest LW,Harvard FK,Aff,31.045,31.046,0.0,8.122,8.12,-0.001
gt_1,gt,1,Northwestern PS,Emory/Columbia AH,Aff,35.048,35.119,0.071,25.0,22.998,-2.002
gt_1,gt,1,Western Kentucky SS (Schintgen/StPeter),Harvard DS,Neg,24.628,24.445,-0.183,31.389,31.51,0.12
gt_1,gt,1,Western Kentucky KN,Emory GS,Neg,24.239,24.231,-0.007,41.934,41.936,0.003
gt_1,gt,1,Kentucky SR,Northwestern AK,Aff,28.884,31.656,2.772,26.176,25.782,-0.393
gt_1,gt,1,UC Berkeley MR,Baylor BK,Aff,34.044,34.064,0.021,21.708,21.671,-0.037
gt_1,gt,1,Harvard JS,Emory RY,Neg,25.236,24.734,-0.502,32.938,33.015,0.077
gt_1,gt,1,Harvard AB,Iowa AP,Neg,28.733,28.621,-0.111,36.268,36.334,0.066
gt_1,gt,1,Kansas AU,Rochester OR,Aff,33.518,33.527,0.009,16.854,16.825,-0.029
gt_1,gt,1,Binghamton CK,Texas FL,Aff,37.222,37.365,0.143,34.591,34.277,-0.313
gt_1,gt,1,UC Berkeley GS,Kansas SS,Neg,24.902,24.56,-0.342,30.395,30.573,0.178
gt_1,gt,1,Georgia CK,Kansas LS,Neg,25.855,25.848,-0.007,41.97,41.974,0.004
gt_1,gt,1,Iowa EW,Dartmouth BG,Aff,30.826,30.839,0.013,14.642,14.573,-0.069
gt_1,gt,1,Michigan SS (Shah/Shih),Kansas JB,Aff,37.094,37.137,0.043,27.442,27.294,-0.147
gt_1,gt,1,UMass Amherst LM,Northwestern AT,Neg,23.642,23.415,-0.226,33.942,33.985,0.043
gt_1,gt,1,Iowa BS,Michigan ES,Neg,26.742,26.668,-0.074,35.41,35.467,0.057
gt_1,gt,1,UTD PR,Dartmouth GH (Hant/Gonzalez Arce),Aff,30.935,30.967,0.033,19.294,19.054,-0.239
gt_1,gt,1,Northwestern NP,Wichita State GM,Aff,33.009,33.19,0.181,27.44,27.31,-0.13
gt_1,gt,1,Cornell MD,Michigan AO,Neg,17.78,16.978,-0.802,30.225,30.266,0.041
gt_1,gt,1,Gonzaga WW,Kansas OW,Aff,26.932,29.288,2.356,34.766,34.305,-0.461
gt_1,gt,1,George Mason DE,Emory CR,Neg,24.936,23.381,-1.556,22.393,23.328,0.936
gt_1,gt,1,Kansas HP,Macalester WK,Aff,36.134,36.28,0.145,32.892,30.242,-2.65
gt_1,gt,1,Harvard CS,UC Berkeley BU,Neg,21.7,21.082,-0.618,29.193,29.287,0.095
gt_2,gt,2,Michigan State GS,Georgetown AC,Neg,31.008,30.932,-0.076,38.997,39.065,0.069
gt_2,gt,2,Kansas BC,Michigan BL,Aff,23.822,27.377,3.555,20.771,20.437,-0.334
gt_2,gt,2,Northwestern HP,Dartmouth BC,Neg,16.025,15.932,-0.093,26.338,26.389,0.052
gt_2,gt,2,Kansas MS,Michigan State FM,Aff,35.727,37.072,1.345,28.811,28.671,-0.14
gt_2,gt,2,Michigan State JS,Kentucky GS,Neg,29.946,29.701,-0.246,31.45,31.667,0.217
gt_2,gt,2,Minnesota HU,Utah PP,Aff,23.894,24.102,0.209,21.461,18.271,-3.19
gt_2,gt,2,Dartmouth GH (Guo/Hatton),Wake Forest DE,Neg,25.537,25.067,-0.47,27.29,27.583,0.293
gt_2,gt,2,Michigan State GL,Kansas BW,Aff,38.381,38.41,0.028,27.564,27.532,-0.032
gt_2,gt,2,UTD HK,CSU Long Beach OM,Neg,30.687,30.55,-0.137,36.596,36.675,0.08
gt_2,gt,2,Northwestern LL,Baylor MP,Aff,26.704,26.756,0.052,16.011,15.927,-0.084
gt_2,gt,2,Northwestern LO,Dartmouth JR,Neg,16.391,15.601,-0.79,25.329,25.423,0.094
gt_2,gt,2,Michigan BP,George Mason WW,Aff,42.152,42.171,0.02,30.555,30.519,-0.036
gt_2,gt,2,Emory KS,Dartmouth CG,Aff,33.485,33.769,0.284,31.564,31.374,-0.19
gt_2,gt,2,Michigan AM,Missouri State NS,Neg,23.563,23.143,-0.42,24.27,24.738,0.467
gt_2,gt,2,Kansas HL,Georgia CP,Neg,18.051,17.674,-0.377,20.635,21.01,0.374
gt_2,gt,2,NYU MS,Michigan CC,Aff,32.191,32.71,0.519,31.728,31.369,-0.36
gt_2,gt,2,Baylor DL,Emory LY,Neg,31.254,31.086,-0.168,35.273,35.406,0.133
gt_2,gt,2,Northwestern LW,UC Berkeley LS,Aff,25.072,25.315,0.243,21.896,18.862,-3.034
gt_2,gt,2,Harvard FK,Georgetown LN,Neg,8.12,8.049,-0.072,20.942,20.976,0.034
gt_2,gt,2,Northwestern LR,Wake Forest LW,Aff,38.463,38.546,0.083,31.046,30.947,-0.099
gt_2,gt,2,Harvard DS,Northwestern PS,Aff,31.51,32.038,0.529,35.119,34.657,-0.462
gt_2,gt,2,Emory/Columbia AH,Western Kentucky SS (Schintgen/StPeter),Neg,22.998,19.14,-3.858,24.445,24.755,0.31
gt_2,gt,2,Northwestern AK,Western Kentucky KN,Neg,25.782,25.003,-0.779,24.231,24.942,0.711
gt_2,gt,2,Emory GS,Kentucky SR,Aff,41.936,41.981,0.044,31.656,30.945,-0.711
gt_2,gt,2,Emory RY,UC Berkeley MR,Neg,33.015,32.783,-0.232,34.064,34.297,0.233
gt_2,gt,2,Baylor BK,Harvard JS,Aff,21.671,22.24,0.569,24.734,22.821,-1.913
gt_2,gt,2,Rochester OR,Harvard AB,Neg,16.825,16.696,-0.129,28.621,28.664,0.043
gt_2,gt,2,Iowa AP,Kansas AU,Neg,36.334,36.008,-0.327,33.527,34.036,0.509
gt_2,gt,2,Kansas SS,Binghamton CK,Neg,30.573,30.44,-0.133,37.365,37.431,0.066
gt_2,gt,2,Texas FL,UC Berkeley GS,Neg,34.277,33.297,-0.98,24.56,26.281,1.721
gt_2,gt,2,Dartmouth BG,Georgia CK,Neg,14.573,14.317,-0.256,25.848,25.902,0.054
gt_2,gt,2,Kansas LS,Iowa EW,Aff,41.974,42.0,0.025,30.839,30.801,-0.038
gt_2,gt,2,Northwestern AT,Michigan SS (Shah/Shih),Neg,33.985,33.815,-0.17,37.137,37.292,0.155
gt_2,gt,2,Kansas JB,UMass Amherst LM,Aff,27.294,27.729,0.435,23.415,22.701,-0.714
gt_2,gt,2,Dartmouth GH (Hant/Gonzalez Arce),Iowa BS,Neg,19.054,18.527,-0.527,26.668,26.769,0.1
gt_2,gt,2,Michigan ES,UTD PR,Aff,35.467,35.603,0.136,30.967,30.835,-0.132
gt_2,gt,2,Michigan AO,Northwestern NP,Neg,30.266,30.082,-0.184,33.19,33.467,0.277
gt_2,gt,2,Wichita State GM,Cornell MD,Aff,27.31,27.371,0.061,16.978,16.025,-0.953
gt_2,gt,2,Emory CR,Gonzaga WW,Neg,23.328,23.034,-0.294,29.288,29.687,0.399
gt_2,gt,2,Kansas OW,George Mason DE,Aff,34.305,34.336,0.031,23.381,23.224,-0.157
gt_2,gt,2,UC Berkeley BU,Kansas HP,Aff,29.287,29.919,0.632,36.28,35.718,-0.561
gt_2,gt,2,Macalester WK,Harvard CS,Aff,30.242,31.133,0.891,21.082,20.634,-0.448
gt_3,gt,3,Macalester WK,Emory GS,Neg,31.133,30.602,-0.531,41.981,42.019,0.038
gt_3,gt,3,CSU Long Beach OM,Gonzaga WW,Aff,36.675,36.74,0.064,29.687,29.382,-0.304
gt_3,gt,3,Kansas AU,NYU MS,Neg,34.036,33.638,-0.398,32.71,33.317,0.607
gt_3,gt,3,Kansas LS,Michigan State GL,Aff,42.0,42.14,0.141,38.41,38.265,-0.145
gt_3,gt,3,UC Berkeley BU,Georgetown AC,Neg,29.919,29.864,-0.055,39.065,39.116,0.051
gt_3,gt,3,UC Berkeley MR,Kentucky GS,Aff,34.297,34.476,0.179,31.667,31.488,-0.179
gt_3,gt,3,Michigan SS (Shah/Shih),Northwestern LR,Neg,37.292,37.09,-0.202,38.546,38.793,0.247
gt_3,gt,3,Emory KS,Kansas MS,Neg,33.769,33.574,-0.195,37.072,38.852,1.781
gt_3,gt,3,Michigan BP,Binghamton CK,Aff,42.171,42.273,0.102,37.431,37.333,-0.098
gt_3,gt,3,Emory LY,Northwestern NP,Aff,35.406,35.587,0.181,33.467,33.158,-0.309
gt_3,gt,3,Michigan ES,Harvard DS,Aff,35.603,35.759,0.156,32.038,31.837,-0.201
gt_3,gt,3,Kansas SS,George Mason DE,Aff,30.44,30.563,0.123,23.224,22.876,-0.348
gt_3,gt,3,Harvard AB,Michigan CC,Neg,28.664,28.4,-0.265,31.369,31.624,0.256
gt_3,gt,3,Wake Forest DE,Kansas JB,Neg,27.583,27.239,-0.344,27.729,28.442,0.712
gt_3,gt,3,Emory CR,Iowa AP,Neg,23.034,22.986,-0.048,36.008,36.023,0.015
gt_3,gt,3,Iowa EW,Dartmouth BC,Aff,30.801,30.981,0.179,26.389,26.21,-0.18
gt_3,gt,3,Northwestern LW,Western Kentucky KN,Neg,25.315,24.843,-0.472,24.942,25.535,0.592
gt_3,gt,3,UTD HK,Michigan State JS,Aff,30.55,30.857,0.307,29.701,29.442,-0.259
gt_3,gt,3,UC Berkeley GS,Emory RY,Neg,26.281,26.046,-0.235,32.783,32.872,0.09
gt_3,gt,3,Kansas HP,Iowa BS,Aff,35.718,35.77,0.052,26.769,26.702,-0.067
gt_3,gt,3,Minnesota HU,Dartmouth CG,Neg,24.102,23.993,-0.109,31.374,31.444,0.07
gt_3,gt,3,Baylor DL,Georgia CK,Aff,31.086,31.219,0.132,25.902,25.728,-0.174
gt_3,gt,3,Dartmouth JR,Northwestern LL,Neg,25.423,25.106,-0.317,26.756,27.078,0.322
gt_3,gt,3,Michigan AO,George Mason WW,Neg,30.082,29.826,-0.256,30.519,30.879,0.36
gt_3,gt,3,Wichita State GM,Kentucky SR,Aff,27.371,27.705,0.334,30.945,27.404,-3.541
gt_3,gt,3,Michigan State GS,Dartmouth GH (Guo/Hatton),Aff,30.932,31.051,0.12,25.067,24.841,-0.226
gt_3,gt,3,Georgia CP,Northwestern PS,Neg,21.01,20.982,-0.027,34.657,34.673,0.015
gt_3,gt,3,Georgetown LN,Kansas OW,Neg,20.976,20.953,-0.023,34.336,34.349,0.013
gt_3,gt,3,Baylor BK,Northwestern AT,Neg,22.24,22.197,-0.044,33.815,33.84,0.025
gt_3,gt,3,Kansas BC,Western Kentucky SS (Schintgen/StPeter),Aff,27.377,30.073,2.696,24.755,24.466,-0.289
gt_3,gt,3,Wake Forest LW,UTD PR,Aff,30.947,31.285,0.339,30.835,30.584,-0.251
gt_3,gt,3,Michigan State FM,Missouri State NS,Aff,28.671,28.898,0.227,24.738,24.461,-0.277
gt_3,gt,3,Northwestern LO,Texas FL,Aff,15.601,23.126,7.525,33.297,32.215,-1.082
gt_3,gt,3,Baylor MP,Utah PP,Neg,15.927,15.564,-0.363,18.271,20.616,2.345
gt_3,gt,3,Northwestern HP,Harvard CS,Neg,15.932,15.64,-0.293,20.634,21.444,0.81
gt_3,gt,3,Kansas BW,Dartmouth GH (Hant/Gonzalez Arce),Aff,27.532,27.592,0.06,18.527,18.169,-0.358
gt_3,gt,3,Kansas HL,Dartmouth BG,Neg,17.674,17.037,-0.637,14.317,16.436,2.119
gt_3,gt,3,UMass Amherst LM,Emory/Columbia AH,Aff,22.701,23.298,0.597,19.14,16.97,-2.17
gt_3,gt,3,Northwestern AK,Harvard FK,Aff,25.003,25.017,0.014,8.049,8.029,-0.019
gt_3,gt,3,UC Berkeley LS,Harvard JS,Aff,18.862,22.973,4.111,22.821,21.531,-1.291
gt_3,gt,3,Michigan BL,Cornell MD,Neg,20.437,19.722,-0.715,16.025,20.337,4.312
gt_4,gt,4,Georgetown AC,Emory LY,Neg,39.116,38.708,-0.408,35.587,35.935,0.348
gt_4,gt,4,Northwestern LR,Michigan ES,Aff,38.793,38.975,0.183,35.759,35.592,-0.167
gt_4,gt,4,Emory GS,Michigan BP,Aff,42.019,42.259,0.24,42.273,42.057,-0.216
gt_4,gt,4,Kansas MS,UC Berkeley MR,Aff,38.852,40.097,1.245,34.476,34.353,-0.123
gt_4,gt,4,NYU MS,Kansas LS,Neg,33.317,33.215,-0.102,42.14,42.188,0.048
gt_4,gt,4,Kansas OW,CSU Long Beach OM,Neg,34.349,34.179,-0.17,36.74,36.885,0.146
gt_4,gt,4,Harvard DS,Northwestern LO,Aff,31.837,31.915,0.078,23.126,22.679,-0.447
gt_4,gt,4,Michigan State GL,UC Berkeley LS,Aff,38.265,38.279,0.014,22.973,22.804,-0.17
gt_4,gt,4,Northwestern NP,Michigan State FM,Neg,33.158,32.556,-0.602,28.898,29.513,0.615
gt_4,gt,4,Binghamton CK,Kansas BC,Aff,37.333,37.396,0.063,30.073,28.961,-1.112
gt_4,gt,4,Emory RY,Wichita State GM,Aff,32.872,32.986,0.114,27.705,27.573,-0.132
gt_4,gt,4,Michigan CC,Michigan State GS,Aff,31.624,31.96,0.336,31.051,30.776,-0.275
gt_4,gt,4,Kentucky GS,Kansas HP,Neg,31.488,31.355,-0.133,35.77,35.909,0.139
gt_4,gt,4,Western Kentucky KN,Wake Forest LW,Neg,25.535,25.313,-0.222,31.285,31.418,0.132
gt_4,gt,4,Iowa AP,Kansas SS,Aff,36.023,36.12,0.097,30.563,30.398,-0.165
gt_4,gt,4,Northwestern PS,Kansas AU,Aff,34.673,34.931,0.258,33.638,33.346,-0.292
gt_4,gt,4,Northwestern LL,UTD HK,Aff,27.078,27.639,0.561,30.857,30.359,-0.498
gt_4,gt,4,Gonzaga WW,Baylor DL,Neg,29.382,28.71,-0.672,31.219,31.435,0.217
gt_4,gt,4,Northwestern AT,Iowa EW,Neg,33.84,33.481,-0.359,30.981,31.452,0.471
gt_4,gt,4,Dartmouth CG,UC Berkeley BU,Neg,31.444,31.154,-0.29,29.864,30.222,0.357
gt_4,gt,4,George Mason WW,Michigan SS (Shah/Shih),Neg,30.879,30.745,-0.134,37.09,37.174,0.084
gt_4,gt,4,Kansas JB,Emory KS,Neg,28.442,28.128,-0.314,33.574,33.731,0.156
gt_4,gt,4,Kentucky SR,UMass Amherst LM,Aff,27.404,28.537,1.133,23.298,22.739,-0.559
gt_4,gt,4,Georgia CK,Rochester OR,Aff,25.728,25.808,0.08,16.696,16.455,-0.241
gt_4,gt,4,UTD PR,Northwestern AK,Aff,30.584,30.687,0.103,25.017,24.75,-0.267
gt_4,gt,4,Michigan State JS,Emory CR,Aff,29.442,29.54,0.099,22.986,22.736,-0.249
gt_4,gt,4,Dartmouth GH (Guo/Hatton),Northwestern LW,Neg,24.841,24.311,-0.529,24.843,25.272,0.429
gt_4,gt,4,Dartmouth BC,Kansas BW,Neg,26.21,25.927,-0.282,27.592,27.818,0.226
gt_4,gt,4,Western Kentucky SS (Schintgen/StPeter),Minnesota HU,Neg,24.466,23.944,-0.522,23.993,24.37,0.377
gt_4,gt,4,Iowa BS,UC Berkeley GS,Neg,26.702,26.354,-0.349,26.046,26.718,0.672
gt_4,gt,4,Missouri State NS,Baylor BK,Aff,24.461,24.803,0.342,22.197,21.878,-0.319
gt_4,gt,4,Harvard CS,Michigan AO,Neg,21.444,21.071,-0.373,29.826,29.892,0.065
gt_4,gt,4,Dartmouth BG,Harvard AB,Neg,16.436,16.282,-0.154,28.4,28.44,0.041
gt_4,gt,4,Cornell MD,Georgia CP,Neg,20.337,18.289,-2.048,20.982,21.376,0.394
gt_4,gt,4,Texas FL,Dartmouth JR,Aff,32.215,32.333,0.118,25.106,24.994,-0.112
gt_4,gt,4,Emory/Columbia AH,Wake Forest DE,Neg,16.97,16.335,-0.635,27.239,27.307,0.067
gt_4,gt,4,Utah PP,Georgetown LN,Neg,20.616,18.312,-2.304,20.953,21.284,0.331
gt_4,gt,4,Dartmouth GH (Hant/Gonzalez Arce),Macalester WK,Neg,18.169,17.969,-0.2,30.602,30.976,0.375
gt_4,gt,4,George Mason DE,Northwestern HP,Aff,22.876,23.201,0.325,15.64,15.457,-0.183
gt_4,gt,4,Harvard JS,Michigan BL,Aff,21.531,22.386,0.855,19.722,19.269,-0.453
gt_4,gt,4,Harvard FK,Kansas HL,Neg,8.029,7.842,-0.187,17.037,17.142,0.105
gt_5,gt,5,Kansas LS,CSU Long Beach OM,Aff,42.188,42.288,0.1,36.885,36.799,-0.086
gt_5,gt,5,Emory LY,Northwestern LR,Neg,35.935,35.789,-0.146,38.975,39.153,0.178
gt_5,gt,5,Emory GS,Kansas MS,Aff,42.259,42.407,0.149,40.097,38.69,-1.407
gt_5,gt,5,Kansas BW,Michigan BP,Neg,27.818,27.809,-0.01,42.057,42.064,0.007
gt_5,gt,5,UC Berkeley MR,Michigan State FM,Aff,34.353,34.471,0.118,29.513,29.335,-0.178
gt_5,gt,5,Northwestern PS,Georgetown AC,Neg,34.931,34.766,-0.165,38.708,38.858,0.15
gt_5,gt,5,Michigan SS (Shah/Shih),Wake Forest LW,Aff,37.174,37.266,0.091,31.418,31.289,-0.129
gt_5,gt,5,Northwestern LL,Michigan ES,Neg,27.639,27.551,-0.088,35.592,35.655,0.063
gt_5,gt,5,Emory KS,Iowa AP,Neg,33.731,33.487,-0.243,36.12,36.283,0.162
gt_5,gt,5,Iowa EW,NYU MS,Neg,31.452,31.201,-0.251,33.215,33.592,0.377
gt_5,gt,5,Emory RY,Michigan CC,Aff,32.986,33.204,0.218,31.96,31.656,-0.305
gt_5,gt,5,Harvard DS,UC Berkeley BU,Neg,31.915,31.519,-0.396,30.222,30.567,0.345
gt_5,gt,5,Binghamton CK,Baylor DL,Neg,37.396,37.021,-0.375,31.435,31.97,0.535
gt_5,gt,5,Kansas HP,Michigan State GL,Aff,35.909,36.252,0.343,38.279,37.96,-0.319
gt_5,gt,5,Dartmouth CG,Kansas HL,Aff,31.154,31.164,0.01,17.142,17.12,-0.021
gt_5,gt,5,Minnesota HU,George Mason WW,Neg,24.37,24.246,-0.124,30.745,30.872,0.126
gt_5,gt,5,Kentucky GS,Georgia CP,Neg,31.355,30.749,-0.607,21.376,22.607,1.231
gt_5,gt,5,Michigan State JS,Kansas SS,Aff,29.54,29.846,0.306,30.398,29.98,-0.418
gt_5,gt,5,Northwestern NP,Wake Forest DE,Aff,32.556,32.717,0.162,27.307,27.152,-0.155
gt_5,gt,5,Northwestern LW,UTD HK,Neg,25.272,25.08,-0.193,30.359,30.503,0.144
gt_5,gt,5,Macalester WK,UC Berkeley GS,Aff,30.976,32.268,1.291,26.718,26.426,-0.292
gt_5,gt,5,Harvard AB,Northwestern AT,Neg,28.44,28.269,-0.171,33.481,33.595,0.115
gt_5,gt,5,Kansas OW,Michigan AO,Aff,34.179,34.3,0.121,29.892,29.754,-0.138
gt_5,gt,5,Georgetown LN,Kansas AU,Neg,21.284,21.249,-0.035,33.346,33.373,0.027
gt_5,gt,5,Kentucky SR,Kansas JB,Aff,28.537,30.103,1.566,28.128,27.595,-0.533
gt_5,gt,5,Kansas BC,Western Kentucky KN,Aff,28.961,30.494,1.533,25.313,25.033,-0.28
gt_5,gt,5,Michigan State GS,Wichita State GM,Aff,30.776,30.959,0.182,27.573,27.39,-0.183
gt_5,gt,5,Georgia CK,Missouri State NS,Aff,25.808,26.127,0.319,24.803,24.412,-0.391
gt_5,gt,5,Gonzaga WW,UTD PR,Neg,28.71,28.106,-0.604,30.687,30.867,0.18
gt_5,gt,5,Cornell MD,Baylor BK,Neg,18.289,17.126,-1.163,21.878,22.112,0.234
gt_5,gt,5,Dartmouth GH (Guo/Hatton),Utah PP,Aff,24.311,24.51,0.199,18.312,17.437,-0.875
gt_5,gt,5,Rochester OR,Dartmouth BC,Neg,16.455,16.25,-0.205,25.927,25.989,0.062
gt_5,gt,5,Dartmouth JR,UMass Amherst LM,Aff,24.994,25.245,0.251,22.739,22.014,-0.724
gt_5,gt,5,Northwestern AK,Iowa BS,Neg,24.75,24.271,-0.479,26.354,26.606,0.253
gt_5,gt,5,UC Berkeley LS,Northwestern LO,Neg,22.804,20.698,-2.106,22.679,23.985,1.305
gt_5,gt,5,Emory CR,Harvard CS,Aff,22.736,23.224,0.488,21.071,20.064,-1.008
gt_5,gt,5,Texas FL,Harvard JS,Neg,32.333,31.493,-0.839,22.386,24.729,2.343
gt_5,gt,5,Dartmouth BG,Western Kentucky SS (Schintgen/StPeter),Neg,16.282,15.891,-0.39,23.944,24.08,0.136
gt_5,gt,5,George Mason DE,Baylor MP,Aff,23.201,23.482,0.282,15.564,15.395,-0.169
gt_5,gt,5,Dartmouth GH (Hant/Gonzalez Arce),Michigan BL,Neg,17.969,16.869,-1.1,19.269,19.718,0.449
gt_5,gt,5,Harvard FK,Emory/Columbia AH,Neg,7.842,7.618,-0.224,16.335,17.103,0.768
gt_6,gt,6,Northwestern LR,Emory GS,Neg,39.153,38.986,-0.168,42.407,42.545,0.138
gt_6,gt,6,Iowa AP,Kansas LS,Neg,36.283,36.199,-0.084,42.288,42.374,0.086
gt_6,gt,6,Georgetown AC,Michigan State JS,Aff,38.858,38.907,0.049,29.846,29.795,-0.051
gt_6,gt,6,Kansas MS,Kentucky SR,Aff,38.69,39.13,0.44,30.103,29.696,-0.407
gt_6,gt,6,CSU Long Beach OM,Macalester WK,Aff,36.799,36.893,0.094,32.268,31.215,-1.053
gt_6,gt,6,Michigan BP,Emory RY,Aff,42.064,42.104,0.04,33.204,33.156,-0.048
gt_6,gt,6,Michigan ES,Kansas HP,Neg,35.655,35.424,-0.231,36.252,36.484,0.232
gt_6,gt,6,NYU MS,Michigan SS (Shah/Shih),Neg,33.592,33.323,-0.269,37.266,37.396,0.131
gt_6,gt,6,UC Berkeley BU,Emory LY,Neg,30.567,30.446,-0.121,35.789,35.886,0.097
gt_6,gt,6,Baylor DL,UC Berkeley MR,Neg,31.97,31.778,-0.191,34.471,34.644,0.173
gt_6,gt,6,Michigan State GL,Georgia CK,Aff,37.96,37.98,0.02,26.127,26.096,-0.031
gt_6,gt,6,Michigan CC,Kansas BC,Aff,31.656,31.903,0.248,30.494,28.764,-1.73
gt_6,gt,6,Wake Forest LW,Michigan State GS,Aff,31.289,31.591,0.302,30.959,30.69,-0.269
gt_6,gt,6,Northwestern AT,Kansas OW,Neg,33.595,33.369,-0.226,34.3,34.507,0.207
gt_6,gt,6,Kansas AU,Northwestern NP,Neg,33.373,33.028,-0.345,32.717,33.1,0.383
gt_6,gt,6,George Mason WW,Dartmouth CG,Neg,30.872,30.536,-0.336,31.164,31.387,0.223
gt_6,gt,6,UTD HK,Binghamton CK,Neg,30.503,30.398,-0.105,37.021,37.087,0.066
gt_6,gt,6,Michigan State FM,Northwestern LL,Aff,29.335,29.617,0.282,27.551,27.28,-0.271
gt_6,gt,6,UTD PR,Iowa EW,Neg,30.867,30.638,-0.229,31.201,31.502,0.301
gt_6,gt,6,Georgia CP,Harvard DS,Neg,22.607,22.514,-0.093,31.519,31.581,0.063
gt_6,gt,6,Harvard JS,Northwestern PS,Neg,24.729,24.585,-0.144,34.766,34.811,0.045
gt_6,gt,6,Western Kentucky SS (Schintgen/StPeter),Emory KS,Neg,24.08,23.997,-0.083,33.487,33.546,0.059
gt_6,gt,6,Kansas SS,Northwestern HP,Aff,29.98,29.994,0.014,15.457,15.434,-0.023
gt_6,gt,6,Wichita State GM,Minnesota HU,Aff,27.39,27.569,0.179,24.246,24.028,-0.218
gt_6,gt,6,Wake Forest DE,Emory CR,Aff,27.152,27.341,0.188,23.224,22.873,-0.351
gt_6,gt,6,Michigan AO,Northwestern LW,Aff,29.754,29.879,0.126,25.08,24.879,-0.201
gt_6,gt,6,Baylor BK,George Mason DE,Aff,22.112,22.561,0.45,23.482,22.462,-1.02
gt_6,gt,6,Missouri State NS,Dartmouth GH (Guo/Hatton),Aff,24.412,24.836,0.424,24.51,24.02,-0.49
gt_6,gt,6,Western Kentucky KN,Dartmouth JR,Neg,25.033,24.548,-0.486,25.245,25.576,0.331
gt_6,gt,6,Kansas JB,Harvard AB,Neg,27.595,27.044,-0.55,28.269,28.59,0.321
gt_6,gt,6,UC Berkeley GS,Georgetown LN,Neg,26.426,25.484,-0.942,21.249,21.926,0.676
gt_6,gt,6,Iowa BS,Kansas BW,Neg,26.606,26.34,-0.266,27.809,28.035,0.226
gt_6,gt,6,Dartmouth BC,Gonzaga WW,Neg,25.989,25.755,-0.234,28.106,28.649,0.543
gt_6,gt,6,Northwestern LO,Kentucky GS,Neg,23.985,23.476,-0.509,30.749,30.829,0.08
gt_6,gt,6,Harvard CS,Rochester OR,Neg,20.064,18.524,-1.54,16.25,17.551,1.301
gt_6,gt,6,Kansas HL,Cornell MD,Aff,17.12,17.54,0.42,17.126,15.582,-1.545
gt_6,gt,6,UMass Amherst LM,Dartmouth BG,Aff,22.014,22.369,0.355,15.891,15.413,-0.479
gt_6,gt,6,Michigan BL,Harvard FK,Aff,19.718,19.772,0.054,7.618,7.539,-0.08
gt_6,gt,6,Baylor MP,Northwestern AK,Aff,15.395,16.63,1.235,24.271,23.045,-1.226
gt_6,gt,6,Emory/Columbia AH,Texas FL,Neg,17.103,16.921,-0.182,31.493,31.519,0.025
gt_6,gt,6,Utah PP,UC Berkeley LS,Neg,17.437,16.378,-1.058,20.698,21.897,1.199
gt_7,gt,7,Kansas LS,Emory GS,Aff,42.374,42.605,0.231,42.545,42.322,-0.223
gt_7,gt,7,Dartmouth CG,Northwestern LR,Neg,31.387,31.327,-0.061,38.986,39.055,0.07
gt_7,gt,7,Michigan BP,Kansas HP,Aff,42.104,42.186,0.082,36.484,36.385,-0.099
gt_7,gt,7,Michigan SS (Shah/Shih),UC Berkeley MR,Aff,37.396,37.547,0.151,34.644,34.481,-0.163
gt_7,gt,7,Emory LY,Kansas MS,Neg,35.886,35.758,-0.128,39.13,40.08,0.95
gt_7,gt,7,CSU Long Beach OM,Georgetown AC,Aff,36.893,37.143,0.25,38.907,38.58,-0.326
gt_7,gt,7,NYU MS,Michigan AO,Aff,33.323,33.59,0.267,29.879,29.727,-0.152
gt_7,gt,7,Wake Forest LW,UC Berkeley BU,Neg,31.591,31.241,-0.35,30.446,30.754,0.308
gt_7,gt,7,Michigan ES,Michigan State FM,Neg,35.424,34.981,-0.443,29.617,30.257,0.64
gt_7,gt,7,Kansas OW,Iowa AP,Neg,34.507,34.33,-0.176,36.199,36.374,0.176
gt_7,gt,7,Emory RY,Harvard DS,Aff,33.156,33.351,0.195,31.581,31.332,-0.249
gt_7,gt,7,Michigan CC,Baylor DL,Neg,31.903,31.571,-0.332,31.778,32.046,0.267
gt_7,gt,7,Michigan State GL,Northwestern NP,Aff,37.98,38.089,0.109,33.1,32.939,-0.161
gt_7,gt,7,Iowa EW,Binghamton CK,Neg,31.502,31.378,-0.125,37.087,37.166,0.079
gt_7,gt,7,Northwestern PS,Emory KS,Aff,34.811,35.046,0.235,33.546,33.273,-0.273
gt_7,gt,7,Georgetown LN,Northwestern AT,Neg,21.926,21.887,-0.038,33.369,33.393,0.024
gt_7,gt,7,Northwestern LL,Harvard AB,Neg,27.28,27.001,-0.279,28.59,28.88,0.29
gt_7,gt,7,Wichita State GM,Kansas AU,Neg,27.569,27.453,-0.116,33.028,33.159,0.131
gt_7,gt,7,Kentucky GS,Baylor BK,Aff,30.829,30.883,0.055,22.561,22.47,-0.092
gt_7,gt,7,Dartmouth JR,Macalester WK,Neg,25.576,25.438,-0.137,31.215,31.969,0.754
gt_7,gt,7,Kentucky SR,Georgia CP,Aff,29.696,30.164,0.468,22.514,22.373,-0.141
gt_7,gt,7,Missouri State NS,Kansas SS,Neg,24.836,24.651,-0.184,29.994,30.156,0.161
gt_7,gt,7,UTD HK,Wake Forest DE,Aff,30.398,30.593,0.195,27.341,27.127,-0.214
gt_7,gt,7,Georgia CK,Michigan State GS,Aff,26.096,26.676,0.58,30.69,30.244,-0.446
gt_7,gt,7,UTD PR,Kansas BC,Neg,30.638,30.39,-0.248,28.764,30.767,2.003
gt_7,gt,7,Kansas BW,George Mason WW,Aff,28.035,28.379,0.345,30.536,30.088,-0.447
gt_7,gt,7,Gonzaga WW,Michigan State JS,Neg,28.649,28.071,-0.578,29.795,30.016,0.221
gt_7,gt,7,Rochester OR,Western Kentucky KN,Neg,17.551,17.258,-0.293,24.548,24.702,0.154
gt_7,gt,7,Harvard JS,Baylor MP,Aff,24.585,24.813,0.228,16.63,16.492,-0.139
gt_7,gt,7,Michigan BL,Kansas JB,Neg,19.772,19.606,-0.166,27.044,27.218,0.174
gt_7,gt,7,Dartmouth BC,Western Kentucky SS (Schintgen/StPeter),Neg,25.755,25.376,-0.379,23.997,24.547,0.55
gt_7,gt,7,Minnesota HU,Dartmouth GH (Guo/Hatton),Aff,24.028,24.352,0.324,24.02,23.558,-0.462
gt_7,gt,7,Emory CR,UC Berkeley LS,Neg,22.873,22.308,-0.565,21.897,23.699,1.802
gt_7,gt,7,Kansas HL,UC Berkeley GS,Neg,17.54,17.421,-0.12,25.484,25.62,0.136
gt_7,gt,7,Iowa BS,UMass Amherst LM,Neg,26.34,25.908,-0.433,22.369,23.64,1.271
gt_7,gt,7,Northwestern LO,George Mason DE,Neg,23.476,22.148,-1.328,22.462,23.272,0.809
gt_7,gt,7,Texas FL,Northwestern LW,Neg,31.519,30.831,-0.688,24.879,25.64,0.761
gt_7,gt,7,Utah PP,Harvard CS,Neg,16.378,15.252,-1.126,18.524,19.216,0.692
gt_7,gt,7,Emory/Columbia AH,Northwestern HP,Aff,16.921,18.63,1.708,15.434,15.037,-0.398
gt_7,gt,7,Cornell MD,Dartmouth BG,Neg,15.582,14.312,-1.27,15.413,16.412,1.0
gt_7,gt,7,Northwestern AK,Dartmouth GH (Hant/Gonzalez Arce),Aff,23.045,23.241,0.196,16.869,16.397,-0.472
gt_8,gt,8,Northwestern LR,Kansas LS,Neg,39.055,38.902,-0.154,42.605,42.735,0.13
gt_8,gt,8,Emory GS,Michigan SS (Shah/Shih),Aff,42.322,42.423,0.101,37.547,37.443,-0.105
gt_8,gt,8,Kansas MS,Michigan BP,Neg,40.08,39.106,-0.974,42.186,42.325,0.139
gt_8,gt,8,Michigan State FM,CSU Long Beach OM,Aff,30.257,30.929,0.671,37.143,36.76,-0.383
gt_8,gt,8,UC Berkeley MR,Kansas BW,Aff,34.481,34.568,0.087,28.379,28.287,-0.093
gt_8,gt,8,Georgetown AC,Kentucky SR,Aff,38.58,38.64,0.059,30.164,29.832,-0.331
gt_8,gt,8,Kansas HP,Northwestern PS,Aff,36.385,36.585,0.2,35.046,34.818,-0.227
gt_8,gt,8,Iowa AP,Michigan State GL,Aff,36.374,36.641,0.267,38.089,37.806,-0.284
gt_8,gt,8,UC Berkeley BU,NYU MS,Aff,30.754,31.107,0.354,33.59,33.01,-0.58
gt_8,gt,8,Baylor DL,Emory RY,Aff,32.046,32.348,0.302,33.351,33.073,-0.278
gt_8,gt,8,Binghamton CK,Emory LY,Aff,37.166,37.324,0.159,35.758,35.579,-0.179
gt_8,gt,8,Emory KS,Minnesota HU,Aff,33.273,33.335,0.062,24.352,24.289,-0.063
gt_8,gt,8,Harvard DS,Georgia CK,Aff,31.332,31.478,0.146,26.676,26.511,-0.165
gt_8,gt,8,Northwestern NP,UTD HK,Aff,32.939,33.178,0.239,30.593,30.381,-0.212
gt_8,gt,8,Northwestern AT,Kentucky GS,Neg,33.393,33.069,-0.324,30.883,31.199,0.316
gt_8,gt,8,Kansas AU,Wake Forest LW,Aff,33.159,33.391,0.232,31.241,31.016,-0.225
gt_8,gt,8,Kansas SS,Dartmouth CG,Neg,30.156,29.856,-0.3,31.327,31.518,0.191
gt_8,gt,8,Macalester WK,Iowa EW,Neg,31.969,30.431,-1.538,31.378,31.658,0.28
gt_8,gt,8,Kansas BC,Michigan ES,Neg,30.767,29.99,-0.777,34.981,35.101,0.12
gt_8,gt,8,Michigan State JS,Michigan CC,Neg,30.016,29.806,-0.21,31.571,31.826,0.255
gt_8,gt,8,Harvard AB,Kansas OW,Neg,28.88,28.738,-0.142,34.33,34.422,0.091
gt_8,gt,8,Georgia CP,Northwestern AK,Aff,22.373,22.844,0.47,23.241,22.699,-0.542
gt_8,gt,8,George Mason WW,Michigan BL,Aff,30.088,30.132,0.044,19.606,19.533,-0.073
gt_8,gt,8,Michigan State GS,Rochester OR,Aff,30.244,30.263,0.018,17.258,17.197,-0.061
gt_8,gt,8,Michigan AO,Emory/Columbia AH,Aff,29.727,29.762,0.035,18.63,18.349,-0.281
gt_8,gt,8,Wake Forest DE,Kansas HL,Aff,27.127,27.18,0.053,17.421,17.346,-0.075
gt_8,gt,8,Baylor BK,Texas FL,Neg,22.47,22.381,-0.089,30.831,30.909,0.078
gt_8,gt,8,Kansas JB,Harvard JS,Neg,27.218,26.542,-0.676,24.813,25.81,0.997
gt_8,gt,8,Western Kentucky KN,Georgetown LN,Neg,24.702,24.075,-0.626,21.887,22.401,0.514
gt_8,gt,8,George Mason DE,Dartmouth JR,Aff,23.272,24.203,0.931,25.438,25.039,-0.4
gt_8,gt,8,UC Berkeley GS,Gonzaga WW,Aff,25.62,26.257,0.637,28.071,27.273,-0.798
gt_8,gt,8,Northwestern LW,Missouri State NS,Neg,25.64,25.228,-0.412,24.651,25.092,0.441
gt_8,gt,8,UMass Amherst LM,Wichita State GM,Aff,23.64,24.765,1.125,27.453,27.065,-0.388
gt_8,gt,8,Western Kentucky SS (Schintgen/StPeter),UTD PR,Neg,24.547,24.378,-0.169,30.39,30.48,0.089
gt_8,gt,8,UC Berkeley LS,Northwestern LL,Neg,23.699,22.782,-0.917,27.001,27.19,0.19
gt_8,gt,8,Dartmouth GH (Guo/Hatton),Northwestern LO,Neg,23.558,23.084,-0.474,22.148,23.406,1.258
gt_8,gt,8,Harvard CS,Dartmouth BC,Neg,19.216,18.853,-0.363,25.376,25.488,0.113
gt_8,gt,8,Baylor MP,Emory CR,Neg,16.492,16.288,-0.204,22.308,22.533,0.225
gt_8,gt,8,Dartmouth BG,Iowa BS,Neg,16.412,16.217,-0.195,25.908,25.962,0.054
gt_8,gt,8,Northwestern HP,Harvard FK,Aff,15.037,15.194,0.158,7.539,7.305,-0.233
gt_8,gt,8,Dartmouth GH (Hant/Gonzalez Arce),Cornell MD,Neg,16.397,15.173,-1.224,14.312,15.668,1.356
gt_dubs,gt,dubs,Northwestern AT,Kansas LS,Neg,33.069,33.032,-0.037,42.735,42.769,0.034
gt_dubs,gt,dubs,Michigan BP,Kentucky SR,Aff,42.325,42.343,0.017,29.832,29.72,-0.112
gt_dubs,gt,dubs,Emory GS,Kansas AU,Neg,42.423,41.927,-0.496,33.391,34.094,0.703
gt_dubs,gt,dubs,Northwestern NP,CSU Long Beach OM,Neg,33.178,32.987,-0.191,36.76,36.869,0.109
gt_dubs,gt,dubs,Northwestern LR,Dartmouth CG,Aff,38.902,38.972,0.071,31.518,31.457,-0.062
gt_dubs,gt,dubs,Georgetown AC,Iowa EW,Aff,38.64,38.715,0.075,31.658,31.569,-0.089
gt_dubs,gt,dubs,Michigan CC,UC Berkeley MR,Neg,31.826,31.62,-0.207,34.568,34.725,0.157
gt_dubs,gt,dubs,Kansas MS,Harvard DS,Aff,39.106,39.448,0.342,31.478,31.396,-0.082
gt_dubs,gt,dubs,Baylor DL,Emory KS,Neg,32.348,32.131,-0.218,33.335,33.606,0.271
gt_dubs,gt,dubs,Kansas HP,NYU MS,Aff,36.585,36.723,0.137,33.01,32.773,-0.237
gt_dubs,gt,dubs,Kentucky GS,Iowa AP,Neg,31.199,31.103,-0.096,36.641,36.73,0.088
gt_dubs,gt,dubs,Kansas OW,UC Berkeley BU,Aff,34.422,34.554,0.132,31.107,30.952,-0.156
gt_dubs,gt,dubs,Michigan State GL,Binghamton CK,Aff,37.806,38.016,0.211,37.324,37.147,-0.177
gt_dubs,gt,dubs,Northwestern PS,Michigan State FM,Aff,34.818,34.966,0.148,30.929,30.752,-0.177
gt_octas,gt,octas,Kansas LS,Emory KS,Aff,42.769,42.808,0.039,33.606,33.551,-0.055
gt_octas,gt,octas,Michigan BP,Kansas AU,Neg,42.343,41.898,-0.445,34.094,34.728,0.635
gt_octas,gt,octas,CSU Long Beach OM,Northwestern PS,Aff,36.869,37.01,0.141,34.966,34.766,-0.2
gt_octas,gt,octas,Kansas OW,Northwestern LR,Aff,34.554,34.897,0.344,38.972,38.563,-0.41
gt_octas,gt,octas,Emory LY,Georgetown AC,Neg,35.579,35.445,-0.134,38.715,38.868,0.154
gt_octas,gt,octas,UC Berkeley MR,Michigan SS (Shah/Shih),Neg,34.725,34.57,-0.155,37.443,37.589,0.147
gt_octas,gt,octas,Michigan State GL,Kansas MS,Neg,38.016,37.849,-0.168,39.448,40.326,0.878
gt_octas,gt,octas,Kansas HP,Iowa AP,Neg,36.723,36.492,-0.231,36.73,36.938,0.208
gt_quarters,gt,quarters,Kansas LS,Michigan SS (Shah/Shih),Neg,42.808,42.431,-0.377,37.589,37.964,0.374
gt_quarters,gt,quarters,CSU Long Beach OM,Iowa AP,Neg,37.01,36.826,-0.184,36.938,37.145,0.207
gt_quarters,gt,quarters,Georgetown AC,Kansas AU,Aff,38.868,38.995,0.127,34.728,34.584,-0.144
gt_semis,gt,semis,Kansas OW,Georgetown AC,Neg,34.897,34.787,-0.11,38.995,39.12,0.125
gt_semis,gt,semis,Iowa AP,Michigan SS (Shah/Shih),Neg,37.145,36.966,-0.179,37.964,38.149,0.185
gt_finals,gt,finals,Georgetown AC,Michigan SS (Shah/Shih),Aff,39.12,39.321,0.201,38.149,37.972,-0.177
dartmouthrr_1,dartmouthrr,1,Northwestern LR,Georgetown AC,Neg,38.563,38.344,-0.219,39.321,39.523,0.202
dartmouthrr_1,dartmouthrr,1,Dartmouth CG,Emory GS,Neg,31.457,31.429,-0.027,41.927,41.952,0.025
dartmouthrr_1,dartmouthrr,1,Kansas LS,Michigan State GL,Aff,42.431,42.533,0.102,37.849,37.743,-0.106
dartmouthrr_2,dartmouthrr,2,Emory GS,Kansas LS,Aff,41.952,42.171,0.219,42.533,42.312,-0.221
dartmouthrr_2,dartmouthrr,2,Michigan State GL,Northwestern LR,Neg,37.743,37.548,-0.195,38.344,38.562,0.218
dartmouthrr_2,dartmouthrr,2,Michigan BP,Dartmouth CG,Aff,41.898,41.922,0.024,31.429,31.402,-0.027
dartmouthrr_3,dartmouthrr,3,Emory GS,Michigan State GL,Aff,42.171,42.268,0.097,37.548,37.447,-0.101
dartmouthrr_3,dartmouthrr,3,Georgetown AC,Dartmouth CG,Aff,39.523,39.574,0.051,31.402,31.352,-0.051
dartmouthrr_3,dartmouthrr,3,Kansas LS,Michigan BP,Neg,42.312,42.1,-0.211,41.922,42.125,0.203
dartmouthrr_4,dartmouthrr,4,Northwestern LR,Michigan BP,Aff,38.562,38.909,0.347,42.125,41.841,-0.283
dartmouthrr_4,dartmouthrr,4,Dartmouth CG,Michigan State GL,Neg,31.352,31.273,-0.079,37.447,37.521,0.075
dartmouthrr_4,dartmouthrr,4,Georgetown AC,Kansas LS,Aff,39.574,39.866,0.293,42.1,41.836,-0.265
dartmouthrr_5,dartmouthrr,5,Michigan BP,Emory GS,Neg,41.841,41.666,-0.175,42.268,42.454,0.186
dartmouthrr_5,dartmouthrr,5,Michigan State GL,Georgetown AC,Aff,37.521,37.788,0.267,39.866,39.587,-0.279
dartmouthrr_5,dartmouthrr,5,Kansas LS,Northwestern LR,Aff,41.836,41.961,0.125,38.909,38.763,-0.146
dartmouthrr_6,dartmouthrr,6,Georgetown AC,Emory GS,Neg,39.587,39.451,-0.136,42.454,42.581,0.127
dartmouthrr_6,dartmouthrr,6,Michigan State GL,Michigan BP,Neg,37.788,37.679,-0.11,41.666,41.767,0.101
dartmouthrr_6,dartmouthrr,6,Northwestern LR,Dartmouth CG,Aff,38.763,38.822,0.059,31.273,31.215,-0.058
dartmouthrr_7,dartmouthrr,7,Emory GS,Northwestern LR,Aff,42.581,42.688,0.108,38.822,38.698,-0.124
dartmouthrr_7,dartmouthrr,7,Dartmouth CG,Kansas LS,Neg,31.215,31.191,-0.024,41.961,41.982,0.021
dartmouthrr_7,dartmouthrr,7,Michigan BP,Georgetown AC,Neg,41.767,41.531,-0.236,39.451,39.719,0.267
texas_1,texas,1,Houston HM,Northwestern LW,Neg,25.0,19.736,-5.264,25.228,25.439,0.212
texas_1,texas,1,Kansas LS,George Mason RT,Aff,41.982,41.983,0.0,20.666,20.664,-0.002
texas_1,texas,1,Oklahoma DF,Baylor MP,Neg,25.0,15.666,-9.334,16.288,16.81,0.522
texas_1,texas,1,Emory GS,Northwestern LL,Aff,42.688,42.692,0.004,27.19,27.183,-0.007
texas_1,texas,1,Indiana DJ,Emory GM,Neg,25.0,22.518,-2.482,33.221,33.348,0.127
texas_1,texas,1,Emory KW,Michigan OJ,Neg,15.685,15.52,-0.165,25.792,26.89,1.098
texas_1,texas,1,Michigan BP,Kansas BP (Bauman/Persson),Aff,41.531,41.533,0.002,22.353,22.334,-0.019
texas_1,texas,1,Michigan BL,Iowa BS,Aff,19.533,20.519,0.986,25.962,25.425,-0.537
texas_1,texas,1,Georgetown AC,Southern California MT,Aff,39.719,39.726,0.007,25.306,25.291,-0.016
texas_1,texas,1,Michigan SS (Shah/Shih),Kansas HF,Aff,37.972,38.002,0.03,25.0,23.644,-1.356
texas_1,texas,1,Trinity BK,Southern California BM,Neg,14.329,14.184,-0.145,26.56,26.609,0.049
texas_1,texas,1,Northwestern LR,UC Berkeley GS,Aff,38.698,38.713,0.015,26.257,26.221,-0.035
texas_1,texas,1,Emory CG,Kansas ST,Neg,15.418,15.363,-0.055,27.191,27.308,0.116
texas_1,texas,1,Georgetown CX,UTD KR,Aff,25.0,26.765,1.765,13.828,13.539,-0.289
texas_1,texas,1,CSU Long Beach OM,Wake Forest DE,Aff,36.826,36.855,0.028,27.18,27.129,-0.051
texas_1,texas,1,UTD PR,Dartmouth JR,Aff,30.48,30.575,0.095,25.039,24.904,-0.134
texas_1,texas,1,Michigan State GL,Wake Forest PS (Patel/Sayoto),Aff,37.679,37.717,0.038,27.224,26.085,-1.139
texas_1,texas,1,Oklahoma BW (Ballinger/Wright),Missouri State NS,Neg,25.0,19.685,-5.315,25.092,25.32,0.228
texas_1,texas,1,Iowa AP,Kansas LP,Aff,36.966,37.0,0.034,25.0,23.44,-1.56
texas_1,texas,1,Kansas OW,Northwestern AK,Aff,34.787,34.803,0.016,22.699,22.66,-0.039
texas_1,texas,1,James Madison KP,Kansas State DR (Day/Robertson),Neg,9.328,8.783,-0.545,17.269,17.834,0.565
texas_1,texas,1,Binghamton PT,Wake Forest HN,Neg,12.704,12.636,-0.068,26.382,26.401,0.02
texas_1,texas,1,Binghamton CK,NYU JT,Aff,37.147,37.159,0.011,23.973,23.93,-0.043
texas_1,texas,1,Emory LY,Georgia CP,Aff,35.445,35.459,0.014,22.844,22.815,-0.029
texas_1,texas,1,Kansas CF,Emory CR,Aff,25.961,26.592,0.631,22.533,22.216,-0.317
texas_1,texas,1,Kansas FS,Wyoming WW,Neg,21.702,20.484,-1.218,20.421,20.879,0.458
texas_1,texas,1,Kansas AU,Wichita State GM,Aff,34.584,34.656,0.071,27.065,26.994,-0.071
texas_1,texas,1,Michigan ES,Wyoming CH,Aff,35.101,35.108,0.007,20.223,20.212,-0.011
texas_1,texas,1,Northwestern HP,Emory AS,Neg,15.194,15.138,-0.056,26.762,26.825,0.063
texas_1,texas,1,Michigan State JS,Kansas BS,Neg,29.806,29.592,-0.214,25.0,32.527,7.527
texas_1,texas,1,Northwestern PS,Minnesota HU,Aff,34.766,34.798,0.032,24.289,24.248,-0.041
texas_1,texas,1,Northwestern LO,Western Kentucky KC,Neg,23.406,22.857,-0.548,26.045,28.873,2.828
texas_1,texas,1,Emory KS,CSU Long Beach ES,Aff,33.551,33.557,0.006,16.952,16.936,-0.015
texas_1,texas,1,UC Berkeley BU,Trinity KP,Aff,30.952,31.013,0.061,23.001,22.885,-0.116
texas_1,texas,1,Dartmouth BG,Southern California BR,Neg,16.217,16.166,-0.052,30.372,30.389,0.017
texas_1,texas,1,Central Oklahoma EW,Georgetown GT,Neg,19.635,17.46,-2.175,26.178,26.354,0.176
texas_1,texas,1,Texas FL,Wake Forest MS,Aff,30.909,31.001,0.092,22.586,21.059,-1.527
texas_1,texas,1,Harvard CS,Georgetown LN,Neg,18.853,18.327,-0.526,22.401,22.613,0.212
texas_1,texas,1,Emory RY,Houston IF,Aff,33.073,33.147,0.075,26.014,24.315,-1.699
texas_1,texas,1,Dartmouth CG,Baylor BK,Aff,31.191,31.233,0.042,22.381,22.304,-0.077
texas_1,texas,1,Indiana FT,Southern California DT,Neg,13.293,13.246,-0.047,27.244,27.347,0.103
texas_1,texas,1,Wake Forest LW,James Madison MO,Aff,31.016,31.042,0.026,18.355,18.204,-0.15
texas_1,texas,1,George Mason RS,Wyoming HP,Aff,13.733,14.752,1.019,25.0,14.575,-10.425
texas_1,texas,1,Kansas BB,Michigan State FM,Neg,18.769,18.598,-0.172,30.752,30.785,0.033
texas_1,texas,1,Iowa EW,Georgia CK,Aff,31.569,31.698,0.129,26.511,26.361,-0.149
texas_1,texas,1,Baylor DL,West Point OS,Aff,32.131,32.134,0.003,14.125,14.111,-0.015
texas_1,texas,1,Missouri State BH,Western Kentucky FN,Neg,25.0,20.723,-4.277,26.045,28.608,2.563
texas_1,texas,1,Kansas LV,UTD HH,Neg,25.0,19.445,-5.555,24.454,24.767,0.312
texas_1,texas,1,Harvard DS,Kansas BW,Neg,31.396,30.986,-0.411,28.287,28.639,0.352
texas_1,texas,1,Kansas State DS,Dartmouth HP (Park/Hant),Neg,15.63,15.422,-0.208,25.0,27.178,2.178
texas_1,texas,1,Northwestern AP,Southern Nazarene HS,Aff,27.404,28.027,0.622,13.802,13.665,-0.137
texas_1,texas,1,Kansas SS,George Mason WW,Aff,29.856,30.202,0.346,30.132,29.806,-0.325
texas_1,texas,1,Kansas HL,Iowa KS,Neg,17.346,17.185,-0.161,23.631,23.764,0.133
texas_1,texas,1,Kentucky GS,Macalester KH,Aff,31.103,31.414,0.31,35.008,33.398,-1.61
texas_1,texas,1,Cal State Fullerton MN,Wyoming LW,Aff,13.979,15.324,1.345,25.0,14.87,-10.13
texas_1,texas,1,Utah WV,Dartmouth BC,Neg,25.0,19.832,-5.168,25.488,25.662,0.173
texas_1,texas,1,Liberty CL,UTD DD,Aff,30.266,30.438,0.172,27.068,26.737,-0.331
texas_1,texas,1,Dartmouth GH (Guo/Hatton),Kansas State LW,Neg,23.084,22.48,-0.604,16.848,20.483,3.634
texas_1,texas,1,Wake Forest AB,NYU MS,Neg,25.355,25.226,-0.129,32.773,32.883,0.11
texas_1,texas,1,Michigan State GS,NYU KK,Aff,30.263,30.363,0.1,25.0,21.606,-3.394
texas_1,texas,1,Emory ST,Cal State Fullerton CD,Aff,18.569,18.938,0.369,14.781,14.039,-0.742
texas_1,texas,1,UC Berkeley MR,Missouri State GC,Aff,34.57,34.573,0.003,14.988,14.956,-0.032
texas_1,texas,1,Texas GS,George Mason DE,Neg,22.409,21.958,-0.451,24.203,24.719,0.516
texas_1,texas,1,Oklahoma DT,Utah PP,Aff,16.141,16.687,0.545,15.252,14.081,-1.171
texas_1,texas,1,Kentucky SR,UTD HK,Aff,29.72,30.941,1.221,30.381,30.098,-0.283
texas_1,texas,1,Michigan CS (Chamarthy/Sharma),Emory SW,Aff,25.422,28.157,2.734,22.312,21.897,-0.415
texas_2,texas,2,Wyoming HP,Dartmouth CG,Neg,14.575,14.341,-0.234,31.233,31.244,0.011
texas_2,texas,2,Cal State Fullerton CD,Kentucky SR,Neg,14.039,14.004,-0.035,30.941,30.972,0.031
texas_2,texas,2,Kansas State LW,Liberty CL,Neg,20.483,20.143,-0.34,30.438,30.487,0.049
texas_2,texas,2,Dartmouth HP (Park/Hant),Kansas SS,Neg,27.178,23.847,-3.331,30.202,30.364,0.163
texas_2,texas,2,Wyoming LW,Wake Forest AB,Neg,14.87,13.979,-0.891,25.226,25.314,0.087
texas_2,texas,2,Emory SW,Michigan State JS,Neg,21.897,21.685,-0.212,29.592,29.66,0.068
texas_2,texas,2,UTD HK,Emory ST,Aff,30.098,30.13,0.032,18.938,18.864,-0.074
texas_2,texas,2,Utah PP,Kentucky GS,Neg,14.081,14.057,-0.024,31.414,31.418,0.004
texas_2,texas,2,George Mason DE,Michigan CS (Chamarthy/Sharma),Neg,24.719,24.382,-0.337,28.157,30.163,2.006
texas_2,texas,2,Missouri State GC,Texas GS,Neg,14.956,14.175,-0.782,21.958,22.145,0.187
texas_2,texas,2,NYU KK,Kansas CF,Neg,21.606,19.179,-2.427,26.592,26.998,0.406
texas_2,texas,2,NYU MS,Dartmouth GH (Guo/Hatton),Aff,32.883,32.935,0.052,22.48,22.424,-0.056
texas_2,texas,2,Dartmouth BC,Harvard DS,Neg,25.662,25.534,-0.127,30.986,31.105,0.119
texas_2,texas,2,UTD DD,Oklahoma DT,Aff,26.737,26.817,0.08,16.687,16.583,-0.104
texas_2,texas,2,Macalester KH,Cal State Fullerton MN,Aff,33.398,33.416,0.018,15.324,15.304,-0.02
texas_2,texas,2,Iowa KS,Wake Forest LW,Neg,23.764,23.659,-0.105,31.042,31.125,0.082
texas_2,texas,2,George Mason WW,Utah WV,Aff,29.806,29.872,0.066,19.832,18.704,-1.128
texas_2,texas,2,Southern Nazarene HS,Missouri State BH,Aff,13.665,14.846,1.181,20.723,14.005,-6.718
texas_2,texas,2,UTD HH,Emory RY,Neg,24.767,24.656,-0.111,33.147,33.199,0.052
texas_2,texas,2,Kansas BW,Kansas State DS,Aff,28.639,28.654,0.015,15.422,15.37,-0.053
texas_2,texas,2,Western Kentucky FN,Northwestern AP,Neg,28.608,25.812,-2.796,28.027,30.937,2.911
texas_2,texas,2,West Point OS,Kansas BB,Neg,14.111,13.572,-0.539,18.598,19.325,0.727
texas_2,texas,2,Georgia CK,Central Oklahoma EW,Aff,26.361,26.441,0.08,17.46,16.288,-1.173
texas_2,texas,2,Michigan State FM,Baylor DL,Aff,30.785,31.144,0.359,32.134,31.848,-0.285
texas_2,texas,2,James Madison MO,George Mason RS,Neg,18.204,16.319,-1.886,14.752,15.742,0.99
texas_2,texas,2,Southern California DT,Emory KS,Neg,27.347,26.803,-0.544,33.557,33.667,0.109
texas_2,texas,2,Baylor BK,Kansas LV,Aff,22.304,22.505,0.2,19.445,16.675,-2.769
texas_2,texas,2,Houston IF,Kansas HL,Aff,24.315,25.619,1.304,17.185,17.045,-0.14
texas_2,texas,2,Georgetown LN,Kansas AU,Neg,22.613,22.584,-0.029,34.656,34.677,0.021
texas_2,texas,2,Wake Forest MS,Dartmouth BG,Neg,21.059,16.423,-4.637,16.166,17.209,1.043
texas_2,texas,2,Georgetown GT,Iowa EW,Neg,26.354,26.138,-0.216,31.698,31.818,0.12
texas_2,texas,2,Western Kentucky KC,Texas FL,Aff,28.873,32.415,3.541,31.001,30.694,-0.307
texas_2,texas,2,CSU Long Beach ES,Harvard CS,Neg,16.936,16.344,-0.592,18.327,18.97,0.642
texas_2,texas,2,Emory AS,UC Berkeley BU,Neg,26.825,26.516,-0.309,31.013,31.141,0.128
texas_2,texas,2,Kansas BS,UC Berkeley MR,Neg,32.527,29.743,-2.784,34.573,34.706,0.133
texas_2,texas,2,Wyoming WW,Northwestern HP,Aff,20.879,21.046,0.167,15.138,14.928,-0.21
texas_2,texas,2,Southern California BR,Northwestern PS,Aff,30.389,30.927,0.538,34.798,34.395,-0.403
texas_2,texas,2,Wyoming CH,Binghamton PT,Aff,20.212,20.319,0.107,12.636,12.328,-0.308
texas_2,texas,2,Wichita State GM,Indiana FT,Aff,26.994,27.007,0.013,13.246,13.211,-0.035
texas_2,texas,2,NYU JT,Iowa AP,Neg,23.93,23.885,-0.044,37.0,37.012,0.012
texas_2,texas,2,Emory CR,Michigan State GS,Neg,22.216,22.09,-0.126,30.363,30.426,0.063
texas_2,texas,2,Georgia CP,Kansas FS,Aff,22.815,23.099,0.284,20.484,19.791,-0.693
texas_2,texas,2,Minnesota HU,James Madison KP,Aff,24.248,24.262,0.013,8.783,8.709,-0.074
texas_2,texas,2,Wake Forest HN,Michigan ES,Neg,26.401,26.336,-0.065,35.108,35.155,0.048
texas_2,texas,2,Northwestern AK,Trinity BK,Aff,22.66,22.774,0.114,14.184,13.855,-0.329
texas_2,texas,2,Kansas State DR (Day/Robertson),Emory LY,Neg,17.834,17.797,-0.037,35.459,35.463,0.004
texas_2,texas,2,Kansas LP,Binghamton CK,Neg,23.44,22.56,-0.88,37.159,37.182,0.023
texas_2,texas,2,Missouri State NS,Michigan State GL,Neg,25.32,25.293,-0.027,37.717,37.731,0.014
texas_2,texas,2,Wake Forest PS (Patel/Sayoto),Oklahoma BW (Ballinger/Wright),Aff,26.085,27.66,1.575,19.685,17.92,-1.765
texas_2,texas,2,Dartmouth JR,Michigan BL,Aff,24.904,25.063,0.159,20.519,20.27,-0.25
texas_2,texas,2,Wake Forest DE,Emory CG,Aff,27.129,27.158,0.03,15.363,15.316,-0.047
texas_2,texas,2,UTD KR,Northwestern LR,Neg,13.539,13.538,-0.001,38.713,38.713,0.0
texas_2,texas,2,Kansas ST,CSU Long Beach OM,Neg,27.308,27.12,-0.188,36.855,36.886,0.032
texas_2,texas,2,UC Berkeley GS,Georgetown CX,Neg,26.221,25.926,-0.295,26.765,31.074,4.308
texas_2,texas,2,Southern California BM,Kansas OW,Neg,26.609,26.496,-0.113,34.803,34.85,0.047
texas_2,texas,2,Kansas HF,Houston HM,Aff,23.644,26.547,2.904,19.736,17.614,-2.122
texas_2,texas,2,Iowa BS,UTD PR,Neg,25.425,25.301,-0.124,30.575,30.675,0.099
texas_2,texas,2,Southern California MT,Emory KW,Aff,25.291,25.364,0.073,15.52,15.391,-0.129
texas_2,texas,2,Kansas BP (Bauman/Persson),Indiana DJ,Aff,22.334,23.436,1.102,22.518,18.424,-4.094
texas_2,texas,2,Michigan OJ,Georgetown AC,Neg,26.89,26.362,-0.528,39.726,39.75,0.024
texas_2,texas,2,Emory GM,Michigan SS (Shah/Shih),Neg,33.348,33.129,-0.219,38.002,38.097,0.096
texas_2,texas,2,Northwestern LL,Oklahoma DF,Aff,27.183,27.234,0.051,15.666,14.957,-0.708
texas_2,texas,2,Baylor MP,Michigan BP,Neg,16.81,16.81,-0.0,41.533,41.533,0.0
texas_2,texas,2,Missouri State DN,Emory GS,Neg,25.0,24.36,-0.64,42.692,42.706,0.013
texas_2,texas,2,Northwestern LW,Kansas LS,Neg,25.439,25.434,-0.005,41.983,41.985,0.003
texas_3,texas,3,Kentucky GS,Emory RY,Neg,31.418,31.245,-0.172,33.199,33.378,0.178
texas_3,texas,3,Wyoming CH,Kansas BS,Neg,20.319,20.237,-0.081,29.743,30.474,0.73
texas_3,texas,3,Kansas OW,Iowa AP,Neg,34.85,34.702,-0.149,37.012,37.157,0.145
texas_3,texas,3,Kansas State LW,Missouri State DN,Neg,20.143,19.415,-0.727,24.36,27.655,3.294
texas_3,texas,3,Harvard DS,Kansas State DR (Day/Robertson),Aff,31.105,31.126,0.021,17.797,17.656,-0.141
texas_3,texas,3,Utah PP,Oklahoma DF,Aff,14.057,15.059,1.002,14.957,11.941,-3.016
texas_3,texas,3,Northwestern HP,Kansas FS,Neg,14.928,14.693,-0.235,19.791,20.218,0.428
texas_3,texas,3,Utah WV,Missouri State GC,Aff,18.704,20.594,1.89,14.175,13.265,-0.91
texas_3,texas,3,Southern Nazarene HS,Texas FL,Neg,14.846,14.816,-0.03,30.694,30.703,0.009
texas_3,texas,3,Northwestern LR,Kansas LS,Neg,38.713,38.581,-0.133,41.985,42.103,0.117
texas_3,texas,3,Kentucky SR,Georgetown AC,Neg,30.972,30.741,-0.231,39.75,39.792,0.042
texas_3,texas,3,Michigan State FM,Kansas BW,Neg,31.144,30.752,-0.392,28.654,28.973,0.319
texas_3,texas,3,Wake Forest LW,Iowa EW,Neg,31.125,30.87,-0.255,31.818,32.067,0.249
texas_3,texas,3,Houston IF,Wichita State GM,Neg,25.619,23.379,-2.24,27.007,27.183,0.176
texas_3,texas,3,Emory KW,UTD KR,Neg,15.391,14.615,-0.776,13.538,15.02,1.482
texas_3,texas,3,Kansas State DS,Central Oklahoma EW,Neg,15.37,14.818,-0.551,16.288,18.895,2.607
texas_3,texas,3,Macalester KH,Wake Forest AB,Aff,33.416,33.666,0.25,25.314,25.203,-0.111
texas_3,texas,3,Emory SW,Trinity BK,Aff,21.685,21.892,0.207,13.855,13.503,-0.352
texas_3,texas,3,Emory AS,Georgia CK,Aff,26.516,27.048,0.532,26.441,26.137,-0.304
texas_3,texas,3,Northwestern LW,Minnesota HU,Aff,25.434,25.732,0.298,24.262,23.997,-0.265
texas_3,texas,3,Michigan BL,UTD DD,Neg,20.27,20.11,-0.16,26.817,26.987,0.17
texas_3,texas,3,Dartmouth BG,Cal State Fullerton MN,Aff,17.209,17.848,0.639,15.304,14.537,-0.767
texas_3,texas,3,NYU MS,Michigan SS (Shah/Shih),Neg,32.935,32.768,-0.167,38.097,38.184,0.086
texas_3,texas,3,NYU JT,Houston HM,Aff,23.885,24.135,0.25,17.614,16.043,-1.571
texas_3,texas,3,Emory CG,Wake Forest MS,Aff,15.316,15.754,0.438,16.423,13.82,-2.603
texas_3,texas,3,Kansas SS,Dartmouth CG,Neg,30.364,30.079,-0.285,31.244,31.429,0.185
texas_3,texas,3,Dartmouth HP (Park/Hant),Georgetown LN,Neg,23.847,20.171,-3.676,22.584,22.875,0.291
texas_3,texas,3,Southern California BR,Georgetown CX,Aff,30.927,31.164,0.237,31.074,27.774,-3.3
texas_3,texas,3,Kansas AU,Michigan CS (Chamarthy/Sharma),Aff,34.677,34.798,0.122,30.163,28.763,-1.4
texas_3,texas,3,Emory LY,UC Berkeley MR,Neg,35.463,35.233,-0.23,34.706,34.95,0.245
texas_3,texas,3,Iowa KS,Wake Forest PS (Patel/Sayoto),Aff,23.659,24.038,0.379,27.66,23.457,-4.203
texas_3,texas,3,Wake Forest DE,Dartmouth BC,Neg,27.158,26.779,-0.379,25.534,25.883,0.348
texas_3,texas,3,CSU Long Beach ES,Dartmouth GH (Guo/Hatton),Aff,16.344,17.586,1.242,22.424,21.725,-0.699
texas_3,texas,3,Binghamton CK,Michigan ES,Neg,37.182,36.945,-0.237,35.155,35.452,0.296
texas_3,texas,3,Wyoming WW,Emory GS,Neg,21.046,21.045,-0.001,42.706,42.706,0.0
texas_3,texas,3,Kansas CF,Northwestern AP,Neg,26.998,26.534,-0.464,30.937,32.68,1.743
texas_3,texas,3,Wyoming LW,Kansas LP,Neg,13.979,12.95,-1.029,22.56,24.163,1.602
texas_3,texas,3,Emory GM,UTD HH,Neg,33.129,32.202,-0.927,24.656,25.681,1.025
texas_3,texas,3,West Point OS,James Madison MO,Neg,13.572,12.934,-0.638,16.319,17.127,0.809
texas_3,texas,3,Dartmouth JR,Kansas ST,Aff,25.063,25.417,0.354,27.12,25.959,-1.161
texas_3,texas,3,Oklahoma BW (Ballinger/Wright),Kansas HL,Neg,17.92,14.482,-3.437,17.045,17.385,0.34
texas_3,texas,3,Missouri State NS,Kansas HF,Aff,25.293,25.582,0.289,26.547,22.304,-4.243
texas_3,texas,3,Baylor BK,Southern California DT,Neg,22.505,22.318,-0.187,26.803,27.478,0.675
texas_3,texas,3,Southern California MT,Oklahoma DT,Aff,25.364,25.453,0.089,16.583,16.447,-0.136
texas_3,texas,3,Baylor DL,Georgia CP,Aff,31.848,31.897,0.048,23.099,23.017,-0.082
texas_3,texas,3,Harvard CS,Northwestern PS,Neg,18.97,18.947,-0.023,34.395,34.403,0.007
texas_3,texas,3,Iowa BS,Cal State Fullerton CD,Aff,25.301,25.334,0.033,14.004,13.857,-0.147
texas_3,texas,3,CSU Long Beach OM,Michigan State GS,Aff,36.886,36.946,0.06,30.426,30.337,-0.088
texas_3,texas,3,Michigan State GL,George Mason RS,Aff,37.731,37.731,0.0,15.742,15.741,-0.001
texas_3,texas,3,Kansas BB,Trinity KP,Neg,19.325,18.56,-0.765,22.885,23.14,0.255
texas_3,texas,3,NYU KK,James Madison KP,Aff,19.179,20.057,0.878,8.709,8.363,-0.345
texas_3,texas,3,Wake Forest HN,Northwestern AK,Aff,26.336,26.52,0.184,22.774,22.502,-0.272
texas_3,texas,3,Baylor MP,Northwestern LL,Neg,16.81,16.744,-0.066,27.234,27.277,0.043
texas_3,texas,3,George Mason DE,Kansas BP (Bauman/Persson),Aff,24.382,24.867,0.485,23.436,22.211,-1.224
texas_3,texas,3,Wyoming HP,Indiana FT,Neg,14.341,10.976,-3.365,13.211,13.757,0.546
texas_3,texas,3,Western Kentucky FN,Emory ST,Aff,25.812,26.957,1.145,18.864,18.654,-0.21
texas_3,texas,3,Western Kentucky KC,UC Berkeley BU,Neg,32.415,29.926,-2.489,31.141,31.365,0.223
texas_3,texas,3,Michigan BP,Emory KS,Aff,41.533,41.576,0.044,33.667,33.594,-0.073
texas_3,texas,3,Binghamton PT,Northwestern LO,Neg,12.328,12.168,-0.16,22.857,23.01,0.153
texas_3,texas,3,Southern California BM,Michigan OJ,Aff,26.496,26.843,0.347,26.362,23.492,-2.87
texas_3,texas,3,George Mason RT,Texas GS,Aff,20.664,21.672,1.007,22.145,21.544,-0.601
texas_3,texas,3,Liberty CL,UTD PR,Neg,30.487,30.224,-0.263,30.675,30.889,0.215
texas_3,texas,3,Michigan State JS,UTD HK,Neg,29.66,29.427,-0.233,30.13,30.391,0.261
texas_3,texas,3,UC Berkeley GS,Missouri State BH,Aff,25.926,25.993,0.067,14.005,13.474,-0.532
texas_3,texas,3,Indiana DJ,Emory CR,Neg,18.424,16.26,-2.164,22.09,22.345,0.255
texas_3,texas,3,Georgetown GT,George Mason WW,Neg,26.138,25.863,-0.275,29.872,30.046,0.174
texas_4,texas,4,Emory ST,Kansas LV,Aff,18.654,19.034,0.38,16.675,14.405,-2.27
texas_4,texas,4,Michigan OJ,CSU Long Beach ES,Neg,23.492,19.798,-3.694,17.586,18.44,0.854
texas_4,texas,4,Trinity BK,Wyoming HP,Neg,13.503,12.361,-1.142,10.976,13.773,2.797
texas_4,texas,4,Texas GS,Georgetown GT,Neg,21.544,21.276,-0.268,25.863,26.1,0.238
texas_4,texas,4,Houston HM,Kansas State DS,Aff,16.043,18.352,2.309,14.818,14.301,-0.517
texas_4,texas,4,Michigan CS (Chamarthy/Sharma),Southern California MT,Neg,28.763,26.026,-2.737,25.453,25.921,0.468
texas_4,texas,4,Missouri State GC,West Point OS,Aff,13.265,14.768,1.502,12.934,12.175,-0.758
texas_4,texas,4,Dartmouth GH (Guo/Hatton),Binghamton PT,Aff,21.725,21.795,0.07,12.168,11.987,-0.18
texas_4,texas,4,Emory GS,Iowa KS,Aff,42.706,42.707,0.001,24.038,24.036,-0.002
texas_4,texas,4,Dartmouth BC,Western Kentucky FN,Neg,25.883,25.682,-0.201,26.957,29.032,2.075
texas_4,texas,4,Georgetown AC,Wake Forest HN,Aff,39.792,39.802,0.01,26.52,26.504,-0.016
texas_4,texas,4,Kansas ST,Utah PP,Aff,25.959,26.085,0.126,15.059,14.89,-0.169
texas_4,texas,4,Texas FL,Harvard DS,Neg,30.703,30.399,-0.305,31.126,31.381,0.254
texas_4,texas,4,Northwestern LO,Michigan BL,Neg,23.01,21.821,-1.19,20.11,20.682,0.572
texas_4,texas,4,Wichita State GM,Emory LY,Neg,27.183,27.123,-0.061,35.233,35.281,0.048
texas_4,texas,4,Cal State Fullerton MN,Wyoming CH,Aff,14.537,16.152,1.615,20.237,19.644,-0.594
texas_4,texas,4,George Mason RS,Michigan State FM,Neg,15.741,15.715,-0.026,30.752,30.761,0.01
texas_4,texas,4,Kansas HL,NYU JT,Neg,17.385,17.248,-0.137,24.135,24.355,0.22
texas_4,texas,4,Michigan State GS,George Mason RT,Aff,30.337,30.393,0.056,21.672,21.489,-0.183
texas_4,texas,4,UTD HK,Northwestern LW,Aff,30.391,30.523,0.132,25.732,25.567,-0.166
texas_4,texas,4,Michigan ES,Missouri State NS,Aff,35.452,35.486,0.034,25.582,25.526,-0.056
texas_4,texas,4,Northwestern PS,Kansas CF,Aff,34.403,34.466,0.063,26.534,26.299,-0.235
texas_4,texas,4,Iowa AP,Michigan BP,Neg,37.157,37.059,-0.097,41.576,41.665,0.089
texas_4,texas,4,UC Berkeley MR,NYU MS,Aff,34.95,35.108,0.158,32.768,32.501,-0.267
texas_4,texas,4,Georgetown LN,Kentucky GS,Neg,22.875,22.797,-0.077,31.245,31.293,0.048
texas_4,texas,4,Southern California DT,Dartmouth JR,Neg,27.478,26.107,-1.371,25.417,25.753,0.336
texas_4,texas,4,Emory RY,Southern California BM,Aff,33.378,33.453,0.075,26.843,26.689,-0.154
texas_4,texas,4,Georgia CK,Kansas State LW,Aff,26.137,26.241,0.104,19.415,18.865,-0.55
texas_4,texas,4,Trinity KP,Northwestern LR,Neg,23.14,23.129,-0.011,38.581,38.586,0.005
texas_4,texas,4,Missouri State DN,Kansas SS,Neg,27.655,24.611,-3.043,30.079,30.25,0.171
texas_4,texas,4,Emory KS,Dartmouth BG,Aff,33.594,33.602,0.008,17.848,17.825,-0.023
texas_4,texas,4,Michigan SS (Shah/Shih),Michigan State GL,Aff,38.184,38.366,0.183,37.731,37.547,-0.184
texas_4,texas,4,Kansas LS,Wyoming WW,Aff,42.103,42.103,0.0,21.045,21.044,-0.001
texas_4,texas,4,Kansas HF,UC Berkeley GS,Neg,22.304,20.49,-1.814,25.993,26.23,0.237
texas_4,texas,4,Kansas BS,Emory AS,Neg,30.474,27.319,-3.154,27.048,27.616,0.567
texas_4,texas,4,Wake Forest MS,Wyoming LW,Aff,13.82,15.253,1.434,12.95,10.742,-2.208
texas_4,texas,4,UTD DD,Wake Forest LW,Neg,26.987,26.719,-0.268,30.87,31.021,0.151
texas_4,texas,4,Indiana FT,Michigan State JS,Neg,13.757,13.741,-0.016,29.427,29.433,0.006
texas_4,texas,4,Emory CR,Iowa BS,Aff,22.345,23.022,0.677,25.334,24.964,-0.37
texas_4,texas,4,Oklahoma DF,Northwestern HP,Neg,11.941,10.269,-1.672,14.693,14.979,0.286
texas_4,texas,4,James Madison KP,Wake Forest DE,Neg,8.363,8.34,-0.024,26.779,26.784,0.004
texas_4,texas,4,Dartmouth CG,Kansas AU,Aff,31.429,31.731,0.302,34.798,34.421,-0.377
texas_4,texas,4,Georgia CP,Kansas BB,Neg,23.017,22.458,-0.559,18.56,20.277,1.717
texas_4,texas,4,Kansas BP (Bauman/Persson),Harvard CS,Aff,22.211,22.995,0.784,18.947,18.502,-0.445
texas_4,texas,4,UTD HH,Kansas OW,Neg,25.681,25.596,-0.085,34.702,34.739,0.037
texas_4,texas,4,Northwestern LL,Western Kentucky KC,Neg,27.277,27.082,-0.195,29.926,31.183,1.257
texas_4,texas,4,Missouri State BH,Oklahoma BW (Ballinger/Wright),Neg,13.474,11.4,-2.074,14.482,16.333,1.85
texas_4,texas,4,George Mason WW,Kentucky SR,Neg,30.046,29.792,-0.253,30.741,31.602,0.861
texas_4,texas,4,Oklahoma DT,Emory SW,Aff,16.447,17.435,0.988,21.892,20.743,-1.149
texas_4,texas,4,Kansas BW,Southern California BR,Aff,28.973,29.272,0.299,31.164,30.761,-0.403
texas_4,texas,4,Iowa EW,CSU Long Beach OM,Neg,32.067,31.942,-0.125,36.946,37.028,0.082
texas_4,texas,4,Kansas LP,Emory CG,Aff,24.163,25.49,1.327,15.754,15.626,-0.128
texas_4,texas,4,UTD KR,Emory GM,Neg,15.02,14.996,-0.024,32.202,32.21,0.008
texas_4,texas,4,Minnesota HU,Baylor MP,Aff,23.997,24.086,0.089,16.744,16.604,-0.14
texas_4,texas,4,James Madison MO,Houston IF,Neg,17.127,16.696,-0.431,23.379,24.289,0.91
texas_4,texas,4,UTD PR,George Mason DE,Aff,30.889,30.97,0.081,24.867,24.644,-0.223
texas_4,texas,4,UC Berkeley BU,Macalester KH,Neg,31.365,31.202,-0.163,33.666,34.316,0.65
texas_4,texas,4,Kansas FS,Baylor BK,Neg,20.218,19.608,-0.61,22.318,22.574,0.256
texas_4,texas,4,Northwestern AP,Baylor DL,Neg,32.68,30.191,-2.489,31.897,32.103,0.206
texas_4,texas,4,Georgetown CX,Liberty CL,Neg,27.774,25.904,-1.869,30.224,30.383,0.159
texas_4,texas,4,Northwestern AK,Dartmouth HP (Park/Hant),Aff,22.502,22.775,0.273,20.171,18.305,-1.866
texas_4,texas,4,Wake Forest PS (Patel/Sayoto),NYU KK,Aff,23.457,24.754,1.297,20.057,18.205,-1.853
texas_4,texas,4,Cal State Fullerton CD,Emory KW,Aff,13.857,14.987,1.13,14.615,13.959,-0.657
texas_4,texas,4,Kansas State DR (Day/Robertson),Utah WV,Aff,17.656,19.247,1.591,20.594,17.406,-3.188
texas_5,texas,5,Wake Forest MS,NYU MS,Neg,15.253,15.205,-0.049,32.501,32.51,0.009
texas_5,texas,5,Southern California BM,Emory CR,Aff,26.689,26.941,0.252,23.022,22.757,-0.265
texas_5,texas,5,Georgetown AC,Kansas BW,Aff,39.802,39.826,0.024,29.272,29.245,-0.028
texas_5,texas,5,NYU KK,Texas GS,Neg,18.205,16.489,-1.716,21.276,21.556,0.28
texas_5,texas,5,UTD DD,Kansas BB,Aff,26.719,26.882,0.163,20.277,19.915,-0.362
texas_5,texas,5,Kansas LP,Georgetown CX,Aff,25.49,28.286,2.796,25.904,24.229,-1.675
texas_5,texas,5,James Madison KP,Binghamton PT,Neg,8.34,7.467,-0.873,11.987,12.498,0.51
texas_5,texas,5,Dartmouth CG,UTD PR,Aff,31.731,31.912,0.181,30.97,30.777,-0.193
texas_5,texas,5,Binghamton CK,Wake Forest LW,Aff,36.945,37.014,0.069,31.021,30.919,-0.102
texas_5,texas,5,Wyoming WW,Missouri State DN,Aff,21.044,21.466,0.422,24.611,20.657,-3.954
texas_5,texas,5,Georgia CP,Houston HM,Aff,22.458,22.646,0.188,18.352,17.037,-1.314
texas_5,texas,5,Southern California DT,Oklahoma DT,Aff,26.107,26.341,0.234,17.435,17.306,-0.129
texas_5,texas,5,Wake Forest AB,George Mason DE,Neg,25.203,24.765,-0.437,24.644,25.221,0.578
texas_5,texas,5,Utah PP,Baylor MP,Neg,14.89,14.063,-0.827,16.604,16.944,0.341
texas_5,texas,5,UC Berkeley GS,Iowa AP,Neg,26.23,26.177,-0.053,37.059,37.081,0.022
texas_5,texas,5,UTD KR,Kansas FS,Aff,14.996,16.64,1.644,19.608,18.526,-1.082
texas_5,texas,5,Iowa KS,Minnesota HU,Aff,24.036,24.38,0.344,24.086,23.789,-0.296
texas_5,texas,5,Georgia CK,Northwestern LW,Aff,26.241,26.514,0.273,25.567,25.267,-0.299
texas_5,texas,5,Cal State Fullerton MN,Northwestern LL,Neg,16.152,16.043,-0.109,27.082,27.12,0.039
texas_5,texas,5,Kansas State DR (Day/Robertson),Trinity KP,Neg,19.247,18.441,-0.806,23.129,23.362,0.233
texas_5,texas,5,Kansas BP (Bauman/Persson),Wake Forest HN,Aff,22.995,24.585,1.59,26.504,26.103,-0.401
texas_5,texas,5,CSU Long Beach ES,Wichita State GM,Neg,18.44,18.311,-0.129,27.123,27.176,0.054
texas_5,texas,5,Kansas LV,Iowa BS,Aff,14.405,19.628,5.223,24.964,24.475,-0.489
texas_5,texas,5,Baylor BK,Georgetown GT,Aff,22.574,23.073,0.499,26.1,25.461,-0.64
texas_5,texas,5,Central Oklahoma EW,James Madison MO,Neg,18.895,16.198,-2.697,16.696,17.735,1.039
texas_5,texas,5,George Mason RT,Houston IF,Neg,21.489,21.013,-0.476,24.289,25.57,1.281
texas_5,texas,5,Southern Nazarene HS,Kansas HL,Neg,14.816,14.132,-0.684,17.248,17.521,0.272
texas_5,texas,5,Northwestern AK,Michigan CS (Chamarthy/Sharma),Neg,22.775,22.526,-0.249,26.026,27.084,1.059
texas_5,texas,5,UTD HH,Dartmouth BG,Neg,25.596,24.755,-0.841,17.825,19.444,1.618
texas_5,texas,5,Macalester KH,Kansas SS,Aff,34.316,34.768,0.453,30.25,30.087,-0.163
texas_5,texas,5,Missouri State NS,NYU JT,Aff,25.526,25.822,0.296,24.355,23.829,-0.527
texas_5,texas,5,Dartmouth GH (Guo/Hatton),Michigan OJ,Neg,21.795,21.401,-0.393,19.798,21.92,2.122
texas_5,texas,5,Wake Forest PS (Patel/Sayoto),Emory GM,Neg,24.754,24.063,-0.691,32.21,32.331,0.121
texas_5,texas,5,Kansas AU,Southern California MT,Aff,34.421,34.475,0.054,25.921,25.835,-0.086
texas_5,texas,5,Cal State Fullerton CD,Northwestern HP,Aff,14.987,15.925,0.938,14.979,14.549,-0.43
texas_5,texas,5,UC Berkeley BU,Dartmouth JR,Neg,31.202,30.79,-0.411,25.753,26.261,0.507
texas_5,texas,5,Northwestern PS,Emory LY,Aff,34.466,34.734,0.267,35.281,35.058,-0.224
texas_5,texas,5,Trinity BK,Wyoming LW,Aff,12.361,13.067,0.706,10.742,8.97,-1.771
texas_5,texas,5,George Mason WW,Emory ST,Aff,29.792,29.829,0.036,19.034,18.959,-0.075
texas_5,texas,5,Michigan SS (Shah/Shih),UC Berkeley MR,Neg,38.366,38.09,-0.277,35.108,35.419,0.311
texas_5,texas,5,Michigan BP,Kansas LS,Neg,41.665,41.501,-0.165,42.103,42.281,0.178
texas_5,texas,5,Kansas State DS,West Point OS,Neg,14.301,13.466,-0.835,12.175,13.173,0.997
texas_5,texas,5,Kansas HF,Indiana DJ,Aff,20.49,21.744,1.254,16.26,14.783,-1.477
texas_5,texas,5,Michigan ES,Emory RY,Neg,35.486,35.2,-0.285,33.453,33.734,0.282
texas_5,texas,5,Emory CG,Utah WV,Neg,15.626,15.314,-0.312,17.406,19.134,1.727
texas_5,texas,5,Kansas BS,George Mason RS,Aff,27.319,27.606,0.287,15.715,15.613,-0.101
texas_5,texas,5,Northwestern LR,Kentucky SR,Aff,38.586,38.652,0.066,31.602,31.319,-0.284
texas_5,texas,5,Indiana FT,Emory SW,Neg,13.741,13.539,-0.201,20.743,20.948,0.205
texas_5,texas,5,Michigan State FM,Liberty CL,Aff,30.761,31.029,0.268,30.383,30.139,-0.244
texas_5,texas,5,Northwestern LO,Kansas State LW,Aff,21.821,22.322,0.502,18.865,17.984,-0.881
texas_5,texas,5,Iowa EW,UTD HK,Aff,31.942,32.157,0.214,30.523,30.305,-0.218
texas_5,texas,5,Western Kentucky KC,Michigan State GL,Neg,31.183,30.576,-0.606,37.547,37.615,0.068
texas_5,texas,5,Dartmouth BC,Michigan BL,Neg,25.682,25.225,-0.457,20.682,21.401,0.719
texas_5,texas,5,Baylor DL,Kentucky GS,Aff,32.103,32.311,0.208,31.293,31.101,-0.192
texas_5,texas,5,Northwestern AP,Kansas OW,Aff,30.191,33.009,2.818,34.739,34.482,-0.258
texas_5,texas,5,Missouri State BH,Emory KW,Neg,11.4,9.77,-1.63,13.959,14.339,0.381
texas_5,texas,5,Emory KS,Western Kentucky FN,Aff,33.602,33.739,0.137,29.032,27.975,-1.058
texas_5,texas,5,Wake Forest DE,Michigan State JS,Aff,26.784,27.194,0.411,29.433,29.105,-0.328
texas_5,texas,5,Michigan State GS,Harvard DS,Aff,30.393,30.678,0.285,31.381,31.084,-0.297
texas_5,texas,5,Emory AS,Southern California BR,Aff,27.616,28.302,0.686,30.761,30.347,-0.414
texas_5,texas,5,Harvard CS,Wyoming HP,Neg,18.502,17.59,-0.912,13.773,16.585,2.812
texas_5,texas,5,Kansas CF,Georgetown LN,Neg,26.299,25.134,-1.165,22.797,23.262,0.465
texas_5,texas,5,Texas FL,Kansas ST,Aff,30.399,30.559,0.16,26.085,25.651,-0.435
texas_5,texas,5,Emory GS,CSU Long Beach OM,Aff,42.707,42.782,0.075,37.028,36.959,-0.069
texas_6,texas,6,Indiana DJ,Dartmouth GH (Guo/Hatton),Neg,14.783,13.836,-0.946,21.401,21.527,0.126
texas_6,texas,6,Kansas SS,Texas FL,Aff,30.087,30.401,0.313,30.559,30.238,-0.321
texas_6,texas,6,Trinity KP,Southern California DT,Neg,23.362,23.099,-0.263,26.341,26.952,0.61
texas_6,texas,6,Oklahoma DF,Harvard CS,Neg,10.269,9.567,-0.702,17.59,17.797,0.207
texas_6,texas,6,Georgetown GT,Kansas HF,Aff,25.461,25.682,0.222,21.744,20.478,-1.266
texas_6,texas,6,Emory CR,Cal State Fullerton MN,Aff,22.757,22.905,0.148,16.043,15.764,-0.279
texas_6,texas,6,Western Kentucky FN,Michigan ES,Neg,27.975,27.392,-0.583,35.2,35.267,0.067
texas_6,texas,6,Minnesota HU,Northwestern AK,Aff,23.789,24.029,0.239,22.526,22.179,-0.347
texas_6,texas,6,CSU Long Beach OM,Northwestern PS,Aff,36.959,37.085,0.126,34.734,34.562,-0.172
texas_6,texas,6,Wake Forest HN,Kansas LV,Aff,26.103,26.207,0.104,19.628,18.95,-0.678
texas_6,texas,6,Houston IF,Emory KS,Neg,25.57,25.1,-0.47,33.739,33.812,0.073
texas_6,texas,6,Dartmouth BG,Michigan SS (Shah/Shih),Neg,19.444,19.438,-0.006,38.09,38.091,0.001
texas_6,texas,6,Wyoming LW,Kansas State DS,Aff,8.97,11.698,2.728,13.466,12.625,-0.841
texas_6,texas,6,Michigan CS (Chamarthy/Sharma),Michigan State FM,Neg,27.084,26.25,-0.835,31.029,31.174,0.145
texas_6,texas,6,Harvard DS,Wyoming WW,Aff,31.084,31.126,0.042,21.466,21.401,-0.065
texas_6,texas,6,Kansas HL,UTD DD,Neg,17.521,17.45,-0.07,26.882,26.963,0.081
texas_6,texas,6,James Madison MO,UC Berkeley BU,Neg,17.735,17.665,-0.07,30.79,30.806,0.016
texas_6,texas,6,Wichita State GM,Georgia CK,Neg,27.176,26.906,-0.27,26.514,26.83,0.316
texas_6,texas,6,Dartmouth JR,Baylor DL,Neg,26.261,26.159,-0.102,32.311,32.395,0.084
texas_6,texas,6,Kansas ST,Kansas State DR (Day/Robertson),Aff,25.651,25.896,0.245,18.441,18.028,-0.413
texas_6,texas,6,Emory GM,Michigan BP,Neg,32.331,32.259,-0.072,41.501,41.532,0.031
texas_6,texas,6,George Mason RS,Georgia CP,Neg,15.613,15.384,-0.229,22.646,22.76,0.114
texas_6,texas,6,Kansas BW,Emory AS,Neg,29.245,28.998,-0.247,28.302,28.812,0.51
texas_6,texas,6,UTD PR,Michigan State GS,Aff,30.777,30.982,0.206,30.678,30.435,-0.243
texas_6,texas,6,Northwestern LL,Binghamton CK,Neg,27.12,27.075,-0.045,37.014,37.04,0.026
texas_6,texas,6,West Point OS,James Madison KP,Aff,13.173,13.489,0.316,7.467,6.896,-0.572
texas_6,texas,6,Wyoming HP,George Mason RT,Neg,16.585,15.748,-0.837,21.013,21.379,0.367
texas_6,texas,6,Emory SW,CSU Long Beach ES,Aff,20.948,21.362,0.414,18.311,17.922,-0.389
texas_6,texas,6,Georgetown CX,UTD HH,Neg,24.229,22.591,-1.638,24.755,25.082,0.327
texas_6,texas,6,NYU MS,Iowa EW,Aff,32.51,32.841,0.331,32.157,31.917,-0.239
texas_6,texas,6,Michigan State JS,Trinity BK,Aff,29.105,29.111,0.006,13.067,13.041,-0.026
texas_6,texas,6,Binghamton PT,Central Oklahoma EW,Neg,12.498,12.034,-0.464,16.198,17.353,1.156
texas_6,texas,6,Kansas FS,Emory CG,Aff,18.526,18.96,0.434,15.314,15.039,-0.275
texas_6,texas,6,Northwestern HP,NYU KK,Aff,14.549,14.997,0.448,16.489,14.065,-2.424
texas_6,texas,6,Southern California BR,George Mason WW,Aff,30.347,30.614,0.267,29.829,29.563,-0.266
texas_6,texas,6,Emory RY,Dartmouth CG,Neg,33.734,33.466,-0.269,31.912,32.157,0.245
texas_6,texas,6,Texas GS,Northwestern LO,Neg,21.556,21.145,-0.41,22.322,22.985,0.663
texas_6,texas,6,Emory LY,Kansas BP (Bauman/Persson),Aff,35.058,35.086,0.028,24.585,24.437,-0.148
texas_6,texas,6,UTD HK,Northwestern AP,Aff,30.305,30.606,0.301,33.009,31.1,-1.909
texas_6,texas,6,Georgetown LN,Kansas LP,Neg,23.262,23.119,-0.143,28.286,29.615,1.33
texas_6,texas,6,Liberty CL,Wake Forest DE,Neg,30.139,29.79,-0.349,27.194,27.601,0.407
texas_6,texas,6,Missouri State DN,Wake Forest AB,Neg,20.657,19.352,-1.305,24.765,24.969,0.204
texas_6,texas,6,Emory KW,Wake Forest MS,Neg,14.339,13.875,-0.464,15.205,16.652,1.447
texas_6,texas,6,NYU JT,Cal State Fullerton CD,Aff,23.829,23.987,0.159,15.925,15.681,-0.243
texas_6,texas,6,Wake Forest LW,Southern California BM,Neg,30.919,30.522,-0.398,26.941,27.584,0.643
texas_6,texas,6,Emory ST,Wake Forest PS (Patel/Sayoto),Neg,18.959,18.704,-0.255,24.063,24.951,0.888
texas_6,texas,6,Oklahoma DT,Wyoming CH,Neg,17.306,16.916,-0.39,19.644,19.888,0.245
texas_6,texas,6,Iowa BS,Missouri State BH,Aff,24.475,24.49,0.015,9.77,9.643,-0.127
texas_6,texas,6,Michigan State GL,Macalester KH,Neg,37.615,37.369,-0.246,34.768,35.803,1.035
texas_6,texas,6,Michigan BL,Kansas AU,Neg,21.401,21.377,-0.024,34.475,34.489,0.014
texas_6,texas,6,Iowa AP,Northwestern LR,Neg,37.081,36.928,-0.153,38.652,38.82,0.169
texas_6,texas,6,UC Berkeley MR,Georgetown AC,Neg,35.419,35.314,-0.105,39.826,39.925,0.099
texas_6,texas,6,Kansas BB,UTD KR,Neg,19.915,18.738,-1.176,16.64,17.896,1.256
texas_6,texas,6,George Mason DE,Missouri State NS,Aff,25.221,25.77,0.548,25.822,25.462,-0.361
texas_6,texas,6,Houston HM,Southern Nazarene HS,Neg,17.037,14.721,-2.317,14.132,15.119,0.987
texas_6,texas,6,Utah WV,Kansas CF,Neg,19.134,18.344,-0.789,25.134,25.424,0.29
texas_6,texas,6,Northwestern LW,Oklahoma BW (Ballinger/Wright),Aff,25.267,25.341,0.074,16.333,15.759,-0.574
texas_6,texas,6,Kentucky SR,Kansas BS,Neg,31.319,30.319,-0.999,27.606,29.944,2.338
texas_6,texas,6,Southern California MT,Western Kentucky KC,Aff,25.835,26.383,0.548,30.576,28.452,-2.125
texas_6,texas,6,Kansas LS,Emory GS,Neg,42.281,42.108,-0.173,42.782,42.958,0.176
texas_6,texas,6,Kentucky GS,Iowa KS,Aff,31.101,31.168,0.068,24.38,24.272,-0.108
texas_6,texas,6,Michigan OJ,UC Berkeley GS,Aff,21.92,24.066,2.146,26.177,25.587,-0.589
texas_6,texas,6,Kansas State LW,Utah PP,Neg,17.984,16.351,-1.633,14.063,15.328,1.265
texas_6,texas,6,Baylor MP,Dartmouth BC,Aff,16.944,17.914,0.97,25.225,24.651,-0.574
texas_6,texas,6,Kansas OW,Baylor BK,Aff,34.482,34.5,0.018,23.073,23.041,-0.032
texas_7,texas,7,UTD HK,Kansas BW,Neg,30.606,30.301,-0.306,28.998,29.264,0.267
texas_7,texas,7,Kansas BS,Dartmouth JR,Aff,29.944,30.812,0.867,26.159,26.014,-0.145
texas_7,texas,7,Macalester KH,Emory RY,Neg,35.803,34.917,-0.887,33.466,33.726,0.26
texas_7,texas,7,Central Oklahoma EW,Emory ST,Neg,17.353,15.997,-1.357,18.704,19.112,0.408
texas_7,texas,7,Northwestern AP,Kansas LP,Aff,31.1,31.984,0.884,29.615,27.968,-1.647
texas_7,texas,7,Harvard DS,Emory LY,Neg,31.126,30.986,-0.14,35.086,35.194,0.108
texas_7,texas,7,Emory GS,Georgetown AC,Aff,42.958,43.076,0.118,39.925,39.801,-0.125
texas_7,texas,7,George Mason WW,Northwestern LW,Aff,29.563,29.709,0.146,25.341,25.175,-0.166
texas_7,texas,7,Emory GM,Michigan BL,Aff,32.259,32.305,0.047,21.377,21.329,-0.048
texas_7,texas,7,Minnesota HU,Kentucky SR,Neg,24.029,23.928,-0.101,30.319,30.6,0.281
texas_7,texas,7,Kansas LV,Oklahoma DT,Neg,18.95,17.141,-1.809,16.916,17.474,0.557
texas_7,texas,7,Michigan State JS,Michigan OJ,Aff,29.111,29.217,0.106,24.066,23.472,-0.593
texas_7,texas,7,Emory KW,Houston HM,Aff,13.875,14.413,0.539,14.721,13.105,-1.616
texas_7,texas,7,James Madison MO,CSU Long Beach ES,Aff,17.665,18.588,0.923,17.922,17.401,-0.521
texas_7,texas,7,Southern California BM,Michigan State GL,Neg,27.584,27.522,-0.062,37.369,37.397,0.029
texas_7,texas,7,Iowa AP,Georgia CK,Aff,36.928,36.954,0.026,26.83,26.791,-0.039
texas_7,texas,7,Wyoming WW,Kansas ST,Neg,21.401,21.208,-0.193,25.896,26.271,0.376
texas_7,texas,7,Northwestern LR,Dartmouth CG,Aff,38.82,38.887,0.066,32.157,32.095,-0.062
texas_7,texas,7,Michigan State FM,CSU Long Beach OM,Neg,31.174,31.071,-0.103,37.085,37.15,0.065
texas_7,texas,7,George Mason RT,Western Kentucky FN,Neg,21.379,21.106,-0.273,27.392,28.036,0.644
texas_7,texas,7,George Mason RS,Kansas FS,Aff,15.384,16.329,0.945,18.96,18.062,-0.898
texas_7,texas,7,Northwestern LO,Iowa EW,Aff,22.985,24.563,1.578,31.917,31.376,-0.541
texas_7,texas,7,Kentucky GS,Wake Forest DE,Aff,31.168,31.29,0.122,27.601,27.436,-0.165
texas_7,texas,7,Southern California MT,Northwestern PS,Neg,26.383,26.295,-0.087,34.562,34.615,0.053
texas_7,texas,7,Kansas OW,Southern California BR,Aff,34.5,34.607,0.107,30.614,30.458,-0.156
texas_7,texas,7,Michigan BP,Binghamton CK,Aff,41.532,41.617,0.085,37.04,36.95,-0.09
texas_7,texas,7,Utah PP,Northwestern AK,Neg,15.328,15.037,-0.291,22.179,22.309,0.129
texas_7,texas,7,Georgetown CX,West Point OS,Aff,22.591,22.959,0.367,13.489,13.325,-0.164
texas_7,texas,7,Kansas State LW,Wyoming LW,Aff,16.351,16.871,0.52,11.698,10.908,-0.79
texas_7,texas,7,Liberty CL,Baylor MP,Aff,29.79,29.81,0.021,17.914,17.878,-0.036
texas_7,texas,7,Southern California DT,UC Berkeley BU,Aff,26.952,28.224,1.273,30.806,30.489,-0.317
texas_7,texas,7,Wyoming HP,UC Berkeley GS,Neg,15.748,15.473,-0.275,25.587,25.664,0.077
texas_7,texas,7,NYU JT,Northwestern LL,Neg,23.987,23.624,-0.364,27.075,27.264,0.189
texas_7,texas,7,NYU MS,George Mason DE,Aff,32.841,32.944,0.103,25.77,25.619,-0.151
texas_7,texas,7,UTD DD,UC Berkeley MR,Neg,26.963,26.863,-0.099,35.314,35.36,0.046
texas_7,texas,7,Baylor DL,Emory KS,Aff,32.395,32.658,0.264,33.812,33.479,-0.333
texas_7,texas,7,Kansas CF,Houston IF,Neg,25.424,24.783,-0.641,25.1,26.556,1.456
texas_7,texas,7,Wake Forest LW,Emory SW,Aff,30.522,30.57,0.048,21.362,21.25,-0.112
texas_7,texas,7,UTD PR,Michigan SS (Shah/Shih),Neg,30.982,30.923,-0.06,38.091,38.145,0.054
texas_7,texas,7,Wichita State GM,Wyoming CH,Aff,26.906,26.98,0.074,19.888,19.786,-0.103
texas_7,texas,7,Wake Forest AB,Missouri State NS,Aff,24.969,25.382,0.413,25.462,25.115,-0.347
texas_7,texas,7,Georgetown GT,Dartmouth BG,Neg,25.682,24.972,-0.711,19.438,20.726,1.288
texas_7,texas,7,Western Kentucky KC,Georgia CP,Neg,28.452,26.498,-1.953,22.76,23.327,0.567
texas_7,texas,7,Baylor BK,UTD HH,Aff,23.041,23.45,0.409,25.082,24.591,-0.491
texas_7,texas,7,Texas GS,Southern Nazarene HS,Aff,21.145,21.32,0.175,15.119,14.799,-0.32
texas_7,texas,7,Oklahoma DF,Trinity BK,Neg,9.567,8.475,-1.092,13.041,13.578,0.537
texas_7,texas,7,Harvard CS,Missouri State DN,Neg,17.797,17.346,-0.45,19.352,20.848,1.496
texas_7,texas,7,Iowa KS,Wake Forest HN,Neg,24.272,24.025,-0.247,26.207,26.427,0.22
texas_7,texas,7,Emory CR,Georgetown LN,Aff,22.905,23.338,0.433,23.119,22.798,-0.322
texas_7,texas,7,Binghamton PT,Dartmouth BC,Neg,12.034,11.97,-0.064,24.651,24.671,0.019
texas_7,texas,7,Oklahoma BW (Ballinger/Wright),Kansas State DR (Day/Robertson),Neg,15.759,14.388,-1.371,18.028,18.791,0.763
texas_7,texas,7,UTD KR,Michigan CS (Chamarthy/Sharma),Neg,17.896,17.667,-0.229,26.25,26.597,0.348
texas_7,texas,7,Indiana DJ,NYU KK,Aff,13.836,15.636,1.8,14.065,12.614,-1.451
texas_7,texas,7,Kansas LS,Emory AS,Aff,42.108,42.118,0.01,28.812,28.789,-0.023
texas_7,texas,7,Kansas AU,Michigan ES,Neg,34.489,34.268,-0.221,35.267,35.461,0.194
texas_7,texas,7,Trinity KP,Wake Forest PS (Patel/Sayoto),Neg,23.099,22.816,-0.283,24.951,26.174,1.223
texas_7,texas,7,Cal State Fullerton MN,Northwestern HP,Aff,15.764,16.439,0.675,14.997,14.631,-0.366
texas_7,texas,7,Kansas BP (Bauman/Persson),Texas FL,Neg,24.437,24.045,-0.392,30.238,30.354,0.116
texas_7,texas,7,Kansas State DS,James Madison KP,Neg,12.625,11.671,-0.955,6.896,8.866,1.97
texas_7,texas,7,Michigan State GS,Kansas SS,Aff,30.435,30.671,0.236,30.401,30.115,-0.286
texas_7,texas,7,Dartmouth GH (Guo/Hatton),Kansas BB,Neg,21.527,21.074,-0.453,18.738,19.827,1.089
texas_7,texas,7,Emory CG,Missouri State BH,Aff,15.039,15.221,0.182,9.643,8.758,-0.886
texas_7,texas,7,Iowa BS,Kansas HL,Neg,24.49,23.98,-0.51,17.45,18.22,0.77
texas_7,texas,7,Cal State Fullerton CD,Utah WV,Neg,15.681,15.148,-0.533,18.344,19.455,1.11
texas_8,texas,8,Missouri State DN,Kansas CF,Neg,20.848,19.923,-0.926,24.783,25.136,0.353
texas_8,texas,8,West Point OS,Kansas State LW,Aff,13.325,14.257,0.933,16.871,15.541,-1.33
texas_8,texas,8,Kansas State DR (Day/Robertson),George Mason RT,Aff,18.791,20.071,1.279,21.106,20.326,-0.78
texas_8,texas,8,Binghamton CK,Southern California DT,Aff,36.95,36.988,0.037,28.224,28.056,-0.168
texas_8,texas,8,NYU KK,Oklahoma DF,Aff,12.614,13.411,0.797,8.475,7.625,-0.85
texas_8,texas,8,Southern Nazarene HS,Dartmouth GH (Guo/Hatton),Aff,14.799,16.192,1.392,21.074,20.475,-0.599
texas_8,texas,8,Northwestern LW,George Mason RS,Aff,25.175,25.238,0.064,16.329,16.197,-0.133
texas_8,texas,8,Wake Forest PS (Patel/Sayoto),Michigan State FM,Neg,26.174,25.49,-0.684,31.071,31.192,0.121
texas_8,texas,8,James Madison KP,Central Oklahoma EW,Neg,8.866,8.519,-0.346,15.997,16.493,0.497
texas_8,texas,8,Iowa EW,James Madison MO,Aff,31.376,31.394,0.018,18.588,18.523,-0.065
texas_8,texas,8,Dartmouth BC,Harvard CS,Aff,24.671,24.744,0.073,17.346,17.168,-0.178
texas_8,texas,8,Kansas SS,Wake Forest MS,Aff,30.115,30.135,0.02,16.652,16.538,-0.114
texas_8,texas,8,Northwestern HP,Kansas LV,Aff,14.631,15.108,0.477,17.141,15.518,-1.623
texas_8,texas,8,Houston IF,Wake Forest LW,Aff,26.556,28.449,1.893,30.57,30.23,-0.34
texas_8,texas,8,Kansas LP,Wichita State GM,Aff,27.968,29.532,1.564,26.98,26.797,-0.183
texas_8,texas,8,Wake Forest HN,Iowa AP,Neg,26.427,26.392,-0.035,36.954,36.977,0.023
texas_8,texas,8,Georgetown AC,Michigan BP,Neg,39.801,39.652,-0.149,41.617,41.748,0.131
texas_8,texas,8,Emory SW,Georgetown CX,Aff,21.25,21.847,0.597,22.959,21.344,-1.614
texas_8,texas,8,Missouri State BH,Kansas State DS,Aff,8.758,10.833,2.076,11.671,11.011,-0.66
texas_8,texas,8,Missouri State NS,Emory KW,Aff,25.115,25.156,0.041,14.413,14.344,-0.069
texas_8,texas,8,Kansas ST,Harvard DS,Neg,26.271,25.931,-0.341,30.986,31.105,0.119
texas_8,texas,8,Kansas FS,Cal State Fullerton CD,Neg,18.062,17.294,-0.768,15.148,16.17,1.022
texas_8,texas,8,Kentucky SR,Southern California MT,Aff,30.6,30.979,0.379,26.295,26.108,-0.187
texas_8,texas,8,Texas FL,Northwestern AP,Aff,30.354,30.67,0.316,31.984,30.666,-1.318
texas_8,texas,8,Western Kentucky FN,Michigan State JS,Aff,28.036,29.577,1.541,29.217,28.981,-0.236
texas_8,texas,8,Wyoming LW,Binghamton PT,Aff,10.908,12.35,1.443,11.97,11.192,-0.779
texas_8,texas,8,Dartmouth CG,Kansas LS,Neg,32.095,32.069,-0.026,42.118,42.143,0.025
texas_8,texas,8,Southern California BR,Northwestern LO,Aff,30.458,30.563,0.105,24.563,24.315,-0.248
texas_8,texas,8,Northwestern LL,UTD DD,Aff,27.264,27.537,0.273,26.863,26.463,-0.4
texas_8,texas,8,Baylor MP,Georgetown GT,Neg,17.878,17.754,-0.124,24.972,25.088,0.117
texas_8,texas,8,Emory AS,Macalester KH,Aff,28.789,29.546,0.757,34.917,33.795,-1.122
texas_8,texas,8,Utah WV,Trinity KP,Neg,19.455,18.556,-0.899,22.816,23.042,0.226
texas_8,texas,8,Northwestern PS,Kansas AU,Aff,34.615,34.832,0.217,34.268,34.041,-0.228
texas_8,texas,8,Wyoming CH,Kansas BP (Bauman/Persson),Neg,19.786,19.616,-0.17,24.045,24.52,0.475
texas_8,texas,8,Michigan ES,Emory GS,Aff,35.461,35.918,0.457,43.076,42.685,-0.391
texas_8,texas,8,Emory ST,NYU JT,Neg,19.112,18.847,-0.265,23.624,23.895,0.271
texas_8,texas,8,Michigan CS (Chamarthy/Sharma),Wake Forest AB,Neg,26.597,25.271,-1.327,25.382,25.771,0.389
texas_8,texas,8,Kansas BW,NYU MS,Aff,29.264,29.585,0.321,32.944,32.447,-0.497
texas_8,texas,8,UTD HH,Cal State Fullerton MN,Aff,24.591,24.684,0.092,16.439,16.26,-0.179
texas_8,texas,8,Wake Forest DE,Baylor BK,Neg,27.436,27.016,-0.42,23.45,23.937,0.487
texas_8,texas,8,Michigan State GL,UTD PR,Neg,37.397,37.032,-0.365,30.923,31.322,0.399
texas_8,texas,8,Emory LY,Kentucky GS,Aff,35.194,35.302,0.108,31.29,31.177,-0.114
texas_8,texas,8,Michigan OJ,Texas GS,Neg,23.472,22.117,-1.355,21.32,21.828,0.508
texas_8,texas,8,George Mason DE,Emory GM,Neg,25.619,25.46,-0.159,32.305,32.433,0.128
texas_8,texas,8,Trinity BK,Oklahoma BW (Ballinger/Wright),Aff,13.578,14.405,0.827,14.388,12.711,-1.677
texas_8,texas,8,Dartmouth JR,Emory CR,Neg,26.014,25.662,-0.351,23.338,23.886,0.548
texas_8,texas,8,Houston HM,Wyoming HP,Aff,13.105,14.595,1.49,15.473,13.99,-1.483
texas_8,texas,8,Georgia CK,Southern California BM,Neg,26.791,26.541,-0.25,27.522,27.872,0.35
texas_8,texas,8,Northwestern AK,UTD KR,Neg,22.309,21.723,-0.585,17.667,18.973,1.306
texas_8,texas,8,UC Berkeley GS,Wyoming WW,Aff,25.664,25.874,0.21,21.208,21.018,-0.19
texas_8,texas,8,CSU Long Beach ES,Emory CG,Aff,17.401,17.777,0.376,15.221,14.918,-0.303
texas_8,texas,8,Kansas HL,Western Kentucky KC,Aff,18.22,18.932,0.712,26.498,24.445,-2.053
texas_8,texas,8,Emory KS,Kansas OW,Neg,33.479,33.246,-0.233,34.607,34.77,0.163
texas_8,texas,8,CSU Long Beach OM,Kansas BS,Aff,37.15,37.21,0.06,30.812,30.31,-0.502
texas_8,texas,8,Michigan BL,Minnesota HU,Aff,21.329,21.856,0.527,23.928,23.563,-0.365
texas_8,texas,8,Dartmouth BG,UTD HK,Neg,20.726,20.612,-0.114,30.301,30.343,0.042
texas_8,texas,8,UC Berkeley MR,Michigan State GS,Aff,35.36,35.457,0.098,30.671,30.559,-0.112
texas_8,texas,8,Kansas HF,Utah PP,Neg,20.478,17.797,-2.681,15.037,16.182,1.146
texas_8,texas,8,Kansas BB,Iowa BS,Aff,19.827,20.962,1.135,23.98,23.617,-0.363
texas_8,texas,8,Michigan SS (Shah/Shih),Baylor DL,Aff,38.145,38.222,0.076,32.658,32.568,-0.09
texas_8,texas,8,Georgetown LN,Indiana DJ,Neg,22.798,22.291,-0.507,15.636,18.792,3.155
texas_8,texas,8,UC Berkeley BU,George Mason WW,Aff,30.489,30.685,0.196,29.709,29.464,-0.245
texas_8,texas,8,Emory RY,Northwestern LR,Neg,33.726,33.636,-0.09,38.887,38.976,0.089
texas_8,texas,8,Georgia CP,Liberty CL,Neg,23.327,23.209,-0.117,29.81,29.893,0.082
texas_8,texas,8,Oklahoma DT,Iowa KS,Neg,17.474,17.305,-0.169,24.025,24.131,0.107
texas_dubs,texas,dubs,Kentucky GS,Michigan BP,Neg,31.177,31.153,-0.024,41.748,41.768,0.02
texas_dubs,texas,dubs,Houston IF,CSU Long Beach OM,Neg,28.449,28.196,-0.253,37.21,37.246,0.036
texas_dubs,texas,dubs,Emory GS,Kansas SS,Aff,42.685,42.697,0.011,30.135,30.117,-0.018
texas_dubs,texas,dubs,Michigan State GS,Kansas LS,Neg,30.559,30.538,-0.02,42.143,42.159,0.016
texas_dubs,texas,dubs,Michigan SS (Shah/Shih),Iowa EW,Aff,38.222,38.279,0.057,31.394,31.319,-0.075
texas_dubs,texas,dubs,UC Berkeley MR,Kansas AU,Aff,35.457,35.622,0.164,34.041,33.849,-0.192
texas_dubs,texas,dubs,Northwestern LR,Emory KS,Neg,38.976,38.61,-0.366,33.246,33.73,0.484
texas_dubs,texas,dubs,Harvard DS,Michigan ES,Neg,31.105,30.989,-0.115,35.918,36.014,0.096
texas_dubs,texas,dubs,Michigan State GL,Georgetown AC,Neg,37.032,36.908,-0.124,39.652,39.781,0.129
texas_dubs,texas,dubs,NYU MS,Emory RY,Neg,32.447,32.179,-0.268,33.636,33.806,0.17
texas_dubs,texas,dubs,Northwestern AP,Iowa AP,Neg,30.666,30.292,-0.373,36.977,37.043,0.066
texas_dubs,texas,dubs,Emory LY,Kansas BW,Aff,35.302,35.378,0.076,29.585,29.503,-0.082
texas_dubs,texas,dubs,UTD PR,Binghamton CK,Neg,31.322,31.244,-0.078,36.988,37.058,0.07
texas_dubs,texas,dubs,Emory AS,Baylor DL,Neg,29.546,29.284,-0.262,32.568,32.705,0.137
texas_dubs,texas,dubs,Kansas OW,Northwestern PS,Neg,34.77,34.585,-0.186,34.832,35.052,0.221
texas_dubs,texas,dubs,Michigan State FM,Dartmouth CG,Neg,31.192,30.96,-0.232,32.069,32.237,0.168
texas_octas,texas,octas,Michigan BP,Dartmouth CG,Aff,41.768,41.794,0.026,32.237,32.207,-0.03
texas_octas,texas,octas,Northwestern PS,CSU Long Beach OM,Neg,35.052,34.893,-0.159,37.246,37.369,0.123
texas_octas,texas,octas,Emory GS,Baylor DL,Aff,42.697,42.722,0.025,32.705,32.675,-0.03
texas_octas,texas,octas,Kansas LS,Binghamton CK,Neg,42.159,41.841,-0.317,37.058,37.366,0.307
texas_octas,texas,octas,Emory LY,Michigan SS (Shah/Shih),Neg,35.378,35.253,-0.125,38.279,38.398,0.119
texas_octas,texas,octas,UC Berkeley MR,Iowa AP,Aff,35.622,35.856,0.234,37.043,36.823,-0.22
texas_octas,texas,octas,Michigan ES,Georgetown AC,Aff,36.014,36.325,0.311,39.781,39.498,-0.283
texas_quarters,texas,quarters,Emory RY,CSU Long Beach OM,Neg,33.806,33.69,-0.117,37.369,37.467,0.097
texas_quarters,texas,quarters,UC Berkeley MR,Emory GS,Neg,35.856,35.797,-0.059,42.722,42.776,0.054
texas_quarters,texas,quarters,Binghamton CK,Michigan SS (Shah/Shih),Neg,37.366,37.216,-0.15,38.398,38.554,0.156
texas_semis,texas,semis,CSU Long Beach OM,Emory GS,Neg,37.467,37.397,-0.07,42.776,42.851,0.075
texas_finals,texas,finals,Michigan BP,Emory GS,Neg,41.794,41.65,-0.145,42.851,43.002,0.151
ada_1,ada,1,Georgia CP,Macalester WD,Aff,23.209,23.394,0.185,20.788,17.742,-3.046
ada_1,ada,1,Michigan State FM,UTD DD,Aff,30.96,31.087,0.126,26.463,26.258,-0.205
ada_1,ada,1,Northwestern AK,UTD HH,Aff,21.723,22.229,0.506,24.684,24.181,-0.503
ada_1,ada,1,Kentucky SR,George Mason RT,Neg,30.979,29.358,-1.621,20.326,21.807,1.48
ada_1,ada,1,Georgetown LN,Northwestern AT,Neg,22.291,22.255,-0.035,33.032,33.06,0.027
ada_1,ada,1,Dartmouth BP,George Mason WW,Neg,23.695,21.676,-2.019,29.464,29.564,0.101
ada_1,ada,1,Missouri State DN,Kansas LS,Neg,19.923,19.918,-0.005,41.841,41.842,0.001
ada_1,ada,1,Kentucky GS,Michigan State GL,Neg,31.153,31.074,-0.079,36.908,36.978,0.07
ada_1,ada,1,Western Kentucky SS (Schintgen/StPeter),George Mason RS,Aff,24.378,24.48,0.102,16.197,16.046,-0.151
ada_1,ada,1,Emory ST,Baylor LP,Neg,18.847,18.67,-0.178,25.0,28.094,3.094
ada_1,ada,1,Georgetown AC,CSU Long Beach OM,Aff,39.498,39.632,0.135,37.397,37.275,-0.121
ada_1,ada,1,Michigan State JS,Kansas AU,Neg,28.981,28.874,-0.107,33.849,33.955,0.106
ada_1,ada,1,Western Kentucky FN,Northwestern LR,Neg,29.577,29.314,-0.263,38.61,38.65,0.04
ada_1,ada,1,Emory CR,Indiana FT,Aff,23.886,23.942,0.056,13.539,13.451,-0.088
ada_1,ada,1,Missouri State NS,Minnesota BM,Aff,25.156,25.345,0.189,25.0,19.698,-5.302
ada_1,ada,1,Georgetown GT,Emory GR,Neg,25.088,25.053,-0.035,37.174,37.252,0.078
ada_1,ada,1,Wake Forest DK,Kansas HM,Aff,21.635,22.757,1.122,11.143,10.988,-0.155
ada_1,ada,1,Kansas BS,Michigan BE,Neg,30.31,30.014,-0.297,38.996,39.184,0.188
ada_1,ada,1,Michigan AO,Kansas OW,Neg,29.762,29.645,-0.117,34.585,34.671,0.086
ada_1,ada,1,Kansas SM,Southern California ZB,Neg,24.164,19.039,-5.126,17.694,21.038,3.344
ada_1,ada,1,Kansas State RS,Kansas LV,Neg,23.829,22.437,-1.392,15.518,17.692,2.175
ada_1,ada,1,Liberty SS,Emory LY,Neg,20.438,20.378,-0.06,35.253,35.261,0.008
ada_1,ada,1,George Mason DE,UC Berkeley MR,Aff,25.46,26.642,1.183,35.797,35.319,-0.478
ada_1,ada,1,Northwestern LW,Michigan SS (Shah/Shetty),Neg,25.238,25.162,-0.077,33.271,33.479,0.208
ada_1,ada,1,Kansas TC,UC Berkeley GS,Aff,25.0,30.715,5.715,25.874,25.616,-0.258
ada_1,ada,1,Georgia CL,Michigan CC,Neg,25.0,22.044,-2.956,31.62,31.718,0.099
ada_1,ada,1,UTD HK,Kansas BP (Bauman/Persson),Aff,30.343,30.437,0.095,24.52,24.185,-0.335
ada_1,ada,1,Emory AS,UTD PR,Neg,29.284,28.987,-0.297,31.244,31.39,0.146
ada_1,ada,1,Kansas LL,Southern California BR,Neg,21.421,20.058,-1.362,30.563,30.628,0.065
ada_1,ada,1,Minnesota HU,Kansas BW,Neg,23.563,23.461,-0.101,29.503,29.58,0.078
ada_1,ada,1,Michigan State GS,UTD KR,Aff,30.538,30.562,0.023,18.973,18.894,-0.079
ada_1,ada,1,Macalester KH,Texas FL,Aff,33.795,34.16,0.365,30.67,30.495,-0.175
ada_1,ada,1,Michigan BL,Northwestern HP,Neg,21.856,21.135,-0.721,15.108,15.863,0.755
ada_2,ada,2,Kansas HM,Georgetown GT,Neg,10.988,10.951,-0.037,25.053,25.072,0.018
ada_2,ada,2,Minnesota BM,Western Kentucky FN,Neg,19.698,18.495,-1.204,29.314,29.588,0.274
ada_2,ada,2,Emory GR,Missouri State NS,Aff,37.252,37.331,0.079,25.345,25.315,-0.03
ada_2,ada,2,Indiana FT,Michigan State JS,Neg,13.451,13.435,-0.016,28.874,28.88,0.006
ada_2,ada,2,Northwestern LR,Emory CR,Aff,38.65,38.656,0.006,23.942,23.93,-0.012
ada_2,ada,2,Kansas AU,Emory ST,Aff,33.955,33.961,0.006,18.67,18.656,-0.014
ada_2,ada,2,CSU Long Beach OM,Western Kentucky KC,Neg,37.275,36.835,-0.44,24.445,26.92,2.475
ada_2,ada,2,Baylor LP,Kentucky GS,Neg,28.094,24.956,-3.137,31.074,31.175,0.101
ada_2,ada,2,George Mason RS,Michigan State FM,Neg,16.046,16.027,-0.019,31.087,31.095,0.008
ada_2,ada,2,Michigan State GL,Western Kentucky SS (Schintgen/StPeter),Aff,36.978,36.99,0.012,24.48,24.452,-0.029
ada_2,ada,2,Kansas LS,Liberty CL,Neg,41.842,41.327,-0.515,29.893,30.59,0.697
ada_2,ada,2,Northwestern AT,Kansas State RS,Aff,33.06,33.09,0.03,22.437,22.347,-0.09
ada_2,ada,2,Southern Nazarene HS,Georgetown LN,Neg,16.192,15.927,-0.265,22.255,22.367,0.111
ada_2,ada,2,George Mason RT,Missouri State DN,Neg,21.807,21.198,-0.609,19.918,21.554,1.637
ada_2,ada,2,Macalester WD,Emory AS,Neg,17.742,17.121,-0.621,28.987,29.048,0.061
ada_2,ada,2,UTD DD,Georgia CP,Aff,26.258,26.517,0.259,23.394,23.177,-0.217
ada_2,ada,2,Texas FL,Michigan BL,Aff,30.495,30.543,0.048,21.135,21.073,-0.062
ada_2,ada,2,Northwestern HP,Macalester KH,Neg,15.863,15.859,-0.003,34.16,34.165,0.005
ada_2,ada,2,UTD KR,Minnesota HU,Neg,18.894,18.524,-0.37,23.461,23.59,0.128
ada_2,ada,2,Kansas BW,Kentucky SR,Neg,29.58,29.379,-0.201,29.358,29.979,0.621
ada_2,ada,2,UTD PR,Kansas LL,Aff,31.39,31.421,0.031,20.058,19.321,-0.737
ada_2,ada,2,Michigan CC,Michigan State GS,Aff,31.718,31.97,0.252,30.562,30.368,-0.194
ada_2,ada,2,Kansas BP (Bauman/Persson),Georgia CL,Aff,24.185,24.621,0.436,22.044,18.691,-3.353
ada_2,ada,2,Southern California BR,UTD HK,Neg,30.628,30.356,-0.272,30.437,30.681,0.243
ada_2,ada,2,George Mason WW,Northwestern AK,Aff,29.564,29.639,0.074,22.229,22.129,-0.1
ada_2,ada,2,UC Berkeley GS,Northwestern LW,Neg,25.616,25.205,-0.41,25.162,25.472,0.31
ada_2,ada,2,UC Berkeley MR,Kansas BS,Aff,35.319,35.398,0.079,30.014,29.498,-0.515
ada_2,ada,2,Michigan SS (Shah/Shetty),Kansas TC,Aff,33.479,33.898,0.418,30.715,27.986,-2.729
ada_2,ada,2,Emory LY,George Mason DE,Aff,35.261,35.3,0.039,26.642,26.551,-0.091
ada_2,ada,2,Southern California ZB,Michigan AO,Neg,21.038,20.333,-0.705,29.645,29.705,0.06
ada_2,ada,2,Kansas LV,Liberty SS,Neg,17.692,17.071,-0.621,20.378,21.204,0.826
ada_2,ada,2,Michigan BE,Kansas SM,Aff,39.184,39.2,0.016,19.039,18.96,-0.078
ada_2,ada,2,Kansas OW,Wake Forest DK,Aff,34.671,34.697,0.027,22.757,22.069,-0.689
ada_3,ada,3,Georgia CL,UC Berkeley GS,Neg,18.691,17.212,-1.479,25.205,25.338,0.132
ada_3,ada,3,Western Kentucky KC,Northwestern LR,Aff,26.92,28.94,2.02,38.656,38.148,-0.509
ada_3,ada,3,Kansas OW,Georgetown AC,Neg,34.697,34.614,-0.083,39.632,39.714,0.081
ada_3,ada,3,Kansas HM,Emory ST,Aff,10.951,12.386,1.435,18.656,17.688,-0.968
ada_3,ada,3,Georgetown GT,Emory CR,Aff,25.072,25.384,0.312,23.93,23.609,-0.321
ada_3,ada,3,Kansas BW,Emory AS,Aff,29.379,29.568,0.188,29.048,28.694,-0.354
ada_3,ada,3,Baylor LP,Northwestern HP,Neg,24.956,18.764,-6.193,15.859,16.409,0.55
ada_3,ada,3,Minnesota HU,Michigan State JS,Neg,23.59,23.479,-0.111,28.88,28.977,0.097
ada_3,ada,3,Michigan SS (Shah/Shetty),UTD HK,Aff,33.898,34.361,0.463,30.681,30.539,-0.142
ada_3,ada,3,Missouri State NS,Kentucky SR,Aff,25.315,25.808,0.493,29.979,29.069,-0.911
ada_3,ada,3,Kentucky GS,UC Berkeley MR,Aff,31.175,31.493,0.318,35.398,35.103,-0.295
ada_3,ada,3,Kansas SM,Indiana FT,Aff,18.96,20.445,1.485,13.435,13.194,-0.241
ada_3,ada,3,Liberty SS,George Mason RT,Neg,21.204,20.138,-1.066,21.198,21.683,0.485
ada_3,ada,3,Macalester KH,George Mason WW,Aff,34.165,34.439,0.274,29.639,29.511,-0.128
ada_3,ada,3,Kansas TC,Texas FL,Neg,27.986,25.819,-2.167,30.543,30.702,0.159
ada_3,ada,3,Michigan BE,Emory LY,Aff,39.2,39.624,0.424,35.3,35.199,-0.102
ada_3,ada,3,Wake Forest DK,Dartmouth BP,Neg,22.069,19.438,-2.631,21.676,24.257,2.581
ada_3,ada,3,Kansas LS,Georgia CP,Aff,41.327,41.328,0.001,23.177,23.175,-0.002
ada_3,ada,3,Michigan CC,Michigan State GL,Neg,31.97,31.84,-0.13,36.99,37.07,0.08
ada_3,ada,3,Kansas BP (Bauman/Persson),Northwestern AK,Aff,24.621,25.142,0.522,22.129,21.895,-0.234
ada_3,ada,3,Macalester WD,George Mason RS,Aff,17.121,19.443,2.322,16.027,15.616,-0.411
ada_3,ada,3,Michigan AO,Georgetown LN,Neg,29.705,29.203,-0.502,22.367,22.974,0.607
ada_3,ada,3,Kansas BS,Kansas State RS,Neg,29.498,27.611,-1.888,22.347,23.503,1.156
ada_3,ada,3,Northwestern AT,Liberty CL,Aff,33.09,33.251,0.162,30.59,30.429,-0.161
ada_3,ada,3,Kansas LL,UTD KR,Aff,19.321,21.988,2.666,18.524,18.04,-0.484
ada_3,ada,3,UTD PR,Emory GR,Neg,31.421,31.348,-0.073,37.331,37.642,0.311
ada_3,ada,3,Kansas AU,Michigan State FM,Aff,33.961,34.109,0.148,31.095,30.93,-0.164
ada_3,ada,3,Kansas LV,George Mason DE,Neg,17.071,16.9,-0.171,26.551,26.63,0.078
ada_3,ada,3,Western Kentucky FN,UTD DD,Aff,29.588,30.288,0.7,26.517,26.285,-0.232
ada_3,ada,3,Northwestern LW,Southern California BR,Neg,25.472,25.337,-0.135,30.356,30.477,0.121
ada_3,ada,3,Missouri State DN,Western Kentucky SS (Schintgen/StPeter),Neg,21.554,20.75,-0.804,24.452,24.705,0.253
ada_3,ada,3,Michigan State GS,Southern California ZB,Aff,30.368,30.409,0.041,20.333,19.872,-0.46
ada_4,ada,4,Kansas State RS,Kansas TC,Neg,23.503,23.127,-0.377,25.819,27.54,1.721
ada_4,ada,4,Dartmouth BP,Kansas OW,Neg,24.257,23.685,-0.572,34.614,34.646,0.032
ada_4,ada,4,Michigan State GL,Michigan BE,Neg,37.07,36.952,-0.118,39.624,40.113,0.489
ada_4,ada,4,UC Berkeley GS,Michigan AO,Neg,25.338,25.13,-0.208,29.203,29.333,0.13
ada_4,ada,4,Liberty CL,Macalester WD,Aff,30.429,30.463,0.034,19.443,19.051,-0.392
ada_4,ada,4,CSU Long Beach OM,Kansas LV,Aff,36.835,36.836,0.001,16.9,16.896,-0.004
ada_4,ada,4,UTD KR,Northwestern LW,Neg,18.04,17.843,-0.197,25.337,25.42,0.083
ada_4,ada,4,George Mason DE,Kentucky GS,Neg,26.63,26.435,-0.195,31.493,31.583,0.089
ada_4,ada,4,Emory ST,Kansas BS,Neg,17.688,17.609,-0.079,27.611,27.768,0.158
ada_4,ada,4,Emory AS,Liberty SS,Aff,28.694,28.776,0.082,20.138,19.898,-0.24
ada_4,ada,4,Georgia CP,Kansas SM,Aff,23.175,23.365,0.19,20.445,18.695,-1.751
ada_4,ada,4,Emory GR,Northwestern AT,Aff,37.642,38.026,0.384,33.251,33.138,-0.114
ada_4,ada,4,Emory LY,Western Kentucky FN,Aff,35.199,35.283,0.084,30.288,29.811,-0.477
ada_4,ada,4,Indiana FT,Michigan BL,Neg,13.194,13.044,-0.15,21.073,21.163,0.09
ada_4,ada,4,UC Berkeley MR,Kansas LL,Aff,35.103,35.12,0.017,21.988,21.709,-0.279
ada_4,ada,4,UTD HK,Michigan State GS,Aff,30.539,30.764,0.224,30.409,30.192,-0.218
ada_4,ada,4,Georgetown AC,Kansas AU,Aff,39.714,39.784,0.071,34.109,34.02,-0.089
ada_4,ada,4,Northwestern HP,Michigan CC,Neg,16.409,16.4,-0.009,31.84,31.847,0.007
ada_4,ada,4,Georgetown LN,UTD PR,Neg,22.974,22.913,-0.061,31.348,31.389,0.041
ada_4,ada,4,Northwestern AK,Minnesota HU,Neg,21.895,21.627,-0.268,23.479,23.68,0.202
ada_4,ada,4,George Mason WW,Kansas LS,Neg,29.511,29.49,-0.021,41.328,41.342,0.014
ada_4,ada,4,Western Kentucky SS (Schintgen/StPeter),Macalester KH,Neg,24.705,24.64,-0.065,34.439,34.527,0.087
ada_4,ada,4,Michigan State JS,Michigan SS (Shah/Shetty),Neg,28.977,28.883,-0.094,34.361,34.66,0.299
ada_4,ada,4,Kentucky SR,Kansas HM,Aff,29.069,29.079,0.011,12.386,12.373,-0.013
ada_4,ada,4,Northwestern LR,Kansas BP (Bauman/Persson),Aff,38.148,38.16,0.012,25.142,25.096,-0.046
ada_4,ada,4,George Mason RS,Minnesota BM,Aff,15.616,16.152,0.536,18.495,14.443,-4.052
ada_4,ada,4,Texas FL,Missouri State NS,Aff,30.702,30.826,0.125,25.808,25.668,-0.14
ada_4,ada,4,Michigan State FM,Georgetown GT,Neg,30.93,30.5,-0.43,25.384,26.018,0.634
ada_4,ada,4,UTD DD,Wake Forest DK,Aff,26.285,26.408,0.123,19.438,18.367,-1.071
ada_4,ada,4,George Mason RT,Western Kentucky KC,Neg,21.683,21.53,-0.153,28.94,29.14,0.2
ada_4,ada,4,Southern California BR,Kansas BW,Neg,30.477,30.192,-0.285,29.568,29.786,0.218
ada_4,ada,4,Southern California ZB,Baylor LP,Neg,19.872,18.055,-1.817,18.764,20.867,2.103
ada_4,ada,4,Emory CR,Missouri State DN,Aff,23.609,23.839,0.23,20.75,20.025,-0.725
ada_5,ada,5,Western Kentucky SS (Schintgen/StPeter),George Mason WW,Neg,24.64,24.457,-0.183,29.49,29.608,0.118
ada_5,ada,5,Michigan State FM,Baylor LP,Aff,30.5,30.546,0.046,20.867,20.45,-0.417
ada_5,ada,5,Michigan State GS,UC Berkeley MR,Neg,30.192,30.092,-0.1,35.12,35.202,0.082
ada_5,ada,5,Dartmouth BP,Michigan AO,Neg,23.685,22.559,-1.127,29.333,29.425,0.092
ada_5,ada,5,Michigan CC,Liberty CL,Aff,31.847,32.079,0.232,30.463,30.279,-0.185
ada_5,ada,5,Northwestern AT,Georgetown GT,Aff,33.138,33.203,0.066,26.018,25.918,-0.101
ada_5,ada,5,George Mason RT,Northwestern LW,Neg,21.53,21.254,-0.276,25.42,25.574,0.154
ada_5,ada,5,Kansas BW,Kentucky GS,Neg,29.786,29.637,-0.15,31.583,31.731,0.148
ada_5,ada,5,Western Kentucky KC,Michigan SS (Shah/Shetty),Neg,29.14,28.872,-0.268,34.66,34.936,0.276
ada_5,ada,5,UTD DD,Southern California BR,Neg,26.408,26.202,-0.206,30.192,30.331,0.139
ada_5,ada,5,Kansas TC,Missouri State NS,Aff,27.54,29.056,1.516,25.668,25.469,-0.199
ada_5,ada,5,Minnesota HU,Michigan State GL,Neg,23.68,23.668,-0.012,36.952,36.96,0.009
ada_5,ada,5,Kansas LS,UTD HK,Aff,41.342,41.363,0.021,30.764,30.737,-0.027
ada_5,ada,5,Georgia CP,CSU Long Beach OM,Neg,23.365,23.35,-0.015,36.836,36.844,0.007
ada_5,ada,5,Emory AS,George Mason DE,Aff,28.776,29.024,0.248,26.435,26.151,-0.284
ada_5,ada,5,Northwestern HP,Western Kentucky FN,Neg,16.4,16.377,-0.023,29.811,29.872,0.061
ada_5,ada,5,Emory GR,Michigan BE,Aff,38.026,38.849,0.823,40.113,39.339,-0.774
ada_5,ada,5,Kansas AU,UTD PR,Aff,34.02,34.169,0.149,31.389,31.26,-0.129
ada_5,ada,5,Michigan BL,Georgetown LN,Neg,21.163,20.895,-0.268,22.913,23.127,0.214
ada_5,ada,5,Northwestern LR,Texas FL,Aff,38.16,38.213,0.053,30.826,30.753,-0.074
ada_5,ada,5,Kansas OW,Emory LY,Aff,34.646,34.842,0.195,35.283,35.084,-0.199
ada_5,ada,5,Georgetown AC,Macalester KH,Neg,39.784,39.49,-0.294,34.527,35.409,0.882
ada_5,ada,5,Michigan State JS,Emory CR,Aff,28.883,28.982,0.099,23.839,23.678,-0.161
ada_5,ada,5,Kansas LV,Kentucky SR,Neg,16.896,16.813,-0.083,29.079,29.129,0.05
ada_5,ada,5,Northwestern AK,Kansas State RS,Neg,21.627,21.372,-0.255,23.127,23.589,0.462
ada_5,ada,5,George Mason RS,Georgia CL,Aff,16.152,16.62,0.469,17.212,14.348,-2.865
ada_5,ada,5,Missouri State DN,Liberty SS,Neg,20.025,19.109,-0.916,19.898,20.777,0.88
ada_5,ada,5,Kansas BS,Wake Forest DK,Aff,27.768,27.967,0.198,18.367,17.779,-0.588
ada_5,ada,5,Kansas SM,Macalester WD,Neg,18.695,17.029,-1.665,19.051,20.723,1.672
ada_5,ada,5,Kansas LL,Southern California ZB,Aff,21.709,23.058,1.349,18.055,17.101,-0.954
ada_5,ada,5,Kansas HM,UC Berkeley GS,Neg,12.373,12.324,-0.048,25.13,25.156,0.026
ada_5,ada,5,Emory ST,Indiana FT,Aff,17.609,17.835,0.226,13.044,12.768,-0.277
ada_5,ada,5,Minnesota BM,UTD KR,Neg,14.443,12.87,-1.573,17.843,18.191,0.348
ada_6,ada,6,Macalester KH,Emory GR,Neg,35.409,35.129,-0.28,38.849,39.231,0.382
ada_6,ada,6,Macalester WD,Kansas LL,Neg,20.723,19.553,-1.17,23.058,24.396,1.338
ada_6,ada,6,Emory LY,Kansas BS,Neg,35.084,34.748,-0.336,27.967,29.62,1.653
ada_6,ada,6,Michigan SS (Shah/Shetty),Kansas LS,Neg,34.936,34.716,-0.22,41.363,41.423,0.06
ada_6,ada,6,UTD HK,George Mason RS,Aff,30.737,30.746,0.009,16.62,16.598,-0.022
ada_6,ada,6,George Mason DE,Emory ST,Aff,26.151,26.24,0.089,17.835,17.732,-0.102
ada_6,ada,6,Texas FL,Minnesota HU,Aff,30.753,30.83,0.077,23.668,23.594,-0.073
ada_6,ada,6,Kentucky GS,Michigan CC,Aff,31.731,31.925,0.194,32.079,31.794,-0.285
ada_6,ada,6,Georgia CL,Missouri State DN,Neg,14.348,13.231,-1.117,19.109,19.529,0.421
ada_6,ada,6,Liberty CL,Michigan BL,Aff,30.279,30.316,0.038,20.895,20.837,-0.057
ada_6,ada,6,UC Berkeley GS,Western Kentucky SS (Schintgen/StPeter),Aff,25.156,25.474,0.318,24.457,24.12,-0.336
ada_6,ada,6,Baylor LP,Georgia CP,Neg,20.45,19.277,-1.174,23.35,23.539,0.19
ada_6,ada,6,UTD PR,Michigan State JS,Aff,31.26,31.394,0.134,28.982,28.825,-0.157
ada_6,ada,6,Georgetown GT,UTD DD,Neg,25.918,25.604,-0.314,26.202,26.534,0.332
ada_6,ada,6,Wake Forest DK,Kansas LV,Aff,17.779,19.513,1.734,16.813,16.186,-0.626
ada_6,ada,6,George Mason WW,Kansas BW,Neg,29.608,29.36,-0.248,29.637,29.823,0.187
ada_6,ada,6,Western Kentucky FN,Georgetown AC,Aff,29.872,31.975,2.103,39.49,39.11,-0.38
ada_6,ada,6,Northwestern LW,Western Kentucky KC,Aff,25.574,25.951,0.377,28.872,28.019,-0.853
ada_6,ada,6,Indiana FT,Northwestern AK,Aff,12.768,13.94,1.172,21.372,20.691,-0.681
ada_6,ada,6,UC Berkeley MR,Northwestern AT,Neg,35.202,34.977,-0.226,33.203,33.485,0.282
ada_6,ada,6,Kentucky SR,Northwestern LR,Neg,29.129,29.029,-0.099,38.213,38.248,0.035
ada_6,ada,6,CSU Long Beach OM,George Mason RT,Aff,36.844,36.847,0.004,21.254,21.243,-0.011
ada_6,ada,6,Michigan State GL,Kansas AU,Neg,36.96,36.72,-0.241,34.169,34.465,0.296
ada_6,ada,6,Kansas State RS,Michigan State GS,Neg,23.589,23.401,-0.188,30.092,30.164,0.072
ada_6,ada,6,Michigan BE,Kansas OW,Neg,39.339,38.37,-0.968,34.842,35.116,0.274
ada_6,ada,6,Southern California BR,Michigan State FM,Aff,30.331,30.578,0.247,30.546,30.307,-0.239
ada_6,ada,6,Michigan AO,Kansas TC,Aff,29.425,29.614,0.189,29.056,27.533,-1.524
ada_6,ada,6,Emory CR,Dartmouth BP,Aff,23.678,23.932,0.254,22.559,20.839,-1.72
ada_6,ada,6,Georgetown LN,Emory AS,Neg,23.127,23.024,-0.103,29.024,29.154,0.13
ada_6,ada,6,Liberty SS,Northwestern HP,Aff,20.777,21.228,0.45,16.377,16.198,-0.18
ada_6,ada,6,UTD KR,Kansas SM,Aff,18.191,18.647,0.457,17.029,15.581,-1.448
ada_6,ada,6,Missouri State NS,Kansas HM,Aff,25.469,25.487,0.018,12.324,12.283,-0.041
ada_dubs,ada,dubs,Emory GR,Georgetown GT,Aff,39.231,39.264,0.033,25.604,25.587,-0.017
ada_dubs,ada,dubs,Michigan SS (Shah/Shetty),Missouri State NS,Aff,34.716,34.829,0.114,25.487,25.433,-0.054
ada_dubs,ada,dubs,Northwestern LR,Kentucky SR,Aff,38.248,38.282,0.034,29.029,28.936,-0.094
ada_dubs,ada,dubs,Kentucky GS,Michigan State FM,Aff,31.925,32.072,0.146,30.307,30.124,-0.183
ada_dubs,ada,dubs,Michigan State GS,Kansas AU,Aff,30.164,30.505,0.341,34.465,34.131,-0.334
ada_dubs,ada,dubs,Emory LY,Kansas LS,Neg,34.748,34.691,-0.056,41.423,41.478,0.055
ada_dubs,ada,dubs,UC Berkeley MR,Kansas OW,Aff,34.977,35.155,0.178,35.116,34.939,-0.176
ada_dubs,ada,dubs,Northwestern AT,Southern California BR,Aff,33.485,33.626,0.141,30.578,30.424,-0.154
ada_dubs,ada,dubs,UTD PR,Macalester KH,Neg,31.394,31.291,-0.103,35.129,35.39,0.261
ada_dubs,ada,dubs,Michigan BE,Northwestern LW,Aff,38.37,38.413,0.043,25.951,25.931,-0.02
ada_dubs,ada,dubs,Emory AS,CSU Long Beach OM,Neg,29.154,29.068,-0.086,36.847,36.888,0.041
ada_dubs,ada,dubs,Georgetown AC,Michigan AO,Aff,39.11,39.137,0.027,29.614,29.578,-0.036
ada_dubs,ada,dubs,Liberty CL,Western Kentucky FN,Aff,30.316,30.566,0.25,31.975,31.052,-0.923
ada_dubs,ada,dubs,UTD HK,Western Kentucky KC,Aff,30.746,30.894,0.147,28.019,27.643,-0.376
ada_dubs,ada,dubs,Kansas BW,Michigan State GL,Neg,29.823,29.767,-0.057,36.72,36.772,0.052
ada_dubs,ada,dubs,Michigan CC,Texas FL,Aff,31.794,32.024,0.23,30.83,30.606,-0.224
ada_octas,ada,octas,Michigan CC,Emory GR,Neg,32.024,31.949,-0.075,39.264,39.443,0.179
ada_octas,ada,octas,Michigan SS (Shah/Shetty),Michigan State GL,Aff,34.829,35.551,0.722,36.772,36.568,-0.204
ada_octas,ada,octas,Northwestern LR,UTD HK,Aff,38.282,38.333,0.051,30.894,30.834,-0.06
ada_octas,ada,octas,Liberty CL,Kentucky GS,Neg,30.566,30.392,-0.174,32.072,32.219,0.147
ada_octas,ada,octas,Georgetown AC,Michigan State GS,Aff,39.137,39.171,0.034,30.505,30.464,-0.042
ada_octas,ada,octas,Kansas LS,CSU Long Beach OM,Aff,41.478,41.562,0.084,36.888,36.81,-0.078
ada_octas,ada,octas,Michigan BE,UC Berkeley MR,Aff,38.413,38.754,0.341,35.155,35.05,-0.104
ada_octas,ada,octas,Macalester KH,Northwestern AT,Aff,35.39,35.729,0.34,33.626,33.463,-0.162
ada_quarters,ada,quarters,Kansas LS,Northwestern LR,Aff,41.562,41.667,0.106,38.333,38.218,-0.116
ada_quarters,ada,quarters,Kentucky GS,Georgetown AC,Neg,32.219,32.165,-0.054,39.171,39.221,0.05
ada_quarters,ada,quarters,Emory GR,Macalester KH,Neg,39.443,38.611,-0.832,35.729,36.322,0.593
ada_semis,ada,semis,Macalester KH,Georgetown AC,Neg,36.322,36.063,-0.259,39.221,39.328,0.107
ada_semis,ada,semis,Kansas LS,Michigan BE,Neg,41.667,41.441,-0.226,38.754,39.472,0.718
ada_finals,ada,finals,Georgetown AC,Michigan BE,Neg,39.328,39.172,-0.156,39.472,39.943,0.471
ndt_1,ndt,1,Minnesota HU,Northwestern PS,Neg,23.594,23.571,-0.024,34.893,34.913,0.021
ndt_1,ndt,1,Georgia CP,Binghamton CK,Neg,23.539,23.526,-0.014,37.216,37.224,0.007
ndt_1,ndt,1,Baylor BK,Kansas LS,Neg,23.937,23.934,-0.003,41.441,41.443,0.002
ndt_1,ndt,1,Emory GS,Wake Forest DE,Aff,43.002,43.005,0.003,27.016,27.011,-0.005
ndt_1,ndt,1,Liberty CL,Kansas State DS,Aff,30.392,30.393,0.001,11.011,11.008,-0.003
ndt_1,ndt,1,James Madison MO,Michigan State GS,Neg,18.523,18.442,-0.081,30.464,30.483,0.019
ndt_1,ndt,1,Oklahoma DF,George Mason DE,Neg,7.625,7.604,-0.021,26.24,26.245,0.005
ndt_1,ndt,1,Trinity KP,Northwestern AT,Neg,23.042,22.992,-0.05,33.463,33.49,0.027
ndt_1,ndt,1,CSU Long Beach OM,Wichita State GM,Aff,36.81,36.832,0.022,26.797,26.764,-0.033
ndt_1,ndt,1,Iowa EW,Cornell DV,Aff,31.319,31.325,0.006,13.315,13.242,-0.073
ndt_1,ndt,1,Georgia CK,Michigan State GL,Neg,26.541,26.502,-0.039,36.568,36.591,0.023
ndt_1,ndt,1,Dartmouth CG,Wyoming CH,Aff,32.207,32.219,0.012,19.616,19.595,-0.021
ndt_1,ndt,1,Western Kentucky FN,Navy LS,Aff,31.052,31.091,0.038,16.727,16.677,-0.051
ndt_1,ndt,1,Michigan BP,Southern California MT,Aff,41.65,41.653,0.004,26.108,26.1,-0.008
ndt_1,ndt,1,Central Oklahoma EW,UTD HK,Neg,16.493,16.418,-0.076,30.834,30.845,0.011
ndt_1,ndt,1,UTD DD,Georgetown AC,Neg,26.534,26.513,-0.022,39.172,39.182,0.01
ndt_1,ndt,1,Houston IF,Samford AS,Aff,28.196,28.69,0.495,25.0,20.966,-4.034
ndt_1,ndt,1,James Madison KP,UC Berkeley BU,Neg,8.519,8.517,-0.002,30.685,30.685,0.0
ndt_1,ndt,1,Kansas State DR (Day/Robertson),Northwestern LR,Neg,20.071,20.06,-0.011,38.218,38.22,0.002
ndt_1,ndt,1,Texas FL,Indiana FT,Aff,30.606,30.61,0.004,13.94,13.932,-0.008
ndt_1,ndt,1,Michigan SS (Shah/Shih),Dartmouth JR,Aff,38.554,38.564,0.01,25.662,25.648,-0.015
ndt_1,ndt,1,Northern Iowa CD,Michigan State FM,Neg,12.598,12.563,-0.036,30.124,30.128,0.005
ndt_1,ndt,1,Wake Forest LW,Missouri State DN,Aff,30.23,30.263,0.032,19.529,19.413,-0.117
ndt_1,ndt,1,Iowa AP,Missouri State NS,Aff,36.823,36.84,0.017,25.433,25.406,-0.027
ndt_1,ndt,1,Houston HM,Southern California BR,Neg,14.595,14.557,-0.038,30.424,30.431,0.007
ndt_1,ndt,1,Kansas OW,Texas GS,Aff,34.939,34.949,0.01,21.828,21.804,-0.024
ndt_1,ndt,1,West Georgia KM,UTD PR,Neg,19.631,19.439,-0.192,31.291,31.312,0.021
ndt_1,ndt,1,Gonzaga WW,UC Berkeley MR,Neg,27.273,27.117,-0.155,35.05,35.094,0.044
ndt_1,ndt,1,Emory LY,Western Kentucky SS (Schintgen/StPeter),Aff,34.691,34.713,0.021,24.12,24.076,-0.045
ndt_1,ndt,1,West Point OS,NYU MS,Neg,14.257,14.25,-0.007,32.179,32.182,0.003
ndt_1,ndt,1,Emory KS,Towson DP,Aff,33.73,33.735,0.006,16.905,16.878,-0.028
ndt_1,ndt,1,UMass Amherst LM,Kentucky GS,Neg,24.765,24.564,-0.201,32.165,32.215,0.05
ndt_1,ndt,1,Harvard DS,UT San Antonio CG,Aff,30.989,31.008,0.019,18.101,17.991,-0.11
ndt_1,ndt,1,Michigan ES,NYU JT,Aff,36.325,36.339,0.014,23.895,23.856,-0.039
ndt_1,ndt,1,North Texas VB,Macalester KH,Neg,25.0,23.237,-1.763,36.063,36.138,0.075
ndt_1,ndt,1,Georgetown LN,Kansas HP,Neg,23.024,23.011,-0.013,36.492,36.502,0.011
ndt_1,ndt,1,Baylor DL,Liberty SS,Aff,32.675,32.698,0.022,21.228,21.139,-0.089
ndt_1,ndt,1,Southern California BM,Kentucky SR,Neg,27.872,27.557,-0.315,28.936,29.356,0.42
ndt_1,ndt,1,George Mason WW,Harvard AB,Aff,29.36,29.58,0.22,28.738,28.436,-0.302
ndt_2,ndt,2,Kentucky SR,George Mason WW,Neg,29.356,28.906,-0.45,29.58,29.803,0.223
ndt_2,ndt,2,Michigan State GS,Southern California BM,Aff,30.483,30.615,0.132,27.557,27.322,-0.235
ndt_2,ndt,2,Kansas HP,Baylor DL,Aff,36.502,36.63,0.127,32.698,32.579,-0.118
ndt_2,ndt,2,Liberty SS,Georgetown LN,Neg,21.139,20.537,-0.602,23.011,23.206,0.195
ndt_2,ndt,2,Macalester KH,Michigan ES,Neg,36.138,35.774,-0.364,36.339,36.528,0.188
ndt_2,ndt,2,Kentucky GS,Harvard DS,Neg,32.215,32.012,-0.203,31.008,31.288,0.279
ndt_2,ndt,2,UT San Antonio CG,UMass Amherst LM,Neg,17.991,17.533,-0.459,24.564,24.798,0.234
ndt_2,ndt,2,Northwestern AT,Dartmouth CG,Neg,33.49,33.248,-0.242,32.219,32.437,0.218
ndt_2,ndt,2,Western Kentucky SS (Schintgen/StPeter),West Point OS,Aff,24.076,24.134,0.059,14.25,14.141,-0.109
ndt_2,ndt,2,NYU MS,Emory LY,Neg,32.182,31.969,-0.213,34.713,34.833,0.121
ndt_2,ndt,2,UC Berkeley MR,Iowa EW,Aff,35.094,35.189,0.095,31.325,31.191,-0.135
ndt_2,ndt,2,Cornell DV,Gonzaga WW,Neg,13.242,13.007,-0.235,27.117,27.166,0.049
ndt_2,ndt,2,Texas GS,West Georgia KM,Aff,21.804,22.081,0.277,19.439,18.405,-1.034
ndt_2,ndt,2,UTD PR,Kansas OW,Aff,31.312,31.587,0.275,34.949,34.69,-0.259
ndt_2,ndt,2,Kansas State DS,Georgia CP,Neg,11.008,10.967,-0.041,23.526,23.549,0.023
ndt_2,ndt,2,Missouri State NS,Houston HM,Aff,25.406,25.445,0.038,14.557,14.391,-0.166
ndt_2,ndt,2,Southern California BR,Iowa AP,Neg,30.431,30.352,-0.079,36.84,36.902,0.062
ndt_2,ndt,2,Michigan State GL,Wake Forest LW,Aff,36.591,36.649,0.057,30.263,30.178,-0.085
ndt_2,ndt,2,Missouri State DN,Georgia CK,Neg,19.413,19.151,-0.262,26.502,26.585,0.083
ndt_2,ndt,2,Dartmouth JR,Northern Iowa CD,Aff,25.648,25.669,0.021,12.563,12.421,-0.142
ndt_2,ndt,2,Michigan State FM,Michigan SS (Shah/Shih),Neg,30.128,30.081,-0.048,38.564,38.602,0.038
ndt_2,ndt,2,Northwestern LR,Texas FL,Aff,38.22,38.268,0.048,30.61,30.544,-0.066
ndt_2,ndt,2,Indiana FT,Kansas State DR (Day/Robertson),Neg,13.932,13.749,-0.183,20.06,20.426,0.366
ndt_2,ndt,2,Wichita State GM,James Madison KP,Aff,26.764,26.766,0.003,8.517,8.506,-0.011
ndt_2,ndt,2,UC Berkeley BU,CSU Long Beach OM,Neg,30.685,30.608,-0.078,36.832,36.889,0.056
ndt_2,ndt,2,Georgetown AC,Houston IF,Aff,39.182,39.205,0.023,28.69,28.541,-0.149
ndt_2,ndt,2,Samford AS,UTD DD,Neg,20.966,18.705,-2.261,26.513,26.643,0.13
ndt_2,ndt,2,Southern California MT,Central Oklahoma EW,Aff,26.1,26.166,0.066,16.418,16.159,-0.259
ndt_2,ndt,2,UTD HK,Michigan BP,Neg,30.845,30.821,-0.024,41.653,41.671,0.018
ndt_2,ndt,2,Navy LS,Baylor BK,Neg,16.677,16.398,-0.279,23.934,24.024,0.09
ndt_2,ndt,2,George Mason DE,Emory GS,Neg,26.245,26.24,-0.005,43.005,43.007,0.002
ndt_2,ndt,2,Wyoming CH,Trinity KP,Neg,19.595,19.401,-0.193,22.992,23.22,0.228
ndt_2,ndt,2,NYU JT,North Texas VB,Aff,23.856,24.174,0.318,23.237,19.007,-4.23
ndt_2,ndt,2,Harvard AB,James Madison MO,Aff,28.436,28.487,0.051,18.442,18.306,-0.136
ndt_2,ndt,2,Towson DP,Minnesota HU,Neg,16.878,16.457,-0.421,23.571,23.652,0.081
ndt_2,ndt,2,Wake Forest DE,Oklahoma DF,Aff,27.011,27.013,0.002,7.604,7.59,-0.014
ndt_2,ndt,2,Kansas LS,Western Kentucky FN,Aff,41.443,41.466,0.023,31.091,30.991,-0.1
ndt_2,ndt,2,Binghamton CK,Liberty CL,Aff,37.224,37.276,0.053,30.393,30.327,-0.065
ndt_2,ndt,2,Northwestern PS,Emory KS,Neg,34.913,34.67,-0.244,33.735,34.028,0.293
ndt_3,ndt,3,NYU JT,Northwestern PS,Neg,24.174,24.108,-0.066,34.67,34.696,0.027
ndt_3,ndt,3,Binghamton CK,Michigan State GS,Aff,37.276,37.33,0.054,30.615,30.55,-0.065
ndt_3,ndt,3,Northwestern LR,Kansas LS,Aff,38.268,38.534,0.266,41.466,41.225,-0.241
ndt_3,ndt,3,Wake Forest DE,UTD DD,Neg,27.013,26.74,-0.273,26.643,26.986,0.343
ndt_3,ndt,3,Trinity KP,Liberty CL,Neg,23.22,23.111,-0.109,30.327,30.389,0.061
ndt_3,ndt,3,James Madison MO,Central Oklahoma EW,Neg,18.306,17.419,-0.887,16.159,17.591,1.432
ndt_3,ndt,3,Oklahoma DF,Wyoming CH,Neg,7.59,7.42,-0.169,19.401,19.436,0.035
ndt_3,ndt,3,Southern California MT,George Mason DE,Aff,26.166,26.512,0.346,26.24,25.867,-0.373
ndt_3,ndt,3,Emory KS,CSU Long Beach OM,Neg,34.028,33.865,-0.163,36.889,36.992,0.103
ndt_3,ndt,3,Michigan BP,George Mason WW,Aff,41.671,41.684,0.013,29.803,29.785,-0.018
ndt_3,ndt,3,Emory LY,Michigan ES,Neg,34.833,34.697,-0.136,36.528,36.681,0.153
ndt_3,ndt,3,UTD PR,Emory GS,Neg,31.587,31.571,-0.016,43.007,43.023,0.016
ndt_3,ndt,3,Michigan SS (Shah/Shih),Kansas HP,Neg,38.602,38.379,-0.223,36.63,36.912,0.282
ndt_3,ndt,3,Dartmouth CG,Georgetown AC,Neg,32.437,32.38,-0.057,39.205,39.256,0.051
ndt_3,ndt,3,UC Berkeley MR,Harvard DS,Aff,35.189,35.282,0.092,31.288,31.158,-0.13
ndt_3,ndt,3,Iowa AP,Michigan State GL,Neg,36.902,36.716,-0.186,36.649,36.819,0.171
ndt_3,ndt,3,Kentucky GS,Texas GS,Aff,32.012,32.037,0.025,22.081,22.02,-0.061
ndt_3,ndt,3,Kansas OW,Minnesota HU,Aff,34.69,34.707,0.017,23.652,23.627,-0.025
ndt_3,ndt,3,Macalester KH,Georgetown LN,Aff,35.774,35.799,0.025,23.206,23.189,-0.018
ndt_3,ndt,3,UMass Amherst LM,Baylor DL,Aff,24.798,26.13,1.332,32.579,32.159,-0.42
ndt_3,ndt,3,Northwestern AT,Kansas State DR (Day/Robertson),Aff,33.248,33.263,0.015,20.426,20.359,-0.067
ndt_3,ndt,3,Gonzaga WW,UC Berkeley BU,Neg,27.166,26.826,-0.34,30.608,30.733,0.126
ndt_3,ndt,3,Wake Forest LW,Georgia CK,Aff,30.178,30.318,0.141,26.585,26.429,-0.156
ndt_3,ndt,3,Kentucky SR,Dartmouth JR,Aff,28.906,29.182,0.276,25.669,25.512,-0.157
ndt_3,ndt,3,Iowa EW,Houston IF,Aff,31.191,31.342,0.152,28.541,27.877,-0.664
ndt_3,ndt,3,NYU MS,Harvard AB,Aff,31.969,32.145,0.176,28.487,28.299,-0.188
ndt_3,ndt,3,Texas FL,Southern California BR,Aff,30.544,30.785,0.24,30.352,30.131,-0.221
ndt_3,ndt,3,UTD HK,Missouri State NS,Neg,30.821,30.44,-0.381,25.445,25.942,0.497
ndt_3,ndt,3,Western Kentucky SS (Schintgen/StPeter),Wichita State GM,Aff,24.134,24.609,0.475,26.766,26.451,-0.315
ndt_3,ndt,3,Western Kentucky FN,Michigan State FM,Aff,30.991,31.585,0.595,30.081,29.893,-0.188
ndt_3,ndt,3,James Madison KP,Northern Iowa CD,Aff,8.506,9.746,1.24,12.421,10.414,-2.007
ndt_3,ndt,3,Baylor BK,Georgia CP,Neg,24.024,23.712,-0.312,23.549,23.869,0.32
ndt_3,ndt,3,Southern California BM,Indiana FT,Aff,27.322,27.34,0.018,13.749,13.724,-0.025
ndt_3,ndt,3,Navy LS,UT San Antonio CG,Aff,16.398,17.264,0.866,17.533,16.335,-1.197
ndt_3,ndt,3,Cornell DV,West Georgia KM,Aff,13.007,16.18,3.173,18.405,16.751,-1.654
ndt_3,ndt,3,Liberty SS,West Point OS,Aff,20.537,20.801,0.264,14.141,13.912,-0.229
ndt_3,ndt,3,Samford AS,North Texas VB,Neg,18.705,16.143,-2.562,19.007,21.649,2.642
ndt_3,ndt,3,Towson DP,Missouri State DN,Aff,16.457,17.798,1.341,19.151,18.214,-0.937
ndt_3,ndt,3,Houston HM,Kansas State DS,Aff,14.391,15.066,0.675,10.967,10.656,-0.311
ndt_4,ndt,4,Northwestern PS,Southern California MT,Aff,34.696,34.744,0.048,26.512,26.433,-0.078
ndt_4,ndt,4,Kansas HP,Binghamton CK,Aff,36.912,37.14,0.228,37.33,37.154,-0.176
ndt_4,ndt,4,Liberty CL,Texas FL,Aff,30.389,30.605,0.216,30.785,30.532,-0.252
ndt_4,ndt,4,West Georgia KM,Wake Forest DE,Neg,16.751,16.552,-0.199,26.74,26.783,0.043
ndt_4,ndt,4,Michigan State GS,Kentucky SR,Aff,30.55,30.712,0.162,29.182,28.831,-0.351
ndt_4,ndt,4,West Point OS,Oklahoma DF,Aff,13.912,14.13,0.218,7.42,6.911,-0.51
ndt_4,ndt,4,Kansas State DS,James Madison MO,Neg,10.656,10.486,-0.17,17.419,17.666,0.247
ndt_4,ndt,4,Houston IF,Trinity KP,Aff,27.877,28.309,0.432,23.111,22.942,-0.169
ndt_4,ndt,4,Kansas LS,UMass Amherst LM,Aff,41.225,41.23,0.005,26.13,26.113,-0.017
ndt_4,ndt,4,Kansas State DR (Day/Robertson),Baylor BK,Neg,20.359,19.824,-0.535,23.712,23.882,0.171
ndt_4,ndt,4,Texas GS,Gonzaga WW,Aff,22.02,22.658,0.638,26.826,25.97,-0.856
ndt_4,ndt,4,Michigan ES,Northwestern LR,Neg,36.681,36.534,-0.147,38.534,38.672,0.138
ndt_4,ndt,4,Georgetown AC,UC Berkeley MR,Aff,39.256,39.344,0.088,35.282,35.191,-0.09
ndt_4,ndt,4,Michigan State GL,Michigan BP,Neg,36.819,36.744,-0.075,41.684,41.761,0.076
ndt_4,ndt,4,Harvard DS,Wake Forest LW,Aff,31.158,31.362,0.204,30.318,30.108,-0.21
ndt_4,ndt,4,UT San Antonio CG,Samford AS,Aff,16.335,17.117,0.781,16.143,13.657,-2.486
ndt_4,ndt,4,George Mason WW,Northwestern AT,Neg,29.785,29.648,-0.137,33.263,33.383,0.12
ndt_4,ndt,4,UC Berkeley BU,Kansas OW,Neg,30.733,30.619,-0.115,34.707,34.798,0.091
ndt_4,ndt,4,Missouri State NS,Western Kentucky FN,Neg,25.942,25.833,-0.109,31.585,31.846,0.26
ndt_4,ndt,4,Georgia CP,Iowa EW,Neg,23.869,23.788,-0.081,31.342,31.404,0.062
ndt_4,ndt,4,UTD DD,Michigan SS (Shah/Shih),Neg,26.986,26.956,-0.031,38.379,38.396,0.016
ndt_4,ndt,4,George Mason DE,Kentucky GS,Neg,25.867,25.736,-0.131,32.037,32.099,0.062
ndt_4,ndt,4,Dartmouth JR,UTD PR,Aff,25.512,25.985,0.473,31.571,31.238,-0.333
ndt_4,ndt,4,Harvard AB,Macalester KH,Neg,28.299,28.215,-0.084,35.799,35.897,0.098
ndt_4,ndt,4,Michigan State FM,Emory KS,Neg,29.893,29.774,-0.119,33.865,33.997,0.132
ndt_4,ndt,4,Wyoming CH,Iowa AP,Neg,19.436,19.433,-0.003,36.716,36.717,0.002
ndt_4,ndt,4,North Texas VB,Dartmouth CG,Neg,21.649,21.05,-0.599,32.38,32.411,0.031
ndt_4,ndt,4,Central Oklahoma EW,Emory LY,Neg,17.591,17.571,-0.02,34.697,34.7,0.003
ndt_4,ndt,4,Baylor DL,Navy LS,Aff,32.159,32.167,0.007,17.264,17.236,-0.029
ndt_4,ndt,4,Wichita State GM,Cornell DV,Aff,26.451,26.489,0.039,16.18,15.842,-0.339
ndt_4,ndt,4,Georgetown LN,James Madison KP,Aff,23.189,23.204,0.016,9.746,9.69,-0.056
ndt_4,ndt,4,Southern California BR,Towson DP,Aff,30.131,30.15,0.019,17.798,17.711,-0.087
ndt_4,ndt,4,Georgia CK,Houston HM,Aff,26.429,26.459,0.03,15.066,14.943,-0.122
ndt_4,ndt,4,Minnesota HU,Liberty SS,Neg,23.627,23.315,-0.312,20.801,21.731,0.93
ndt_4,ndt,4,CSU Long Beach OM,Western Kentucky SS (Schintgen/StPeter),Aff,36.992,37.003,0.011,24.609,24.585,-0.024
ndt_4,ndt,4,Emory GS,NYU MS,Aff,43.023,43.042,0.019,32.145,32.113,-0.032
ndt_4,ndt,4,Indiana FT,NYU JT,Neg,13.724,13.657,-0.067,24.108,24.178,0.07
ndt_4,ndt,4,Missouri State DN,Southern California BM,Neg,18.214,18.07,-0.144,27.34,27.408,0.068
ndt_4,ndt,4,Northern Iowa CD,UTD HK,Neg,10.414,10.405,-0.009,30.44,30.442,0.001
ndt_5,ndt,5,Northwestern PS,Michigan ES,Neg,34.744,34.584,-0.16,36.534,36.679,0.145
ndt_5,ndt,5,Western Kentucky FN,Binghamton CK,Neg,31.846,31.582,-0.264,37.154,37.224,0.07
ndt_5,ndt,5,West Point OS,George Mason DE,Neg,14.13,14.07,-0.06,25.736,25.771,0.035
ndt_5,ndt,5,Wake Forest DE,UMass Amherst LM,Aff,26.783,27.008,0.225,26.113,25.596,-0.517
ndt_5,ndt,5,Wake Forest LW,Houston IF,Aff,30.108,30.279,0.171,28.309,27.673,-0.636
ndt_5,ndt,5,Michigan State FM,Oklahoma DF,Aff,29.774,29.774,0.0,6.911,6.908,-0.002
ndt_5,ndt,5,James Madison MO,UTD PR,Neg,17.666,17.627,-0.038,31.238,31.247,0.009
ndt_5,ndt,5,Central Oklahoma EW,Trinity KP,Neg,17.571,17.09,-0.481,22.942,23.09,0.148
ndt_5,ndt,5,Kansas LS,Liberty CL,Neg,41.23,40.793,-0.437,30.605,31.147,0.542
ndt_5,ndt,5,Northern Iowa CD,West Georgia KM,Neg,10.405,9.894,-0.512,16.552,16.977,0.425
ndt_5,ndt,5,Northwestern LR,Michigan BP,Neg,38.672,38.56,-0.112,41.761,41.865,0.104
ndt_5,ndt,5,Kansas HP,CSU Long Beach OM,Neg,37.14,36.925,-0.215,37.003,37.16,0.158
ndt_5,ndt,5,UC Berkeley MR,Northwestern AT,Aff,35.191,35.318,0.127,33.383,33.228,-0.155
ndt_5,ndt,5,Kansas OW,Michigan State GL,Aff,34.798,35.008,0.21,36.744,36.539,-0.205
ndt_5,ndt,5,Iowa AP,Michigan SS (Shah/Shih),Neg,36.717,36.577,-0.14,38.396,38.532,0.137
ndt_5,ndt,5,Iowa EW,Dartmouth CG,Neg,31.404,31.207,-0.197,32.411,32.568,0.158
ndt_5,ndt,5,Emory KS,Kentucky GS,Aff,33.997,34.179,0.182,32.099,31.968,-0.131
ndt_5,ndt,5,Emory LY,Harvard DS,Aff,34.7,34.804,0.104,31.362,31.225,-0.137
ndt_5,ndt,5,Michigan State GS,Macalester KH,Neg,30.712,30.627,-0.085,35.897,36.052,0.155
ndt_5,ndt,5,George Mason WW,Liberty SS,Aff,29.648,29.704,0.057,21.731,21.568,-0.163
ndt_5,ndt,5,Texas GS,UC Berkeley BU,Neg,22.658,22.564,-0.093,30.619,30.669,0.05
ndt_5,ndt,5,Texas FL,NYU JT,Aff,30.532,30.614,0.082,24.178,24.006,-0.172
ndt_5,ndt,5,Southern California BM,Baylor DL,Neg,27.408,27.245,-0.163,32.167,32.262,0.095
ndt_5,ndt,5,NYU MS,Baylor BK,Aff,32.113,32.179,0.066,23.882,23.818,-0.065
ndt_5,ndt,5,Georgia CK,UTD DD,Neg,26.459,26.218,-0.24,26.956,27.25,0.294
ndt_5,ndt,5,Southern California BR,Dartmouth JR,Neg,30.15,29.799,-0.351,25.985,26.366,0.381
ndt_5,ndt,5,Missouri State NS,Wichita State GM,Aff,25.833,26.119,0.286,26.489,26.243,-0.246
ndt_5,ndt,5,Southern California MT,Georgia CP,Neg,26.433,25.989,-0.444,23.788,24.177,0.388
ndt_5,ndt,5,UTD HK,Western Kentucky SS (Schintgen/StPeter),Neg,30.442,30.058,-0.384,24.585,25.201,0.615
ndt_5,ndt,5,Kentucky SR,Georgetown LN,Aff,28.831,28.996,0.165,23.204,23.1,-0.104
ndt_5,ndt,5,James Madison KP,Wyoming CH,Neg,9.69,9.535,-0.155,19.433,19.486,0.053
ndt_5,ndt,5,Gonzaga WW,Houston HM,Aff,25.97,26.035,0.065,14.943,14.81,-0.134
ndt_5,ndt,5,Cornell DV,Harvard AB,Neg,15.842,15.652,-0.189,28.215,28.246,0.031
ndt_5,ndt,5,Minnesota HU,UT San Antonio CG,Aff,23.315,23.4,0.085,17.117,16.754,-0.363
ndt_5,ndt,5,Towson DP,North Texas VB,Aff,17.711,18.721,1.011,21.05,17.885,-3.165
ndt_5,ndt,5,Kansas State DR (Day/Robertson),Navy LS,Aff,19.824,20.362,0.538,17.236,16.718,-0.518
ndt_5,ndt,5,Missouri State DN,Samford AS,Aff,18.07,18.408,0.338,13.657,12.429,-1.229
ndt_5,ndt,5,Georgetown AC,Emory GS,Neg,39.344,39.252,-0.091,43.042,43.141,0.099
ndt_5,ndt,5,Kansas State DS,Indiana FT,Neg,10.486,10.177,-0.309,13.657,13.944,0.288
ndt_6,ndt,6,UC Berkeley BU,Northwestern PS,Neg,30.669,30.556,-0.113,34.584,34.695,0.111
ndt_6,ndt,6,Binghamton CK,Wake Forest LW,Aff,37.224,37.273,0.049,30.279,30.211,-0.069
ndt_6,ndt,6,Michigan ES,Wake Forest DE,Aff,36.679,36.708,0.028,27.008,26.969,-0.039
ndt_6,ndt,6,Oklahoma DF,Northern Iowa CD,Neg,6.908,6.129,-0.779,9.894,10.636,0.742
ndt_6,ndt,6,Indiana FT,James Madison MO,Neg,13.944,13.692,-0.252,17.627,18.027,0.399
ndt_6,ndt,6,Trinity KP,Southern California BR,Neg,23.09,22.98,-0.11,29.799,29.868,0.069
ndt_6,ndt,6,Georgia CP,Kansas LS,Neg,24.177,24.173,-0.004,40.793,40.795,0.002
ndt_6,ndt,6,Liberty CL,Georgetown AC,Neg,31.147,31.102,-0.045,39.252,39.288,0.036
ndt_6,ndt,6,Western Kentucky SS (Schintgen/StPeter),Iowa AP,Neg,25.201,25.17,-0.031,36.577,36.594,0.017
ndt_6,ndt,6,Dartmouth CG,Northwestern LR,Aff,32.568,32.906,0.337,38.56,38.231,-0.329
ndt_6,ndt,6,Michigan BP,Emory KS,Aff,41.865,41.906,0.041,34.179,34.12,-0.059
ndt_6,ndt,6,Michigan SS (Shah/Shih),UC Berkeley MR,Aff,38.532,38.638,0.106,35.318,35.218,-0.1
ndt_6,ndt,6,CSU Long Beach OM,Emory LY,Aff,37.16,37.27,0.11,34.804,34.683,-0.121
ndt_6,ndt,6,Emory GS,Kansas OW,Aff,43.141,43.18,0.039,35.008,34.971,-0.037
ndt_6,ndt,6,Harvard DS,Western Kentucky FN,Aff,31.225,31.446,0.221,31.582,30.991,-0.591
ndt_6,ndt,6,Northwestern AT,NYU MS,Aff,33.228,33.396,0.168,32.179,31.934,-0.245
ndt_6,ndt,6,Baylor DL,Texas FL,Aff,32.262,32.42,0.158,30.614,30.43,-0.184
ndt_6,ndt,6,Macalester KH,Kansas HP,Neg,36.052,35.75,-0.302,36.925,37.105,0.181
ndt_6,ndt,6,Michigan State GL,Missouri State NS,Aff,36.539,36.559,0.02,26.119,26.087,-0.032
ndt_6,ndt,6,UTD PR,Kentucky SR,Aff,31.247,31.371,0.124,28.996,28.709,-0.287
ndt_6,ndt,6,Samford AS,Kansas State DS,Neg,12.429,10.169,-2.26,10.177,10.677,0.501
ndt_6,ndt,6,Kentucky GS,Iowa EW,Aff,31.968,32.12,0.152,31.207,31.007,-0.2
ndt_6,ndt,6,UTD DD,George Mason WW,Neg,27.25,27.035,-0.215,29.704,29.861,0.156
ndt_6,ndt,6,Dartmouth JR,Michigan State GS,Aff,26.366,26.74,0.374,30.627,30.317,-0.31
ndt_6,ndt,6,Wichita State GM,Towson DP,Aff,26.243,26.305,0.062,18.721,18.467,-0.254
ndt_6,ndt,6,George Mason DE,Kansas State DR (Day/Robertson),Aff,25.771,25.919,0.148,20.362,20.037,-0.325
ndt_6,ndt,6,UMass Amherst LM,Minnesota HU,Aff,25.596,25.989,0.393,23.4,23.235,-0.165
ndt_6,ndt,6,Harvard AB,Texas GS,Aff,28.246,28.366,0.12,22.564,22.415,-0.15
ndt_6,ndt,6,Georgetown LN,Gonzaga WW,Aff,23.1,23.442,0.342,26.035,25.366,-0.669
ndt_6,ndt,6,Houston IF,Michigan State FM,Neg,27.673,27.114,-0.56,29.774,29.928,0.154
ndt_6,ndt,6,Baylor BK,Southern California BM,Neg,23.818,23.651,-0.167,27.245,27.445,0.2
ndt_6,ndt,6,Wyoming CH,Georgia CK,Neg,19.486,19.387,-0.099,26.218,26.3,0.081
ndt_6,ndt,6,NYU JT,UTD HK,Neg,24.006,23.829,-0.177,30.058,30.133,0.076
ndt_6,ndt,6,Liberty SS,Southern California MT,Aff,21.568,22.518,0.951,25.989,25.504,-0.485
ndt_6,ndt,6,North Texas VB,West Point OS,Aff,17.885,19.076,1.191,14.07,13.763,-0.307
ndt_6,ndt,6,Navy LS,Cornell DV,Neg,16.718,16.02,-0.698,15.652,17.317,1.664
ndt_6,ndt,6,West Georgia KM,Central Oklahoma EW,Neg,16.977,16.066,-0.912,17.09,17.981,0.891
ndt_6,ndt,6,Houston HM,James Madison KP,Neg,14.81,13.346,-1.464,9.535,10.818,1.283
ndt_6,ndt,6,UT San Antonio CG,Missouri State DN,Aff,16.754,17.754,1.0,18.408,17.671,-0.737
ndt_7,ndt,7,Kansas State DS,West Georgia KM,Aff,10.677,11.394,0.717,16.066,14.566,-1.5
ndt_7,ndt,7,Houston HM,Navy LS,Aff,13.346,14.4,1.054,16.02,15.188,-0.832
ndt_7,ndt,7,Indiana FT,Missouri State DN,Aff,13.692,14.314,0.622,17.671,16.76,-0.911
ndt_7,ndt,7,Baylor BK,Towson DP,Neg,23.651,23.218,-0.433,18.467,19.837,1.37
ndt_7,ndt,7,Central Oklahoma EW,NYU JT,Neg,17.981,17.614,-0.366,23.829,24.008,0.179
ndt_7,ndt,7,Wyoming CH,Cornell DV,Aff,19.387,19.595,0.209,17.317,16.302,-1.015
ndt_7,ndt,7,James Madison KP,Dartmouth BC,Neg,10.818,10.779,-0.039,24.744,24.756,0.012
ndt_7,ndt,7,Southern California BR,Missouri State NS,Neg,29.868,29.544,-0.325,26.087,26.477,0.39
ndt_7,ndt,7,Western Kentucky SS (Schintgen/StPeter),Georgia CP,Neg,25.17,24.817,-0.353,24.173,24.485,0.312
ndt_7,ndt,7,UMass Amherst LM,Kentucky SR,Neg,25.989,25.648,-0.341,28.709,28.96,0.251
ndt_7,ndt,7,George Mason DE,Western Kentucky FN,Neg,25.919,25.765,-0.154,30.991,31.235,0.244
ndt_7,ndt,7,UC Berkeley BU,Georgia CK,Aff,30.556,30.66,0.105,26.3,26.17,-0.13
ndt_7,ndt,7,NYU MS,Georgetown LN,Aff,31.934,31.993,0.059,23.442,23.39,-0.052
ndt_7,ndt,7,Southern California BM,Texas FL,Neg,27.445,27.236,-0.209,30.43,30.575,0.145
ndt_7,ndt,7,Iowa EW,Liberty SS,Aff,31.007,31.054,0.047,22.518,22.393,-0.125
ndt_7,ndt,7,UTD PR,George Mason WW,Aff,31.371,31.509,0.138,29.861,29.683,-0.178
ndt_7,ndt,7,Kansas OW,Macalester KH,Neg,34.971,34.828,-0.144,35.75,36.046,0.296
ndt_7,ndt,7,Northwestern AT,Michigan State GL,Neg,33.396,33.276,-0.12,36.559,36.658,0.099
ndt_7,ndt,7,Harvard DS,Emory KS,Neg,31.446,31.3,-0.146,34.12,34.275,0.156
ndt_7,ndt,7,Northwestern LR,UTD HK,Aff,38.231,38.27,0.039,30.133,30.087,-0.047
ndt_7,ndt,7,Georgetown AC,Baylor DL,Aff,39.288,39.337,0.048,32.42,32.36,-0.06
ndt_7,ndt,7,Michigan ES,Kansas HP,Aff,36.708,36.9,0.192,37.105,36.893,-0.212
ndt_7,ndt,7,CSU Long Beach OM,Michigan BP,Aff,37.27,37.525,0.255,41.906,41.635,-0.271
ndt_7,ndt,7,Dartmouth CG,Emory GS,Neg,32.906,32.883,-0.022,43.18,43.202,0.022
ndt_7,ndt,7,Kansas State DR (Day/Robertson),Houston IF,Neg,20.037,19.812,-0.225,27.114,27.336,0.223
ndt_7,ndt,7,North Texas VB,Gonzaga WW,Neg,19.076,18.377,-0.699,25.366,25.533,0.167
ndt_7,ndt,7,Harvard AB,UTD DD,Aff,28.366,28.609,0.243,27.035,26.79,-0.245
ndt_7,ndt,7,Wake Forest LW,Wichita State GM,Aff,30.211,30.334,0.124,26.305,26.183,-0.122
ndt_7,ndt,7,Iowa AP,Dartmouth JR,Aff,36.594,36.619,0.025,26.74,26.707,-0.033
ndt_7,ndt,7,UT San Antonio CG,Michigan State GS,Neg,17.754,17.691,-0.063,30.317,30.332,0.014
ndt_7,ndt,7,West Point OS,Northern Iowa CD,Aff,13.763,14.102,0.339,10.636,9.952,-0.684
ndt_7,ndt,7,Liberty CL,Emory LY,Neg,31.102,30.988,-0.114,34.683,34.78,0.097
ndt_7,ndt,7,Kansas LS,Kentucky GS,Aff,40.795,40.826,0.032,32.12,32.087,-0.033
ndt_7,ndt,7,Minnesota HU,Trinity KP,Neg,23.235,23.005,-0.229,22.98,23.321,0.341
ndt_7,ndt,7,Texas GS,James Madison MO,Aff,22.415,22.598,0.183,18.027,17.691,-0.335
ndt_7,ndt,7,Samford AS,Oklahoma DF,Aff,10.169,11.029,0.861,6.129,5.527,-0.602
ndt_7,ndt,7,Wake Forest DE,Michigan State FM,Neg,26.969,26.809,-0.161,29.928,30.065,0.137
ndt_7,ndt,7,Binghamton CK,Michigan SS (Shah/Shih),Neg,37.273,37.138,-0.135,38.638,38.778,0.14
ndt_7,ndt,7,UC Berkeley MR,Northwestern PS,Aff,35.218,35.366,0.149,34.695,34.51,-0.185
ndt_8,ndt,8,Emory GS,CSU Long Beach OM,Aff,43.202,43.269,0.067,37.525,37.466,-0.059
ndt_8,ndt,8,Michigan BP,Georgetown AC,Neg,41.635,41.426,-0.209,39.337,39.544,0.207
ndt_8,ndt,8,Michigan SS (Shah/Shih),UTD PR,Aff,38.778,38.824,0.046,31.509,31.462,-0.047
ndt_8,ndt,8,Kansas HP,UC Berkeley MR,Neg,36.893,36.654,-0.239,35.366,35.556,0.19
ndt_8,ndt,8,Emory KS,Iowa AP,Aff,34.275,34.572,0.297,36.619,36.39,-0.229
ndt_8,ndt,8,Michigan State FM,Dartmouth CG,Neg,30.065,29.927,-0.138,32.883,32.999,0.115
ndt_8,ndt,8,Emory LY,Binghamton CK,Neg,34.78,34.663,-0.118,37.138,37.253,0.115
ndt_8,ndt,8,Macalester KH,Northwestern LR,Neg,36.046,35.814,-0.231,38.27,38.392,0.122
ndt_8,ndt,8,Texas FL,Kansas LS,Aff,30.575,31.156,0.581,40.826,40.41,-0.416
ndt_8,ndt,8,Michigan State GL,Michigan ES,Aff,36.658,36.82,0.162,36.9,36.714,-0.186
ndt_8,ndt,8,George Mason WW,Wyoming CH,Aff,29.683,29.713,0.03,19.595,19.554,-0.042
ndt_8,ndt,8,Northwestern PS,Harvard AB,Aff,34.51,34.583,0.074,28.609,28.5,-0.109
ndt_8,ndt,8,Kentucky GS,Wake Forest LW,Aff,32.087,32.217,0.129,30.334,30.162,-0.172
ndt_8,ndt,8,Dartmouth JR,UC Berkeley BU,Neg,26.707,26.584,-0.123,30.66,30.769,0.109
ndt_8,ndt,8,Michigan State GS,Harvard DS,Neg,30.332,30.166,-0.165,31.3,31.485,0.185
ndt_8,ndt,8,Baylor DL,Northwestern AT,Neg,32.36,32.189,-0.171,33.276,33.442,0.166
ndt_8,ndt,8,Western Kentucky FN,NYU MS,Neg,31.235,30.778,-0.457,31.993,32.231,0.238
ndt_8,ndt,8,Georgia CP,Liberty CL,Neg,24.485,24.394,-0.091,30.988,31.052,0.064
ndt_8,ndt,8,Kentucky SR,Iowa EW,Aff,28.96,29.425,0.464,31.054,30.785,-0.269
ndt_8,ndt,8,Missouri State NS,Kansas OW,Neg,26.477,26.423,-0.054,34.828,34.862,0.035
ndt_8,ndt,8,UTD DD,Indiana FT,Aff,26.79,26.811,0.021,14.314,14.285,-0.029
ndt_8,ndt,8,UTD HK,West Point OS,Aff,30.087,30.091,0.004,14.102,14.091,-0.011
ndt_8,ndt,8,Wichita State GM,Kansas State DS,Aff,26.183,26.19,0.007,11.394,11.381,-0.014
ndt_8,ndt,8,Houston IF,UT San Antonio CG,Neg,27.336,25.876,-1.46,17.691,19.424,1.734
ndt_8,ndt,8,Georgia CK,Texas GS,Aff,26.17,26.312,0.143,22.598,22.391,-0.207
ndt_8,ndt,8,Georgetown LN,Southern California BM,Neg,23.39,23.254,-0.136,27.236,27.411,0.175
ndt_8,ndt,8,Gonzaga WW,UMass Amherst LM,Aff,25.533,25.968,0.435,25.648,25.174,-0.474
ndt_8,ndt,8,Liberty SS,George Mason DE,Neg,22.393,22.062,-0.331,25.765,25.965,0.2
ndt_8,ndt,8,Trinity KP,Western Kentucky SS (Schintgen/StPeter),Aff,23.321,23.699,0.377,24.817,24.459,-0.358
ndt_8,ndt,8,NYU JT,Southern California BR,Neg,24.008,23.825,-0.183,29.544,29.629,0.085
ndt_8,ndt,8,Towson DP,Wake Forest DE,Aff,19.837,21.263,1.426,26.809,26.356,-0.453
ndt_8,ndt,8,James Madison MO,Houston HM,Aff,17.691,18.063,0.372,14.4,13.934,-0.465
ndt_8,ndt,8,Cornell DV,James Madison KP,Aff,16.302,16.828,0.526,10.779,10.461,-0.318
ndt_8,ndt,8,West Georgia KM,Kansas State DR (Day/Robertson),Neg,14.566,14.203,-0.363,19.812,20.113,0.301
ndt_8,ndt,8,Missouri State DN,Central Oklahoma EW,Aff,16.76,17.341,0.581,17.614,16.731,-0.883
ndt_8,ndt,8,Navy LS,North Texas VB,Neg,15.188,14.821,-0.367,18.377,19.361,0.984
ndt_8,ndt,8,Northern Iowa CD,Minnesota HU,Neg,9.952,9.879,-0.072,23.005,23.02,0.015
ndt_8,ndt,8,Dartmouth BC,Samford AS,Aff,24.756,24.772,0.016,11.029,10.931,-0.098
ndt_8,ndt,8,Oklahoma DF,Baylor BK,Neg,5.527,5.511,-0.016,23.218,23.222,0.004
ndt_dubs,ndt,dubs,Michigan SS (Shah/Shih),Kentucky SR,Aff,38.824,38.852,0.028,29.425,29.365,-0.059
ndt_dubs,ndt,dubs,Harvard DS,Michigan State GL,Neg,31.485,31.397,-0.088,36.82,36.885,0.065
ndt_dubs,ndt,dubs,Northwestern AT,Binghamton CK,Neg,33.442,33.338,-0.104,37.253,37.342,0.089
ndt_dubs,ndt,dubs,Emory KS,Northwestern PS,Aff,34.572,34.79,0.218,34.583,34.391,-0.192
ndt_dubs,ndt,dubs,Kentucky GS,UC Berkeley MR,Neg,32.217,32.117,-0.1,35.556,35.65,0.094
ndt_dubs,ndt,dubs,Northwestern LR,Liberty CL,Neg,38.392,38.039,-0.353,31.052,31.454,0.402
ndt_dubs,ndt,dubs,George Mason WW,Michigan BP,Neg,29.713,29.695,-0.018,41.426,41.439,0.013
ndt_dubs,ndt,dubs,Michigan ES,Texas FL,Neg,36.714,36.395,-0.319,31.156,31.545,0.389
ndt_dubs,ndt,dubs,UC Berkeley BU,Dartmouth CG,Neg,30.769,30.626,-0.143,32.999,33.123,0.125
ndt_dubs,ndt,dubs,Kansas LS,UTD PR,Aff,40.41,40.439,0.029,31.462,31.431,-0.031
ndt_dubs,ndt,dubs,Kansas HP,Macalester KH,Aff,36.654,36.824,0.17,35.814,35.541,-0.273
ndt_dubs,ndt,dubs,Iowa AP,Kansas OW,Neg,36.39,36.183,-0.207,34.862,35.055,0.192
ndt_dubs,ndt,dubs,Emory LY,NYU MS,Aff,34.663,34.777,0.114,32.231,32.044,-0.187
ndt_octas,ndt,octas,Kansas OW,CSU Long Beach OM,Neg,35.055,34.944,-0.111,37.466,37.571,0.105
ndt_octas,ndt,octas,Georgetown AC,Kansas HP,Aff,39.544,39.647,0.104,36.824,36.696,-0.128
ndt_octas,ndt,octas,Kansas LS,Michigan SS (Shah/Shih),Neg,40.439,40.249,-0.19,38.852,39.053,0.201
ndt_octas,ndt,octas,Michigan State GL,Dartmouth CG,Aff,36.885,36.972,0.087,33.123,33.027,-0.096
ndt_octas,ndt,octas,Texas FL,Binghamton CK,Neg,31.545,31.465,-0.08,37.342,37.403,0.06
ndt_octas,ndt,octas,Emory KS,Michigan BP,Neg,34.79,34.721,-0.069,41.439,41.489,0.05
ndt_octas,ndt,octas,UC Berkeley MR,Liberty CL,Aff,35.65,35.731,0.08,31.454,31.357,-0.097
ndt_quarters,ndt,quarters,UC Berkeley MR,Emory GS,Neg,35.731,35.691,-0.04,43.269,43.313,0.044
ndt_quarters,ndt,quarters,Michigan BP,CSU Long Beach OM,Neg,41.489,41.246,-0.243,37.571,37.801,0.23
ndt_quarters,ndt,quarters,Binghamton CK,Georgetown AC,Neg,37.403,37.289,-0.114,39.647,39.758,0.111
ndt_quarters,ndt,quarters,Michigan State GL,Michigan SS (Shah/Shih),Neg,36.972,36.859,-0.113,39.053,39.173,0.121
ndt_semis,ndt,semis,CSU Long Beach OM,Georgetown AC,Aff,37.801,37.984,0.184,39.758,39.566,-0.192
ndt_semis,ndt,semis,Emory GS,Michigan SS (Shah/Shih),Aff,43.313,43.402,0.089,39.173,39.089,-0.084
ndt_finals,ndt,finals,CSU Long Beach OM,Emory GS,Neg,37.984,37.925,-0.059,43.402,43.471,0.069
