Round,Tournament,Round_Label,Aff,Neg,Win,Aff_Mu_Before,Aff_Mu_After,Aff_Mu_Delta,Neg_Mu_Before,Neg_Mu_After,Neg_Mu_Delta
nu_1,nu,1,Cal State Fullerton WM,Texas AF,Neg,25.0,20.795,-4.205,25.0,29.205,4.205
nu_1,nu,1,Houston AK,Missouri State CN,Neg,25.0,20.795,-4.205,25.0,29.205,4.205
nu_1,nu,1,Iowa BW,Michigan State MM,Neg,25.0,20.795,-4.205,25.0,29.205,4.205
nu_1,nu,1,Wichita State MW,Baylor LC,Neg,25.0,20.795,-4.205,25.0,29.205,4.205
nu_1,nu,1,Emory SW,Northwestern PS,Neg,25.0,20.795,-4.205,25.0,29.205,4.205
nu_1,nu,1,Binghamton CT,Northwestern AL (Arney/Lundberg),Aff,25.0,29.205,4.205,25.0,20.795,-4.205
nu_1,nu,1,Emory FW,Michigan GS,Neg,25.0,20.795,-4.205,25.0,29.205,4.205
nu_1,nu,1,West Georgia DK,Oklahoma DT,Aff,25.0,29.205,4.205,25.0,20.795,-4.205
nu_1,nu,1,Missouri State BG,George Mason DF,Neg,25.0,20.795,-4.205,25.0,29.205,4.205
nu_1,nu,1,Kentucky AM,Kansas FS,Aff,25.0,29.205,4.205,25.0,20.795,-4.205
nu_1,nu,1,Indiana FM,Southern California BrRe,Neg,25.0,20.795,-4.205,25.0,29.205,4.205
nu_1,nu,1,NYU MS,Michigan BH,Aff,25.0,29.205,4.205,25.0,20.795,-4.205
nu_1,nu,1,CSU Long Beach OM,Oklahoma AW,Aff,25.0,29.205,4.205,25.0,20.795,-4.205
nu_1,nu,1,UC Berkeley BT,Dartmouth BJ,Aff,25.0,29.205,4.205,25.0,20.795,-4.205
nu_1,nu,1,Emory BS (Bennett/Sanneh),Dartmouth BC,Neg,25.0,20.795,-4.205,25.0,29.205,4.205
nu_1,nu,1,Michigan State AZ,George Mason RW,Neg,25.0,20.795,-4.205,25.0,29.205,4.205
nu_1,nu,1,Emory MR,UTD HR,Aff,25.0,29.205,4.205,25.0,20.795,-4.205
nu_1,nu,1,Kansas HP,Southern Nazarene HY,Aff,25.0,29.205,4.205,25.0,20.795,-4.205
nu_1,nu,1,Baylor LP,UTD KP,Neg,25.0,20.795,-4.205,25.0,29.205,4.205
nu_1,nu,1,Western Kentucky CF,Southern California BR,Aff,25.0,29.205,4.205,25.0,20.795,-4.205
nu_1,nu,1,Kansas LS,Macalester DD,Aff,25.0,29.205,4.205,25.0,20.795,-4.205
nu_1,nu,1,Southern California MZ,Wake Forest LS,Neg,25.0,20.795,-4.205,25.0,29.205,4.205
nu_1,nu,1,Emory OP,Houston KS,Aff,25.0,29.205,4.205,25.0,20.795,-4.205
nu_1,nu,1,Michigan State BS,North Texas JW (Jones/Wofford),Aff,25.0,29.205,4.205,25.0,20.795,-4.205
nu_1,nu,1,Iowa AP,Michigan DS,Aff,25.0,29.205,4.205,25.0,20.795,-4.205
nu_1,nu,1,Dartmouth MM,Wake Forest CS,Neg,25.0,20.795,-4.205,25.0,29.205,4.205
nu_1,nu,1,Missouri State BK (Bodenhorn/Kimmerle),Kentucky GS,Neg,25.0,20.795,-4.205,25.0,29.205,4.205
nu_1,nu,1,Emory ST,Kansas HW,Neg,25.0,20.795,-4.205,25.0,29.205,4.205
nu_1,nu,1,Western Kentucky SS,UTD KS,Neg,25.0,20.795,-4.205,25.0,29.205,4.205
nu_1,nu,1,Georgetown RS,Western Kentucky CS,Aff,25.0,29.205,4.205,25.0,20.795,-4.205
nu_1,nu,1,Trinity KM,Kansas MR,Neg,25.0,20.795,-4.205,25.0,29.205,4.205
nu_1,nu,1,Northwestern DR,Emory RT,Aff,25.0,29.205,4.205,25.0,20.795,-4.205
nu_1,nu,1,Emory LY,Gonzaga DW,Aff,25.0,29.205,4.205,25.0,20.795,-4.205
nu_1,nu,1,Michigan AO,Georgetown CW,Neg,25.0,20.795,-4.205,25.0,29.205,4.205
nu_1,nu,1,Macalester HK,Harvard AB,Aff,25.0,29.205,4.205,25.0,20.795,-4.205
nu_1,nu,1,Michigan BP,Gonzaga RW,Aff,25.0,29.205,4.205,25.0,20.795,-4.205
nu_1,nu,1,Dartmouth CG,Michigan State GL,Neg,25.0,20.795,-4.205,25.0,29.205,4.205
nu_1,nu,1,Michigan State JS,Wake Forest BM,Neg,25.0,20.795,-4.205,25.0,29.205,4.205
nu_1,nu,1,UC Berkeley MR,Kansas BW,Neg,25.0,20.795,-4.205,25.0,29.205,4.205
nu_1,nu,1,Michigan ShSi,Emory KP,Neg,25.0,20.795,-4.205,25.0,29.205,4.205
nu_1,nu,1,Southern California LK,Harvard GY,Neg,25.0,20.795,-4.205,25.0,29.205,4.205
nu_1,nu,1,Baylor KB,Emory GY,Neg,25.0,20.795,-4.205,25.0,29.205,4.205
nu_1,nu,1,Kansas WW,Dartmouth KR,Aff,25.0,29.205,4.205,25.0,20.795,-4.205
nu_1,nu,1,Houston TY,Missouri State CT,Aff,25.0,29.205,4.205,25.0,20.795,-4.205
nu_1,nu,1,Southern California CS,Trinity PW,Neg,25.0,20.795,-4.205,25.0,29.205,4.205
nu_1,nu,1,Emory CP,Wichita State GM,Aff,25.0,29.205,4.205,25.0,20.795,-4.205
nu_1,nu,1,Georgetown/American University (Policy Debate) VY,Wake Forest EP,Neg,25.0,20.795,-4.205,25.0,29.205,4.205
nu_1,nu,1,Michigan ES (Esmailzadeh/Sharma),Houston DF,Aff,25.0,29.205,4.205,25.0,20.795,-4.205
nu_1,nu,1,Wake Forest BH,Dartmouth CW,Neg,25.0,20.795,-4.205,25.0,29.205,4.205
nu_1,nu,1,Cal State Fullerton AM,Michigan SS,Neg,25.0,20.795,-4.205,25.0,29.205,4.205
nu_1,nu,1,Emory GH,Wake Forest DS,Aff,25.0,29.205,4.205,25.0,20.795,-4.205
nu_1,nu,1,Georgia IP,Southern California/UC Berkeley OM,Aff,25.0,29.205,4.205,25.0,20.795,-4.205
nu_2,nu,2,UTD KP,Emory CP,Aff,29.205,32.718,3.513,29.205,25.692,-3.513
nu_2,nu,2,Western Kentucky CS,Iowa BW,Neg,20.795,17.282,-3.513,20.795,24.308,3.513
nu_2,nu,2,Wake Forest CS,Emory MR,Neg,29.205,25.692,-3.513,29.205,32.718,3.513
nu_2,nu,2,Northwestern PS,Michigan ES (Esmailzadeh/Sharma),Aff,29.205,32.718,3.513,29.205,25.692,-3.513
nu_2,nu,2,Michigan GS,Binghamton CT,Neg,29.205,25.692,-3.513,29.205,32.718,3.513
nu_2,nu,2,George Mason DF,UC Berkeley BT,Neg,29.205,25.692,-3.513,29.205,32.718,3.513
nu_2,nu,2,Macalester DD,Wake Forest BH,Neg,20.795,17.282,-3.513,20.795,24.308,3.513
nu_2,nu,2,Dartmouth CW,Kansas LS,Neg,29.205,25.692,-3.513,29.205,32.718,3.513
nu_2,nu,2,Wichita State GM,Baylor LP,Aff,20.795,24.308,3.513,20.795,17.282,-3.513
nu_2,nu,2,Southern California BrRe,Macalester HK,Neg,29.205,25.692,-3.513,29.205,32.718,3.513
nu_2,nu,2,Missouri State CT,Southern California MZ,Neg,20.795,17.282,-3.513,20.795,24.308,3.513
nu_2,nu,2,Harvard AB,Indiana FM,Aff,20.795,24.308,3.513,20.795,17.282,-3.513
nu_2,nu,2,Houston DF,Emory SW,Neg,20.795,17.282,-3.513,20.795,24.308,3.513
nu_2,nu,2,Northwestern AL (Arney/Lundberg),Emory FW,Aff,20.795,24.308,3.513,20.795,17.282,-3.513
nu_2,nu,2,Michigan State MM,Georgetown RS,Neg,29.205,25.692,-3.513,29.205,32.718,3.513
nu_2,nu,2,UTD HR,Dartmouth MM,Aff,20.795,24.308,3.513,20.795,17.282,-3.513
nu_2,nu,2,Wake Forest LS,Houston TY,Neg,29.205,25.692,-3.513,29.205,32.718,3.513
nu_2,nu,2,Dartmouth BJ,Missouri State BG,Aff,20.795,24.308,3.513,20.795,17.282,-3.513
nu_2,nu,2,Southern California/UC Berkeley OM,Michigan AO,Aff,20.795,24.308,3.513,20.795,17.282,-3.513
nu_2,nu,2,Georgetown CW,Georgia IP,Aff,29.205,32.718,3.513,29.205,25.692,-3.513
nu_2,nu,2,Emory GY,Kentucky AM,Neg,29.205,25.692,-3.513,29.205,32.718,3.513
nu_2,nu,2,Kansas FS,Baylor KB,Aff,20.795,24.308,3.513,20.795,17.282,-3.513
nu_2,nu,2,Michigan BH,Trinity KM,Neg,20.795,17.282,-3.513,20.795,24.308,3.513
nu_2,nu,2,Kansas MR,NYU MS,Aff,29.205,32.718,3.513,29.205,25.692,-3.513
nu_2,nu,2,Michigan DS,Emory ST,Neg,20.795,17.282,-3.513,20.795,24.308,3.513
nu_2,nu,2,Kansas HW,Iowa AP,Neg,29.205,25.692,-3.513,29.205,32.718,3.513
nu_2,nu,2,George Mason RW,Emory LY,Neg,29.205,25.692,-3.513,29.205,32.718,3.513
nu_2,nu,2,Gonzaga DW,Michigan State AZ,Aff,20.795,24.308,3.513,20.795,17.282,-3.513
nu_2,nu,2,Baylor LC,Northwestern DR,Neg,29.205,25.692,-3.513,29.205,32.718,3.513
nu_2,nu,2,Emory RT,Wichita State MW,Neg,20.795,17.282,-3.513,20.795,24.308,3.513
nu_2,nu,2,Missouri State CN,Dartmouth CG,Neg,29.205,23.472,-5.733,20.795,26.528,5.733
nu_2,nu,2,Michigan State GL,Houston AK,Neg,29.205,23.472,-5.733,20.795,26.528,5.733
nu_2,nu,2,Kentucky GS,UC Berkeley MR,Neg,29.205,23.472,-5.733,20.795,26.528,5.733
nu_2,nu,2,Kansas BW,Missouri State BK (Bodenhorn/Kimmerle),Aff,29.205,30.988,1.783,20.795,19.012,-1.783
nu_2,nu,2,Trinity PW,Michigan ShSi,Neg,29.205,23.472,-5.733,20.795,26.528,5.733
nu_2,nu,2,Emory KP,Southern California CS,Aff,29.205,30.988,1.783,20.795,19.012,-1.783
nu_2,nu,2,Wake Forest EP,Kansas HP,Neg,29.205,25.692,-3.513,29.205,32.718,3.513
nu_2,nu,2,Southern Nazarene HY,Georgetown/American University (Policy Debate) VY,Aff,20.795,24.308,3.513,20.795,17.282,-3.513
nu_2,nu,2,North Texas JW (Jones/Wofford),Emory BS (Bennett/Sanneh),Aff,20.795,24.308,3.513,20.795,17.282,-3.513
nu_2,nu,2,Dartmouth BC,Michigan State BS,Aff,29.205,32.718,3.513,29.205,25.692,-3.513
nu_2,nu,2,Southern California BR,Michigan BP,Neg,20.795,19.012,-1.783,29.205,30.988,1.783
nu_2,nu,2,Gonzaga RW,Western Kentucky CF,Aff,20.795,26.528,5.733,29.205,23.472,-5.733
nu_2,nu,2,Dartmouth KR,Southern California LK,Aff,20.795,24.308,3.513,20.795,17.282,-3.513
nu_2,nu,2,Harvard GY,Kansas WW,Aff,29.205,32.718,3.513,29.205,25.692,-3.513
nu_2,nu,2,UTD KS,Emory GH,Neg,29.205,25.692,-3.513,29.205,32.718,3.513
nu_2,nu,2,Wake Forest DS,Western Kentucky SS,Neg,20.795,17.282,-3.513,20.795,24.308,3.513
nu_2,nu,2,Houston KS,Michigan State JS,Neg,20.795,17.282,-3.513,20.795,24.308,3.513
nu_2,nu,2,Wake Forest BM,Emory OP,Aff,29.205,32.718,3.513,29.205,25.692,-3.513
nu_2,nu,2,Texas AF,CSU Long Beach OM,Neg,29.205,25.692,-3.513,29.205,32.718,3.513
nu_2,nu,2,Kansas BS,Cal State Fullerton AM,Neg,25.0,19.305,-5.695,20.795,25.039,4.245
nu_2,nu,2,Michigan SS,West Georgia DK,Aff,29.205,32.718,3.513,29.205,25.692,-3.513
nu_2,nu,2,Oklahoma AW,Cal State Fullerton WM,Neg,20.795,17.282,-3.513,20.795,24.308,3.513
nu_3,nu,3,Dartmouth BC,UTD KP,Aff,32.718,35.671,2.952,32.718,29.766,-2.952
nu_3,nu,3,Iowa BW,Georgia IP,Neg,24.308,21.654,-2.653,25.692,28.346,2.653
nu_3,nu,3,Wake Forest CS,Kansas FS,Aff,25.692,28.346,2.653,24.308,21.654,-2.653
nu_3,nu,3,Macalester HK,Northwestern PS,Neg,32.718,29.766,-2.952,32.718,35.671,2.952
nu_3,nu,3,Binghamton CT,Kansas BW,Aff,32.718,35.265,2.547,30.988,28.212,-2.776
nu_3,nu,3,George Mason RW,Wichita State GM,Aff,25.692,28.346,2.653,24.308,21.654,-2.653
nu_3,nu,3,Georgetown RS,Kansas LS,Aff,32.718,35.671,2.952,32.718,29.766,-2.952
nu_3,nu,3,Wake Forest BH,Michigan State JS,Neg,24.308,21.355,-2.952,24.308,27.26,2.952
nu_3,nu,3,Kentucky AM,CSU Long Beach OM,Aff,32.718,35.671,2.952,32.718,29.766,-2.952
nu_3,nu,3,Wake Forest BM,Houston TY,Aff,32.718,35.671,2.952,32.718,29.766,-2.952
nu_3,nu,3,Iowa AP,Kansas MR,Neg,32.718,29.766,-2.952,32.718,35.671,2.952
nu_3,nu,3,Emory KP,Michigan SS,Neg,30.988,28.212,-2.776,32.718,35.265,2.547
nu_3,nu,3,Emory LY,Kansas HP,Aff,32.718,35.671,2.952,32.718,29.766,-2.952
nu_3,nu,3,Southern California MZ,Emory MR,Neg,24.308,22.93,-1.377,32.718,34.096,1.377
nu_3,nu,3,UC Berkeley BT,Emory GH,Neg,32.718,29.766,-2.952,32.718,35.671,2.952
nu_3,nu,3,Northwestern DR,Harvard GY,Neg,32.718,29.766,-2.952,32.718,35.671,2.952
nu_3,nu,3,Michigan BP,Georgetown CW,Neg,30.988,28.212,-2.776,32.718,35.265,2.547
nu_3,nu,3,Dartmouth CW,Georgetown/American University (Policy Debate) VY,Aff,25.692,27.07,1.377,17.282,15.904,-1.377
nu_3,nu,3,Wichita State MW,Kansas WW,Neg,24.308,21.654,-2.653,25.692,28.346,2.653
nu_3,nu,3,Michigan State BS,Kansas BS,Aff,25.692,27.37,1.678,19.305,17.276,-2.029
nu_3,nu,3,Southern Nazarene HY,Emory CP,Neg,24.308,21.654,-2.653,25.692,28.346,2.653
nu_3,nu,3,UTD KS,George Mason DF,Aff,25.692,28.645,2.952,25.692,22.74,-2.952
nu_3,nu,3,Western Kentucky SS,West Georgia DK,Neg,24.308,21.654,-2.653,25.692,28.346,2.653
nu_3,nu,3,Michigan State MM,Oklahoma DT,Aff,25.692,27.598,1.906,20.795,18.292,-2.502
nu_3,nu,3,Michigan State GL,Western Kentucky CF,Aff,23.472,26.302,2.829,23.472,20.643,-2.829
nu_3,nu,3,Emory ST,NYU MS,Aff,24.308,27.573,3.265,25.692,22.427,-3.265
nu_3,nu,3,Texas AF,Trinity PW,Aff,25.692,28.195,2.502,23.472,21.127,-2.345
nu_3,nu,3,Kentucky GS,Emory GY,Neg,23.472,21.127,-2.345,25.692,28.195,2.502
nu_3,nu,3,Baylor LC,Harvard AB,Neg,25.692,22.427,-3.265,24.308,27.573,3.265
nu_3,nu,3,Dartmouth KR,UTD HR,Neg,24.308,21.355,-2.952,24.308,27.26,2.952
nu_3,nu,3,Cal State Fullerton WM,Emory OP,Neg,24.308,21.654,-2.653,25.692,28.346,2.653
nu_3,nu,3,Wake Forest LS,Houston AK,Neg,25.692,22.894,-2.799,26.528,29.151,2.623
nu_3,nu,3,Northwestern AL (Arney/Lundberg),North Texas JW (Jones/Wofford),Aff,24.308,27.26,2.952,24.308,21.355,-2.952
nu_3,nu,3,Trinity KM,Gonzaga RW,Neg,24.308,21.805,-2.502,26.528,28.873,2.345
nu_3,nu,3,Dartmouth CG,Emory SW,Aff,26.528,28.873,2.345,24.308,21.805,-2.502
nu_3,nu,3,Kansas HW,Wake Forest EP,Aff,25.692,28.645,2.952,25.692,22.74,-2.952
nu_3,nu,3,Southern California/UC Berkeley OM,Michigan ES (Esmailzadeh/Sharma),Neg,24.308,21.654,-2.653,25.692,28.346,2.653
nu_3,nu,3,Dartmouth BJ,Missouri State CN,Neg,24.308,21.131,-3.176,23.472,26.449,2.977
nu_3,nu,3,Michigan ShSi,UC Berkeley MR,Neg,26.528,23.698,-2.829,26.528,29.357,2.829
nu_3,nu,3,Southern California BrRe,Michigan GS,Neg,25.692,22.74,-2.952,25.692,28.645,2.952
nu_3,nu,3,Michigan AO,Indiana FM,Aff,17.282,20.234,2.952,17.282,14.329,-2.952
nu_3,nu,3,Missouri State BG,Southern California CS,Neg,17.282,14.735,-2.547,19.012,21.788,2.776
nu_3,nu,3,Southern California BR,Missouri State CT,Aff,19.012,21.788,2.776,17.282,14.735,-2.547
nu_3,nu,3,Western Kentucky CS,Emory BS (Bennett/Sanneh),Aff,17.282,20.234,2.952,17.282,14.329,-2.952
nu_3,nu,3,Macalester DD,Houston DF,Neg,17.282,14.329,-2.952,17.282,20.234,2.952
nu_3,nu,3,Michigan DS,Emory FW,Aff,17.282,20.234,2.952,17.282,14.329,-2.952
nu_3,nu,3,Michigan BH,Baylor LP,Aff,17.282,20.234,2.952,17.282,14.329,-2.952
nu_3,nu,3,Oklahoma AW,Baylor KB,Neg,17.282,14.329,-2.952,17.282,20.234,2.952
nu_3,nu,3,Michigan State AZ,Missouri State BK (Bodenhorn/Kimmerle),Aff,17.282,20.569,3.288,19.012,15.428,-3.584
nu_3,nu,3,Wake Forest DS,Southern California LK,Aff,17.282,20.234,2.952,17.282,14.329,-2.952
nu_3,nu,3,Dartmouth MM,Houston KS,Neg,17.282,14.329,-2.952,17.282,20.234,2.952
nu_3,nu,3,Cal State Fullerton AM,Gonzaga DW,Neg,25.039,21.907,-3.132,24.308,27.42,3.112
nu_4,nu,4,UTD KP,Southern California BrRe,Aff,29.766,31.033,1.267,22.74,21.473,-1.267
nu_4,nu,4,Kansas BS,Iowa BW,Aff,17.276,21.383,4.106,21.654,18.335,-3.319
nu_4,nu,4,Georgetown CW,Wake Forest CS,Aff,35.265,36.578,1.312,28.346,27.048,-1.298
nu_4,nu,4,Northwestern PS,Wake Forest BM,Aff,35.671,38.171,2.5,35.671,33.171,-2.5
nu_4,nu,4,Emory MR,Binghamton CT,Neg,34.096,31.662,-2.433,35.265,37.55,2.285
nu_4,nu,4,Oklahoma DT,Kentucky GS,Neg,18.292,15.801,-2.491,21.127,22.957,1.83
nu_4,nu,4,Kansas LS,Michigan BH,Aff,29.766,30.7,0.934,20.234,19.3,-0.934
nu_4,nu,4,CSU Long Beach OM,Michigan State AZ,Aff,29.766,30.741,0.975,20.569,19.6,-0.969
nu_4,nu,4,Emory GH,Kentucky AM,Aff,35.671,38.171,2.5,35.671,33.171,-2.5
nu_4,nu,4,Harvard GY,Emory LY,Aff,35.671,38.171,2.5,35.671,33.171,-2.5
nu_4,nu,4,Michigan SS,Dartmouth BC,Neg,35.265,32.798,-2.468,35.671,38.08,2.409
nu_4,nu,4,Kansas MR,Georgetown RS,Aff,35.671,38.171,2.5,35.671,33.171,-2.5
nu_4,nu,4,Southern California LK,Macalester DD,Aff,14.329,16.829,2.5,14.329,11.829,-2.5
nu_4,nu,4,Emory OP,Wake Forest DS,Aff,28.346,29.476,1.13,20.234,19.118,-1.115
nu_4,nu,4,Emory GY,Southern California BR,Aff,28.195,29.568,1.373,21.788,20.313,-1.475
nu_4,nu,4,Houston AK,Dartmouth CG,Aff,29.151,31.515,2.363,28.873,26.479,-2.394
nu_4,nu,4,Kansas WW,Northwestern AL (Arney/Lundberg),Aff,28.346,30.655,2.309,27.26,24.981,-2.279
nu_4,nu,4,Georgia IP,George Mason RW,Aff,28.346,30.868,2.522,28.346,25.824,-2.522
nu_4,nu,4,Emory CP,Macalester HK,Neg,28.346,26.102,-2.243,29.766,31.981,2.214
nu_4,nu,4,Gonzaga RW,Emory KP,Aff,28.873,31.144,2.271,28.212,25.652,-2.56
nu_4,nu,4,Michigan State JS,Emory ST,Neg,27.26,24.819,-2.441,27.573,29.984,2.412
nu_4,nu,4,UTD HR,Iowa AP,Aff,27.26,30.291,3.031,29.766,26.735,-3.031
nu_4,nu,4,Michigan ES (Esmailzadeh/Sharma),UC Berkeley BT,Neg,28.346,26.102,-2.243,29.766,31.981,2.214
nu_4,nu,4,West Georgia DK,UTD KS,Neg,28.346,25.879,-2.466,28.645,31.079,2.435
nu_4,nu,4,Missouri State CN,Michigan State MM,Neg,26.449,24.314,-2.135,27.598,30.025,2.427
nu_4,nu,4,Michigan GS,Texas AF,Neg,28.645,26.059,-2.586,28.195,30.821,2.626
nu_4,nu,4,Kansas BW,Dartmouth CW,Neg,28.212,25.317,-2.896,27.07,29.966,2.896
nu_4,nu,4,Kansas HP,Michigan State GL,Neg,29.766,26.484,-3.282,26.302,29.395,3.094
nu_4,nu,4,UC Berkeley MR,Kansas HW,Neg,29.357,26.838,-2.519,28.645,31.318,2.673
nu_4,nu,4,Houston TY,Michigan State BS,Aff,29.766,31.78,2.014,27.37,25.197,-2.174
nu_4,nu,4,Gonzaga DW,Northwestern DR,Neg,27.42,25.387,-2.033,29.766,31.811,2.045
nu_4,nu,4,Harvard AB,Michigan BP,Neg,27.573,25.258,-2.315,28.212,30.769,2.557
nu_4,nu,4,NYU MS,Western Kentucky CS,Aff,22.427,24.477,2.05,20.234,18.159,-2.075
nu_4,nu,4,Western Kentucky CF,Southern California MZ,Aff,20.643,23.437,2.794,22.93,19.696,-3.234
nu_4,nu,4,Wake Forest EP,Southern Nazarene HY,Aff,22.74,25.019,2.279,21.654,19.345,-2.309
nu_4,nu,4,Wichita State GM,Michigan DS,Neg,21.654,18.828,-2.826,20.234,23.023,2.789
nu_4,nu,4,North Texas JW (Jones/Wofford),Western Kentucky SS,Neg,21.355,18.921,-2.435,21.654,24.121,2.466
nu_4,nu,4,Trinity PW,Wichita State MW,Aff,21.127,23.659,2.532,21.654,19.004,-2.651
nu_4,nu,4,Emory SW,Michigan ShSi,Neg,21.805,19.632,-2.174,23.698,25.716,2.017
nu_4,nu,4,Houston KS,Michigan AO,Neg,20.234,17.734,-2.5,20.234,22.734,2.5
nu_4,nu,4,Southern California CS,Wake Forest LS,Neg,21.788,19.333,-2.454,22.894,25.147,2.253
nu_4,nu,4,Kansas FS,Dartmouth KR,Neg,21.654,19.065,-2.589,21.355,23.911,2.556
nu_4,nu,4,Emory RT,Dartmouth BJ,Neg,17.282,15.064,-2.217,21.131,22.834,1.703
nu_4,nu,4,George Mason DF,Wake Forest BH,Aff,22.74,24.965,2.225,21.355,19.13,-2.225
nu_4,nu,4,Baylor KB,Cal State Fullerton AM,Aff,20.234,23.085,2.851,21.907,19.061,-2.847
nu_4,nu,4,Baylor LP,Oklahoma AW,Neg,14.329,11.829,-2.5,14.329,16.829,2.5
nu_4,nu,4,Houston DF,Southern California/UC Berkeley OM,Aff,20.234,23.023,2.789,21.654,18.828,-2.826
nu_4,nu,4,Missouri State CT,Trinity KM,Neg,14.735,13.445,-1.29,21.805,23.084,1.279
nu_4,nu,4,Indiana FM,Baylor LC,Neg,14.329,13.212,-1.117,22.427,23.531,1.104
nu_4,nu,4,Missouri State BK (Bodenhorn/Kimmerle),Cal State Fullerton WM,Aff,15.428,19.471,4.043,21.654,17.773,-3.881
nu_4,nu,4,Emory FW,Missouri State BG,Aff,14.329,16.902,2.573,14.735,12.099,-2.635
nu_4,nu,4,Emory BS (Bennett/Sanneh),Dartmouth MM,Aff,14.329,16.829,2.5,14.329,11.829,-2.5
nu_5,nu,5,Kansas HW,UTD KP,Aff,31.318,33.359,2.042,31.033,28.817,-2.216
nu_5,nu,5,Iowa BW,Emory RT,Neg,18.335,15.69,-2.645,15.064,18.451,3.386
nu_5,nu,5,Michigan State JS,Wake Forest CS,Neg,24.819,23.094,-1.724,27.048,28.916,1.868
nu_5,nu,5,Emory GH,Northwestern PS,Neg,38.171,36.035,-2.136,38.171,40.306,2.136
nu_5,nu,5,Kansas MR,Binghamton CT,Aff,38.171,40.182,2.011,37.55,35.463,-2.087
nu_5,nu,5,Wichita State MW,Wake Forest DS,Neg,19.004,16.91,-2.094,19.118,21.387,2.268
nu_5,nu,5,Emory BS (Bennett/Sanneh),Michigan State BS,Neg,16.829,15.971,-0.859,25.197,26.133,0.936
nu_5,nu,5,Kansas LS,Emory MR,Neg,30.7,28.591,-2.109,31.662,33.743,2.081
nu_5,nu,5,Georgetown RS,Texas AF,Aff,33.171,34.887,1.716,30.821,29.089,-1.732
nu_5,nu,5,Dartmouth BC,Georgetown CW,Aff,38.08,39.931,1.851,36.578,34.561,-2.016
nu_5,nu,5,Houston DF,Wake Forest BM,Neg,23.023,22.365,-0.658,33.171,33.837,0.666
nu_5,nu,5,Emory LY,UTD HR,Aff,33.171,34.804,1.633,30.291,28.692,-1.599
nu_5,nu,5,Emory OP,Michigan BP,Neg,29.476,27.434,-2.042,30.769,32.776,2.007
nu_5,nu,5,Kentucky AM,Houston TY,Aff,33.171,35.048,1.877,31.78,29.851,-1.93
nu_5,nu,5,Michigan State MM,Harvard GY,Neg,30.025,29.084,-0.941,38.171,39.055,0.884
nu_5,nu,5,Dartmouth CW,UTD KS,Aff,29.966,32.451,2.485,31.079,28.751,-2.328
nu_5,nu,5,Northwestern DR,Georgia IP,Neg,31.811,29.459,-2.352,30.868,33.197,2.329
nu_5,nu,5,Macalester HK,Michigan State GL,Aff,31.981,33.694,1.713,29.395,27.83,-1.565
nu_5,nu,5,Emory GY,Houston AK,Neg,29.568,27.64,-1.928,31.515,33.225,1.711
nu_5,nu,5,Gonzaga RW,Michigan SS,Neg,31.144,29.335,-1.809,32.798,34.677,1.879
nu_5,nu,5,Emory ST,CSU Long Beach OM,Neg,29.984,28.027,-1.958,30.741,32.909,2.168
nu_5,nu,5,UC Berkeley BT,Kansas WW,Aff,31.981,33.894,1.913,30.655,28.729,-1.926
nu_5,nu,5,West Georgia DK,Kansas BS,Aff,25.879,27.255,1.376,21.383,19.814,-1.569
nu_5,nu,5,Michigan ShSi,Northwestern AL (Arney/Lundberg),Aff,25.716,27.66,1.945,24.981,22.953,-2.028
nu_5,nu,5,Kansas HP,Trinity PW,Aff,26.484,28.078,1.594,23.659,22.059,-1.6
nu_5,nu,5,Baylor KB,Michigan ES (Esmailzadeh/Sharma),Neg,23.085,21.502,-1.582,26.102,27.747,1.644
nu_5,nu,5,Iowa AP,Western Kentucky SS,Aff,26.735,28.375,1.64,24.121,22.423,-1.698
nu_5,nu,5,Michigan DS,George Mason RW,Neg,23.023,21.399,-1.624,25.824,27.486,1.662
nu_5,nu,5,Michigan GS,Dartmouth KR,Aff,26.059,27.808,1.748,23.911,22.161,-1.75
nu_5,nu,5,Dartmouth BJ,Trinity KM,Aff,22.834,25.064,2.23,23.084,20.751,-2.333
nu_5,nu,5,UC Berkeley MR,George Mason DF,Aff,26.838,28.55,1.712,24.965,23.134,-1.831
nu_5,nu,5,Baylor LC,Emory CP,Neg,23.531,21.744,-1.787,26.102,27.806,1.703
nu_5,nu,5,Wake Forest LS,NYU MS,Aff,25.147,27.188,2.041,24.477,22.452,-2.025
nu_5,nu,5,Dartmouth CG,Michigan AO,Aff,26.479,27.932,1.452,22.734,21.24,-1.494
nu_5,nu,5,Kentucky GS,Harvard AB,Aff,22.957,25.576,2.619,25.258,22.679,-2.579
nu_5,nu,5,Kansas BW,Western Kentucky CF,Aff,25.317,27.24,1.924,23.437,21.746,-1.691
nu_5,nu,5,Emory KP,Gonzaga DW,Aff,25.652,27.872,2.219,25.387,23.294,-2.094
nu_5,nu,5,Missouri State CN,Wake Forest EP,Neg,24.314,22.371,-1.944,25.019,27.054,2.034
nu_5,nu,5,Missouri State BG,Southern California BR,Neg,12.099,11.208,-0.891,20.313,21.322,1.009
nu_5,nu,5,Southern California/UC Berkeley OM,Missouri State BK (Bodenhorn/Kimmerle),Aff,18.828,21.083,2.255,19.471,17.221,-2.25
nu_5,nu,5,Western Kentucky CS,Southern California BrRe,Aff,18.159,20.956,2.797,21.473,18.529,-2.944
nu_5,nu,5,Cal State Fullerton AM,Southern California LK,Aff,19.061,20.775,1.714,16.829,15.088,-1.741
nu_5,nu,5,Georgetown/American University (Policy Debate) VY,Wake Forest BH,Neg,15.904,13.826,-2.078,19.13,20.667,1.537
nu_5,nu,5,Cal State Fullerton WM,Southern Nazarene HY,Aff,17.773,20.138,2.365,19.345,16.854,-2.492
nu_5,nu,5,Macalester DD,Indiana FM,Aff,11.829,14.196,2.367,13.212,10.642,-2.57
nu_5,nu,5,Michigan State AZ,Oklahoma AW,Aff,19.6,21.385,1.784,16.829,15.198,-1.632
nu_5,nu,5,Southern California MZ,Houston KS,Neg,19.696,17.086,-2.61,17.734,20.228,2.494
nu_5,nu,5,Michigan BH,Southern California CS,Neg,19.3,17.013,-2.287,19.333,21.584,2.251
nu_5,nu,5,Kansas FS,Emory SW,Neg,19.065,17.028,-2.038,19.632,21.707,2.076
nu_5,nu,5,Wichita State GM,Emory FW,Neg,18.828,16.324,-2.504,16.902,19.406,2.504
nu_5,nu,5,Missouri State CT,Baylor LP,Aff,13.445,15.444,2.0,11.829,10.007,-1.822
nu_6,nu,6,UTD KP,Dartmouth CG,Aff,28.817,30.601,1.784,27.932,26.235,-1.696
nu_6,nu,6,Missouri State BK (Bodenhorn/Kimmerle),Iowa BW,Neg,17.221,15.125,-2.096,15.69,17.791,2.101
nu_6,nu,6,Wake Forest CS,UC Berkeley MR,Aff,28.916,30.847,1.931,28.55,26.836,-1.714
nu_6,nu,6,Northwestern PS,Kansas MR,Neg,40.306,38.446,-1.861,40.182,42.057,1.875
nu_6,nu,6,Binghamton CT,Macalester HK,Aff,35.463,37.06,1.598,33.694,32.105,-1.589
nu_6,nu,6,Emory RT,Kansas LS,Neg,18.451,17.813,-0.638,28.591,29.183,0.592
nu_6,nu,6,Harvard GY,Dartmouth BC,Aff,39.055,41.185,2.131,39.931,37.922,-2.009
nu_6,nu,6,Georgetown CW,Dartmouth BJ,Aff,34.561,35.204,0.642,25.064,24.455,-0.609
nu_6,nu,6,Michigan BP,Dartmouth CW,Aff,32.776,34.682,1.906,32.451,30.608,-1.843
nu_6,nu,6,Emory MR,UC Berkeley BT,Aff,33.743,35.747,2.004,33.894,32.009,-1.885
nu_6,nu,6,Michigan SS,Kansas HW,Neg,34.677,32.544,-2.132,33.359,35.416,2.057
nu_6,nu,6,Wake Forest BM,Georgetown RS,Aff,33.837,36.036,2.199,34.887,32.857,-2.03
nu_6,nu,6,Houston AK,Emory LY,Neg,33.225,31.662,-1.563,34.804,36.423,1.619
nu_6,nu,6,CSU Long Beach OM,Emory GH,Neg,32.909,31.456,-1.453,36.035,37.37,1.334
nu_6,nu,6,Georgia IP,Kentucky AM,Neg,33.197,31.656,-1.541,35.048,36.605,1.557
nu_6,nu,6,UTD KS,Michigan ShSi,Neg,28.751,26.717,-2.035,27.66,29.659,1.998
nu_6,nu,6,Michigan State GL,Kentucky GS,Aff,27.83,29.253,1.423,25.576,24.099,-1.477
nu_6,nu,6,Texas AF,Emory KP,Aff,29.089,30.758,1.668,27.872,26.14,-1.732
nu_6,nu,6,Houston TY,Iowa AP,Neg,29.851,27.688,-2.162,28.375,30.475,2.1
nu_6,nu,6,Kansas WW,Gonzaga RW,Aff,28.729,30.724,1.996,29.335,27.391,-1.944
nu_6,nu,6,Michigan State BS,Kansas BW,Aff,26.133,28.437,2.304,27.24,25.131,-2.11
nu_6,nu,6,Michigan ES (Esmailzadeh/Sharma),Kansas HP,Neg,27.747,25.885,-1.862,28.078,29.845,1.766
nu_6,nu,6,UTD HR,Wake Forest LS,Neg,28.692,26.579,-2.112,27.188,29.33,2.141
nu_6,nu,6,Emory CP,Michigan GS,Aff,27.806,29.721,1.915,27.808,25.951,-1.857
nu_6,nu,6,George Mason RW,Emory OP,Aff,27.486,29.35,1.864,27.434,25.452,-1.981
nu_6,nu,6,Wake Forest EP,Emory ST,Aff,27.054,29.084,2.031,28.027,26.009,-2.017
nu_6,nu,6,Kansas BS,Michigan State MM,Neg,19.814,19.09,-0.725,29.084,29.787,0.702
nu_6,nu,6,Southern California CS,West Georgia DK,Neg,21.584,20.514,-1.07,27.255,28.309,1.054
nu_6,nu,6,Emory FW,Northwestern DR,Neg,19.406,18.883,-0.523,29.459,29.997,0.538
nu_6,nu,6,Houston KS,Emory GY,Neg,20.228,19.446,-0.782,27.64,28.502,0.862
nu_6,nu,6,NYU MS,Dartmouth MM,Aff,22.452,22.956,0.504,11.829,11.219,-0.61
nu_6,nu,6,Northwestern AL (Arney/Lundberg),Macalester DD,Aff,22.953,23.614,0.661,14.196,13.547,-0.649
nu_6,nu,6,Harvard AB,Wichita State MW,Aff,22.679,23.649,0.97,16.91,15.915,-0.994
nu_6,nu,6,Gonzaga DW,Missouri State CT,Aff,23.294,24.056,0.762,15.444,14.626,-0.818
nu_6,nu,6,Southern California BR,Western Kentucky CS,Aff,21.322,23.448,2.127,20.956,19.233,-1.723
nu_6,nu,6,George Mason DF,Houston DF,Aff,23.134,24.863,1.729,22.365,20.515,-1.85
nu_6,nu,6,Michigan AO,Michigan State AZ,Aff,21.24,23.134,1.894,21.385,19.357,-2.027
nu_6,nu,6,Western Kentucky CF,Cal State Fullerton AM,Neg,21.746,19.789,-1.957,20.775,22.805,2.03
nu_6,nu,6,Dartmouth KR,Michigan DS,Aff,22.161,23.898,1.737,21.399,19.664,-1.735
nu_6,nu,6,Wake Forest BH,Southern California/UC Berkeley OM,Aff,20.667,22.679,2.012,21.083,19.198,-1.886
nu_6,nu,6,Emory SW,Baylor LC,Aff,21.707,23.577,1.87,21.744,19.762,-1.982
nu_6,nu,6,Western Kentucky SS,Baylor KB,Aff,22.423,24.158,1.735,21.502,19.797,-1.705
nu_6,nu,6,North Texas JW (Jones/Wofford),Missouri State CN,Aff,18.921,21.857,2.937,22.371,20.042,-2.329
nu_6,nu,6,Wake Forest DS,Michigan State JS,Neg,21.387,19.729,-1.657,23.094,24.68,1.585
nu_6,nu,6,Southern California BrRe,Kansas FS,Aff,18.529,20.168,1.639,17.028,15.421,-1.607
nu_6,nu,6,Oklahoma AW,Southern California MZ,Neg,15.198,13.627,-1.571,17.086,18.643,1.557
nu_6,nu,6,Southern Nazarene HY,Emory BS (Bennett/Sanneh),Neg,16.854,14.881,-1.972,15.971,18.115,2.144
nu_6,nu,6,Southern California LK,Wichita State GM,Neg,15.088,13.42,-1.668,16.324,17.932,1.608
nu_6,nu,6,Indiana FM,Michigan BH,Neg,10.642,9.681,-0.961,17.013,18.005,0.992
nu_7,nu,7,Wake Forest LS,UTD KP,Aff,29.33,31.132,1.802,30.601,28.701,-1.9
nu_7,nu,7,Michigan DS,Iowa BW,Neg,19.664,17.718,-1.945,17.791,19.661,1.87
nu_7,nu,7,Georgia IP,Wake Forest CS,Neg,31.656,29.914,-1.742,30.847,32.694,1.846
nu_7,nu,7,Emory LY,Northwestern PS,Aff,36.423,38.411,1.988,38.446,36.526,-1.92
nu_7,nu,7,Binghamton CT,Kansas HW,Aff,37.06,38.479,1.418,35.416,34.078,-1.338
nu_7,nu,7,Houston KS,Southern California/UC Berkeley OM,Neg,19.446,17.714,-1.732,19.198,20.818,1.621
nu_7,nu,7,Michigan State AZ,Emory FW,Neg,19.357,17.567,-1.79,18.883,20.663,1.78
nu_7,nu,7,Kansas LS,Michigan State MM,Aff,29.183,31.124,1.941,29.787,27.793,-1.994
nu_7,nu,7,Dartmouth CG,Wake Forest BH,Neg,26.235,24.022,-2.214,22.679,24.951,2.271
nu_7,nu,7,Kansas BW,NYU MS,Neg,25.131,23.106,-2.025,22.956,25.1,2.144
nu_7,nu,7,Harvard GY,Kansas MR,Neg,41.185,39.631,-1.555,42.057,43.524,1.467
nu_7,nu,7,Dartmouth BC,Wake Forest EP,Aff,37.922,38.457,0.535,29.084,28.557,-0.528
nu_7,nu,7,Wake Forest BM,Emory GH,Neg,36.036,34.537,-1.499,37.37,38.799,1.429
nu_7,nu,7,Georgetown CW,Emory MR,Aff,35.204,37.148,1.944,35.747,33.99,-1.758
nu_7,nu,7,Michigan BP,Kentucky AM,Aff,34.682,36.714,2.032,36.605,34.666,-1.938
nu_7,nu,7,Georgetown RS,Cal State Fullerton WM,Aff,32.857,33.129,0.272,20.138,19.828,-0.31
nu_7,nu,7,Michigan ShSi,CSU Long Beach OM,Neg,29.659,28.367,-1.292,31.456,32.921,1.466
nu_7,nu,7,Dartmouth CW,George Mason RW,Neg,30.608,28.737,-1.871,29.35,31.198,1.848
nu_7,nu,7,Emory CP,Michigan SS,Aff,29.721,31.855,2.134,32.544,30.46,-2.085
nu_7,nu,7,Houston AK,Michigan State BS,Neg,31.662,29.56,-2.102,28.437,30.816,2.379
nu_7,nu,7,Iowa AP,Macalester HK,Aff,30.475,32.322,1.847,32.105,30.168,-1.937
nu_7,nu,7,Michigan State GL,West Georgia DK,Aff,29.253,30.673,1.421,28.309,26.7,-1.609
nu_7,nu,7,Kansas WW,Northwestern DR,Aff,30.724,32.225,1.501,29.997,28.362,-1.635
nu_7,nu,7,Kansas HP,Emory GY,Aff,29.845,31.224,1.379,28.502,26.908,-1.593
nu_7,nu,7,UC Berkeley BT,Texas AF,Aff,32.009,33.448,1.44,30.758,29.298,-1.459
nu_7,nu,7,Cal State Fullerton AM,UTD KS,Neg,22.805,21.759,-1.046,26.717,27.756,1.039
nu_7,nu,7,Houston TY,Dartmouth KR,Neg,27.688,25.426,-2.262,23.898,26.168,2.27
nu_7,nu,7,North Texas JW (Jones/Wofford),Emory ST,Neg,21.857,20.691,-1.166,26.009,27.017,1.008
nu_7,nu,7,UC Berkeley MR,Michigan AO,Aff,26.836,27.892,1.056,23.134,22.023,-1.111
nu_7,nu,7,Western Kentucky SS,Michigan GS,Neg,24.158,22.779,-1.379,25.951,27.302,1.351
nu_7,nu,7,George Mason DF,Emory OP,Aff,24.863,26.588,1.725,25.452,23.637,-1.816
nu_7,nu,7,UTD HR,Emory SW,Aff,26.579,27.741,1.162,23.577,22.379,-1.199
nu_7,nu,7,Gonzaga DW,Northwestern AL (Arney/Lundberg),Aff,24.056,25.707,1.651,23.614,21.963,-1.651
nu_7,nu,7,Michigan ES (Esmailzadeh/Sharma),Dartmouth BJ,Aff,25.885,27.307,1.422,24.455,22.907,-1.547
nu_7,nu,7,Southern California BR,Kentucky GS,Neg,23.448,21.695,-1.753,24.099,25.589,1.49
nu_7,nu,7,Gonzaga RW,Harvard AB,Neg,27.391,25.179,-2.212,23.649,25.951,2.302
nu_7,nu,7,Michigan State JS,Emory KP,Neg,24.68,23.255,-1.425,26.14,27.604,1.465
nu_7,nu,7,Southern California MZ,Kansas BS,Neg,18.643,17.107,-1.536,19.09,20.979,1.889
nu_7,nu,7,Missouri State CN,Georgetown/American University (Policy Debate) VY,Aff,20.042,20.788,0.746,13.826,12.581,-1.245
nu_7,nu,7,Western Kentucky CS,Baylor LC,Neg,19.233,17.709,-1.523,19.762,21.384,1.622
nu_7,nu,7,Southern California CS,Wake Forest DS,Aff,20.514,22.151,1.637,19.729,18.164,-1.565
nu_7,nu,7,Western Kentucky CF,Emory RT,Aff,19.789,21.026,1.237,17.813,16.162,-1.651
nu_7,nu,7,Emory BS (Bennett/Sanneh),Southern California BrRe,Neg,18.115,16.743,-1.371,20.168,21.509,1.34
nu_7,nu,7,Houston DF,Wichita State GM,Aff,20.515,21.84,1.325,17.932,16.721,-1.212
nu_7,nu,7,Michigan BH,Baylor KB,Aff,18.005,20.128,2.123,19.797,17.906,-1.891
nu_7,nu,7,Southern Nazarene HY,Dartmouth MM,Neg,14.881,12.78,-2.102,11.219,14.03,2.811
nu_7,nu,7,Southern California LK,Kansas FS,Neg,13.42,12.087,-1.334,15.421,16.754,1.334
nu_7,nu,7,Oklahoma AW,Missouri State BK (Bodenhorn/Kimmerle),Aff,13.627,15.544,1.918,15.125,13.324,-1.801
nu_7,nu,7,Missouri State BG,Wichita State MW,Neg,11.208,9.967,-1.241,15.915,16.906,0.991
nu_7,nu,7,Missouri State CT,Macalester DD,Neg,14.626,12.615,-2.011,13.547,15.405,1.858
nu_8,nu,8,UTD KP,Western Kentucky CF,Aff,28.701,29.253,0.551,21.026,20.499,-0.527
nu_8,nu,8,Iowa BW,Houston TY,Aff,19.661,21.928,2.267,25.426,23.116,-2.31
nu_8,nu,8,Wake Forest CS,Emory LY,Aff,32.694,35.118,2.425,38.411,36.096,-2.315
nu_8,nu,8,Northwestern PS,Emory CP,Aff,36.526,37.335,0.809,31.855,31.022,-0.833
nu_8,nu,8,CSU Long Beach OM,Binghamton CT,Neg,32.921,32.121,-0.8,38.479,39.242,0.764
nu_8,nu,8,Dartmouth MM,Michigan DS,Neg,14.03,12.893,-1.137,17.718,18.639,0.921
nu_8,nu,8,Michigan SS,Southern California BR,Aff,30.46,30.904,0.444,21.695,21.175,-0.521
nu_8,nu,8,NYU MS,Kansas LS,Neg,25.1,24.362,-0.738,31.124,31.923,0.799
nu_8,nu,8,Kansas MR,Michigan BP,Neg,43.524,41.017,-2.507,36.714,39.314,2.6
nu_8,nu,8,Emory GH,Georgetown CW,Neg,38.799,37.121,-1.678,37.148,39.015,1.867
nu_8,nu,8,Michigan State BS,Harvard GY,Neg,30.816,30.335,-0.481,39.631,40.1,0.469
nu_8,nu,8,George Mason RW,Dartmouth BC,Neg,31.198,30.619,-0.579,38.457,39.079,0.622
nu_8,nu,8,Emory MR,Wake Forest LS,Neg,33.99,32.042,-1.948,31.132,32.952,1.821
nu_8,nu,8,Kentucky AM,Iowa AP,Neg,34.666,32.884,-1.782,32.322,34.057,1.735
nu_8,nu,8,Kansas HW,Michigan State GL,Aff,34.078,35.048,0.97,30.673,29.712,-0.962
nu_8,nu,8,Wake Forest EP,Kansas WW,Neg,28.557,27.55,-1.007,32.225,33.178,0.953
nu_8,nu,8,Emory KP,Kansas HP,Neg,27.604,26.601,-1.004,31.224,32.174,0.95
nu_8,nu,8,Wake Forest BH,UC Berkeley BT,Neg,24.951,24.481,-0.469,33.448,33.926,0.478
nu_8,nu,8,Harvard AB,Wake Forest BM,Neg,25.951,25.491,-0.46,34.537,35.032,0.494
nu_8,nu,8,Dartmouth KR,Georgetown RS,Neg,26.168,25.581,-0.588,33.129,33.802,0.674
nu_8,nu,8,Macalester HK,Southern California CS,Aff,30.168,30.683,0.515,22.151,21.588,-0.563
nu_8,nu,8,Missouri State BK (Bodenhorn/Kimmerle),Southern Nazarene HY,Aff,13.324,14.628,1.304,12.78,11.453,-1.326
nu_8,nu,8,Michigan State MM,Gonzaga DW,Aff,27.793,29.119,1.327,25.707,24.504,-1.203
nu_8,nu,8,Texas AF,George Mason DF,Aff,29.298,30.388,1.09,26.588,25.517,-1.071
nu_8,nu,8,Northwestern DR,Michigan ShSi,Aff,28.362,29.9,1.538,28.367,26.977,-1.39
nu_8,nu,8,UTD KS,Michigan ES (Esmailzadeh/Sharma),Neg,27.756,26.261,-1.495,27.307,28.848,1.541
nu_8,nu,8,Emory GY,UTD HR,Aff,26.908,28.626,1.718,27.741,26.207,-1.534
nu_8,nu,8,West Georgia DK,UC Berkeley MR,Aff,26.7,28.423,1.723,27.892,26.306,-1.586
nu_8,nu,8,Emory ST,Houston AK,Neg,27.017,25.909,-1.108,29.56,30.616,1.056
nu_8,nu,8,Michigan GS,Dartmouth CW,Neg,27.302,26.06,-1.242,28.737,29.983,1.246
nu_8,nu,8,Kentucky GS,Georgia IP,Neg,25.589,24.711,-0.878,29.914,30.782,0.869
nu_8,nu,8,Northwestern AL (Arney/Lundberg),Oklahoma AW,Aff,21.963,22.664,0.701,15.544,14.888,-0.657
nu_8,nu,8,Emory OP,Houston DF,Neg,23.637,21.883,-1.754,21.84,23.642,1.803
nu_8,nu,8,Dartmouth BJ,Cal State Fullerton AM,Aff,22.907,24.299,1.392,21.759,20.491,-1.268
nu_8,nu,8,Baylor LC,Michigan BH,Aff,21.384,22.685,1.3,20.128,18.777,-1.35
nu_8,nu,8,Cal State Fullerton WM,Western Kentucky SS,Aff,19.828,22.112,2.284,22.779,20.921,-1.858
nu_8,nu,8,Kansas BS,North Texas JW (Jones/Wofford),Aff,20.979,22.6,1.621,20.691,19.149,-1.543
nu_8,nu,8,Michigan AO,Missouri State CN,Aff,22.023,23.325,1.302,20.788,19.512,-1.276
nu_8,nu,8,Emory SW,Kansas BW,Neg,22.379,21.018,-1.361,23.106,24.458,1.352
nu_8,nu,8,Southern California BrRe,Michigan State JS,Aff,21.509,23.246,1.738,23.255,21.528,-1.727
nu_8,nu,8,Southern California/UC Berkeley OM,Gonzaga RW,Neg,20.818,19.967,-0.851,25.179,26.014,0.835
nu_8,nu,8,Emory FW,Dartmouth CG,Neg,20.663,19.628,-1.035,24.022,24.981,0.96
nu_8,nu,8,Wichita State GM,Indiana FM,Aff,16.721,17.318,0.597,9.681,8.907,-0.774
nu_8,nu,8,Emory RT,Southern California LK,Aff,16.162,17.265,1.103,12.087,11.179,-0.907
nu_8,nu,8,Baylor KB,Missouri State BG,Aff,17.906,18.425,0.519,9.967,9.282,-0.686
nu_8,nu,8,Georgetown/American University (Policy Debate) VY,Houston KS,Neg,12.581,11.365,-1.216,17.714,18.505,0.791
nu_8,nu,8,Kansas FS,Southern California MZ,Neg,16.754,15.353,-1.401,17.107,18.517,1.41
nu_8,nu,8,Wake Forest DS,Western Kentucky CS,Aff,18.164,19.603,1.439,17.709,16.355,-1.354
nu_8,nu,8,Wichita State MW,Emory BS (Bennett/Sanneh),Aff,16.906,18.413,1.507,16.743,15.279,-1.464
nu_8,nu,8,Macalester DD,Michigan State AZ,Neg,15.405,14.225,-1.181,17.567,18.756,1.189
nu_dubs,nu,dubs,West Georgia DK,Kansas MR,Neg,28.423,28.237,-0.186,41.017,41.186,0.168
nu_dubs,nu,dubs,Harvard GY,UTD KP,Aff,40.1,40.393,0.293,29.253,28.968,-0.284
nu_dubs,nu,dubs,Emory GY,Dartmouth BC,Neg,28.626,28.315,-0.311,39.079,39.402,0.323
nu_dubs,nu,dubs,Michigan BP,Emory CP,Aff,39.314,39.722,0.407,31.022,30.595,-0.427
nu_dubs,nu,dubs,Michigan SS,Binghamton CT,Neg,30.904,30.468,-0.435,39.242,39.688,0.446
nu_dubs,nu,dubs,Georgia IP,Georgetown CW,Neg,30.782,30.35,-0.432,39.015,39.477,0.463
nu_dubs,nu,dubs,Michigan State GL,Emory GH,Neg,29.712,29.229,-0.482,37.121,37.606,0.485
nu_dubs,nu,dubs,Kansas LS,Dartmouth CW,Aff,31.923,33.133,1.21,29.983,28.953,-1.03
nu_dubs,nu,dubs,Northwestern DR,Wake Forest BM,Neg,29.9,29.179,-0.721,35.032,35.799,0.767
nu_dubs,nu,dubs,Kansas HW,CSU Long Beach OM,Aff,35.048,35.962,0.914,32.121,31.105,-1.016
nu_dubs,nu,dubs,Michigan State MM,Emory LY,Neg,29.119,28.512,-0.607,36.096,36.592,0.496
nu_dubs,nu,dubs,Georgetown RS,Kentucky AM,Neg,33.802,32.199,-1.603,32.884,34.222,1.338
nu_dubs,nu,dubs,Emory MR,Northwestern PS,Neg,32.042,31.365,-0.677,37.335,38.003,0.668
nu_dubs,nu,dubs,Kansas HP,Wake Forest CS,Aff,32.174,33.894,1.72,35.118,33.446,-1.673
nu_dubs,nu,dubs,Wake Forest LS,Kansas WW,Aff,32.952,34.206,1.254,33.178,31.83,-1.348
nu_dubs,nu,dubs,UC Berkeley BT,Iowa AP,Aff,33.926,35.319,1.392,34.057,32.833,-1.224
nu_octas,nu,octas,Kansas MR,UC Berkeley BT,Aff,41.186,41.749,0.564,35.319,34.748,-0.57
nu_octas,nu,octas,Wake Forest LS,Harvard GY,Neg,34.206,33.715,-0.49,40.393,41.008,0.615
nu_octas,nu,octas,Dartmouth BC,Kansas HP,Aff,39.402,40.091,0.689,33.894,33.331,-0.563
nu_octas,nu,octas,Northwestern PS,Michigan BP,Neg,38.003,37.03,-0.972,39.722,40.7,0.978
nu_octas,nu,octas,Binghamton CT,Kentucky AM,Neg,39.688,37.577,-2.11,34.222,36.019,1.797
nu_octas,nu,octas,Emory LY,Georgetown CW,Neg,36.592,35.774,-0.819,39.477,40.414,0.936
nu_octas,nu,octas,Emory GH,Kansas HW,Aff,37.606,38.609,1.002,35.962,34.992,-0.969
nu_octas,nu,octas,Wake Forest BM,Kansas LS,Aff,35.799,36.751,0.952,33.133,32.162,-0.971
nu_quarters,nu,quarters,Kansas MR,Wake Forest BM,Aff,41.749,42.338,0.588,36.751,36.123,-0.628
nu_quarters,nu,quarters,Emory GH,Harvard GY,Aff,38.609,39.964,1.355,41.008,39.432,-1.576
nu_quarters,nu,quarters,Georgetown CW,Dartmouth BC,Neg,40.414,39.218,-1.196,40.091,41.372,1.281
nu_quarters,nu,quarters,Kentucky AM,Michigan BP,Neg,36.019,35.479,-0.539,40.7,41.297,0.597
nu_semis,nu,semis,Dartmouth BC,Emory GH,Neg,41.372,40.084,-1.288,39.964,41.076,1.112
nu_semis,nu,semis,Michigan BP,Kansas MR,Neg,41.297,40.415,-0.882,42.338,43.255,0.918
nu_finals,nu,finals,Emory GH,Kansas MR,Neg,41.076,40.4,-0.675,43.255,43.981,0.725
kentuckyrr_1,kentuckyrr,1,Kansas MR,CSU Long Beach OM,Aff,43.981,44.075,0.094,31.105,30.956,-0.149
kentuckyrr_1,kentuckyrr,1,Michigan State GL,Michigan BP,Aff,29.229,32.241,3.012,40.415,38.254,-2.162
kentuckyrr_1,kentuckyrr,1,Harvard GY,Dartmouth BC,Neg,39.432,38.417,-1.015,40.084,40.987,0.903
kentuckyrr_2,kentuckyrr,2,Emory GH,Kansas MR,Neg,40.4,39.893,-0.508,44.075,44.604,0.53
kentuckyrr_2,kentuckyrr,2,CSU Long Beach OM,Harvard GY,Aff,30.956,33.35,2.394,38.417,36.593,-1.824
kentuckyrr_2,kentuckyrr,2,Dartmouth BC,Michigan State GL,Neg,40.987,39.103,-1.884,32.241,34.436,2.194
kentuckyrr_3,kentuckyrr,3,CSU Long Beach OM,Dartmouth BC,Neg,33.35,32.855,-0.495,39.103,39.461,0.358
kentuckyrr_3,kentuckyrr,3,Michigan BP,Kansas MR,Aff,38.254,39.733,1.479,44.604,43.165,-1.439
kentuckyrr_3,kentuckyrr,3,Harvard GY,Emory GH,Neg,36.593,36.014,-0.579,39.893,40.39,0.498
kentuckyrr_4,kentuckyrr,4,Kansas MR,Dartmouth BC,Aff,43.165,43.602,0.437,39.461,38.992,-0.469
kentuckyrr_4,kentuckyrr,4,Michigan State GL,Emory GH,Neg,34.436,34.042,-0.393,40.39,40.696,0.306
kentuckyrr_4,kentuckyrr,4,Michigan BP,Harvard GY,Aff,39.733,40.178,0.445,36.014,35.511,-0.503
kentuckyrr_5,kentuckyrr,5,Emory GH,CSU Long Beach OM,Aff,40.696,40.902,0.206,32.855,32.542,-0.313
kentuckyrr_5,kentuckyrr,5,Dartmouth BC,Michigan BP,Aff,38.992,39.811,0.819,40.178,39.393,-0.785
kentuckyrr_5,kentuckyrr,5,Harvard GY,Michigan State GL,Aff,35.511,36.142,0.631,34.042,33.33,-0.712
kentuckyrr_6,kentuckyrr,6,Michigan State GL,Kansas MR,Neg,33.33,33.192,-0.138,43.602,43.72,0.117
kentuckyrr_6,kentuckyrr,6,Michigan BP,CSU Long Beach OM,Aff,39.393,39.621,0.227,32.542,32.189,-0.353
kentuckyrr_6,kentuckyrr,6,Dartmouth BC,Emory GH,Neg,39.811,39.233,-0.577,40.902,41.484,0.581
kentuckyrr_7,kentuckyrr,7,Emory GH,Michigan BP,Aff,41.484,41.975,0.491,39.621,39.135,-0.486
kentuckyrr_7,kentuckyrr,7,CSU Long Beach OM,Michigan State GL,Neg,32.189,31.396,-0.793,33.192,33.855,0.663
kentuckyrr_7,kentuckyrr,7,Kansas MR,Harvard GY,Neg,43.72,42.392,-1.328,36.142,37.582,1.44
uk_1,uk,1,Indiana FJ,Iowa BW,Neg,25.0,18.613,-6.387,21.928,22.97,1.042
uk_1,uk,1,Wake Forest LS,Samford HS,Aff,33.715,34.037,0.322,25.0,22.654,-2.346
uk_1,uk,1,Michigan State GL,Michigan BS (Baba/Saudek),Aff,33.855,34.056,0.201,25.0,22.69,-2.31
uk_1,uk,1,Northwestern PS,CSU Long Beach OM,Neg,37.03,35.168,-1.862,31.396,32.732,1.336
uk_1,uk,1,Binghamton CT,Kansas BW,Neg,37.577,34.693,-2.885,24.458,27.994,3.536
uk_1,uk,1,George Mason DF,Emory RT,Aff,25.517,25.949,0.432,17.265,16.739,-0.526
uk_1,uk,1,Emory LY,Michigan State AZ,Aff,35.774,35.816,0.042,18.756,18.7,-0.056
uk_1,uk,1,Texas KN,Wake Forest HS,Neg,25.0,20.795,-4.205,25.0,29.205,4.205
uk_1,uk,1,Kansas HW,Missouri State CN,Aff,34.992,35.057,0.065,19.512,19.429,-0.083
uk_1,uk,1,Kansas MS,Michigan AO,Neg,25.0,19.226,-5.774,23.325,24.388,1.063
uk_1,uk,1,Kansas LS,Michigan HS,Aff,32.162,32.607,0.446,25.0,22.237,-2.763
uk_1,uk,1,West Georgia DK,Dartmouth KR,Aff,28.237,29.19,0.954,25.581,24.609,-0.972
uk_1,uk,1,Minnesota HH,Wichita State MW,Aff,25.0,27.919,2.919,18.413,17.859,-0.554
uk_1,uk,1,Georgetown CS,North Texas JW (Jackson/Wofford),Aff,25.0,29.205,4.205,25.0,20.795,-4.205
uk_1,uk,1,Wayne State MS,Gonzaga DW,Neg,25.0,19.699,-5.301,24.504,25.518,1.014
uk_1,uk,1,West Georgia FK,Kansas HB,Aff,25.0,29.205,4.205,25.0,20.795,-4.205
uk_1,uk,1,UTD KP,Michigan ShSi,Aff,28.968,30.015,1.046,26.977,25.977,-1.0
uk_1,uk,1,Emory GY,Baylor DB,Aff,28.315,29.032,0.717,25.0,21.058,-3.942
uk_1,uk,1,Dartmouth GG,George Mason RW,Neg,25.0,21.796,-3.204,30.619,31.221,0.602
uk_1,uk,1,Emory OP,UTD HR,Neg,21.883,21.1,-0.783,26.207,26.966,0.759
uk_1,uk,1,Emory CP,Kansas AB,Aff,30.595,31.138,0.543,25.0,21.78,-3.22
uk_1,uk,1,Michigan SS,Southern California BrRe,Aff,30.468,30.952,0.484,23.246,22.742,-0.504
uk_1,uk,1,Wake Forest BW,Wichita State GM,Aff,25.0,27.615,2.615,17.318,16.827,-0.491
uk_1,uk,1,George Mason RR,Dartmouth BC,Neg,25.0,23.851,-1.149,39.233,39.319,0.086
uk_1,uk,1,Dartmouth CW,Wake Forest SN,Aff,28.953,29.549,0.596,25.0,21.253,-3.747
uk_1,uk,1,Harvard FK,Michigan BP,Neg,25.0,23.836,-1.164,39.135,39.216,0.081
uk_1,uk,1,Northwestern DR,Kansas BS,Aff,29.179,29.706,0.527,22.6,21.949,-0.651
uk_1,uk,1,Harvard DS,Michigan AL,Aff,25.0,29.205,4.205,25.0,20.795,-4.205
uk_1,uk,1,Liberty CS,Dartmouth BJ,Aff,25.0,29.848,4.848,24.299,23.358,-0.942
uk_1,uk,1,Michigan State MM,Kansas LD,Neg,28.512,27.287,-1.225,25.0,31.512,6.512
uk_1,uk,1,Emory MR,Baylor LC,Aff,31.365,31.72,0.355,22.685,22.278,-0.406
uk_1,uk,1,James Madison MO,Southern California MM,Aff,25.0,29.205,4.205,25.0,20.795,-4.205
uk_1,uk,1,Michigan State AG,Emory KP,Neg,25.0,20.472,-4.528,26.601,27.46,0.859
uk_1,uk,1,James Madison CP,Arizona State SS,Aff,25.0,29.205,4.205,25.0,20.795,-4.205
uk_1,uk,1,Kansas WW,Houston KS,Aff,31.83,31.962,0.132,18.505,18.346,-0.159
uk_1,uk,1,Michigan State BS,Wake Forest EP,Neg,30.335,28.491,-1.844,27.55,29.301,1.751
uk_1,uk,1,James Madison BR,Kansas FS,Aff,25.0,27.115,2.115,15.353,14.973,-0.38
uk_1,uk,1,Western Kentucky SS,Dartmouth CG,Neg,20.921,20.123,-0.798,24.981,25.771,0.79
uk_1,uk,1,Northwestern AZ,Georgetown PV,Neg,25.0,20.795,-4.205,25.0,29.205,4.205
uk_1,uk,1,Northwestern RY,Emory ST,Neg,25.0,20.212,-4.788,25.909,26.782,0.873
uk_1,uk,1,Kansas MR,Oklahoma DH,Aff,42.392,42.442,0.051,25.0,24.303,-0.697
uk_1,uk,1,Houston AK,Kentucky GS,Aff,30.616,31.218,0.602,24.711,24.081,-0.631
uk_1,uk,1,Western Kentucky CF,Missouri State AB,Aff,20.499,21.776,1.277,25.0,18.062,-6.938
uk_1,uk,1,Navy CR,UTD KS,Neg,25.0,20.333,-4.667,26.261,27.083,0.822
uk_1,uk,1,Emory GH,Indiana FS,Aff,41.975,42.027,0.053,25.0,24.253,-0.747
uk_1,uk,1,Emory FW,Michigan ES (Esmailzadeh/Sharma),Neg,19.628,19.25,-0.377,28.848,29.209,0.361
uk_1,uk,1,Kentucky AE,Northwestern AL (Arney/Lundberg),Neg,25.0,18.99,-6.01,22.664,23.854,1.19
uk_1,uk,1,Northwestern MO,Michigan State JS,Neg,25.0,18.483,-6.517,21.528,22.693,1.165
uk_1,uk,1,Kentucky RS,Houston DF,Neg,25.0,19.355,-5.645,23.642,24.692,1.05
uk_1,uk,1,Wake Forest BM,Wyoming CH,Aff,36.123,36.379,0.255,25.0,23.228,-1.772
uk_1,uk,1,Oklahoma TS,Texas AF,Neg,25.0,21.724,-3.276,30.388,30.99,0.602
uk_1,uk,1,Kentucky AM,Georgetown RG,Aff,35.479,35.707,0.228,25.0,23.088,-1.912
uk_2,uk,2,Georgetown RG,Northwestern MO,Aff,23.088,25.719,2.632,18.483,16.49,-1.993
uk_2,uk,2,North Texas JW (Jackson/Wofford),Dartmouth GG,Neg,20.795,17.48,-3.314,21.796,24.903,3.106
uk_2,uk,2,Samford GP,Kansas LS,Neg,25.0,22.36,-2.64,32.607,33.014,0.407
uk_2,uk,2,Wake Forest HS,Binghamton CT,Neg,29.205,26.671,-2.535,34.693,35.117,0.424
uk_2,uk,2,Dartmouth CG,Kansas MR,Neg,25.771,25.731,-0.04,42.442,42.461,0.018
uk_2,uk,2,Wichita State MW,West Georgia DK,Neg,17.859,17.626,-0.233,29.19,29.396,0.205
uk_2,uk,2,Texas AF,Wake Forest LS,Aff,30.99,32.719,1.73,34.037,32.716,-1.321
uk_2,uk,2,Michigan ES (Esmailzadeh/Sharma),Western Kentucky CF,Aff,29.209,29.666,0.457,21.776,21.317,-0.459
uk_2,uk,2,UTD KS,Emory GH,Neg,27.083,27.01,-0.073,42.027,42.058,0.031
uk_2,uk,2,Oklahoma DH,Western Kentucky SS,Aff,24.303,27.616,3.314,20.123,19.522,-0.601
uk_2,uk,2,Kentucky GS,James Madison BR,Neg,24.081,23.369,-0.712,27.115,30.377,3.262
uk_2,uk,2,Missouri State AB,Emory FW,Neg,18.062,14.988,-3.074,19.25,20.193,0.942
uk_2,uk,2,Kansas LD,Liberty CS,Neg,31.512,28.176,-3.336,29.848,33.459,3.611
uk_2,uk,2,Georgetown PV,Houston AK,Neg,29.205,25.679,-3.527,31.218,31.972,0.754
uk_2,uk,2,George Mason RW,Wake Forest BM,Neg,31.221,30.536,-0.685,36.379,36.918,0.539
uk_2,uk,2,Wake Forest EP,Northwestern AZ,Aff,29.301,29.692,0.391,20.795,19.003,-1.792
uk_2,uk,2,Kansas FS,Michigan State BS,Neg,14.973,14.837,-0.136,28.491,28.625,0.134
uk_2,uk,2,Arizona State SS,Emory MR,Neg,20.795,19.486,-1.308,31.72,31.987,0.267
uk_2,uk,2,Northwestern AL (Arney/Lundberg),Michigan State MM,Neg,23.854,22.97,-0.883,27.287,28.128,0.84
uk_2,uk,2,Dartmouth MM,Northwestern RY,Neg,12.893,12.296,-0.597,20.212,21.968,1.756
uk_2,uk,2,Emory KP,Wake Forest CS,Aff,27.46,29.665,2.205,33.446,31.573,-1.873
uk_2,uk,2,Southern California MM,Northwestern DR,Neg,20.795,19.09,-1.705,29.706,30.062,0.357
uk_2,uk,2,Baylor LC,James Madison CP,Aff,22.278,23.834,1.556,29.205,22.48,-6.725
uk_2,uk,2,Dartmouth BJ,Emory CP,Neg,23.358,22.897,-0.461,31.138,31.547,0.409
uk_2,uk,2,Wyoming CH,Texas KN,Neg,23.228,18.957,-4.271,20.795,24.864,4.07
uk_2,uk,2,Kansas BS,James Madison MO,Aff,21.949,23.671,1.723,29.205,22.404,-6.802
uk_2,uk,2,Michigan AL,UTD KP,Neg,20.795,19.154,-1.64,30.015,30.364,0.35
uk_2,uk,2,Michigan BP,Dartmouth CW,Aff,39.216,39.333,0.116,29.549,29.295,-0.254
uk_2,uk,2,Houston KS,Kentucky RS,Neg,18.346,17.361,-0.985,19.355,22.611,3.255
uk_2,uk,2,Western Kentucky CS,Kentucky AE,Neg,16.355,15.537,-0.819,18.99,21.769,2.779
uk_2,uk,2,Dartmouth BC,Emory GY,Aff,39.319,39.43,0.111,29.032,28.776,-0.256
uk_2,uk,2,Baylor DB,Michigan State AG,Aff,21.058,24.209,3.151,20.472,17.423,-3.049
uk_2,uk,2,Wichita State GM,Michigan SS,Neg,16.827,16.707,-0.12,30.952,31.059,0.107
uk_2,uk,2,UTD HR,George Mason DF,Aff,26.966,28.003,1.037,25.949,24.848,-1.101
uk_2,uk,2,Emory RT,Michigan State GL,Neg,16.739,16.69,-0.049,34.056,34.077,0.021
uk_2,uk,2,Kansas HB,Northwestern PS,Neg,20.795,20.027,-0.768,35.168,35.293,0.125
uk_2,uk,2,Indiana FS,Navy CR,Neg,24.253,19.003,-5.25,20.333,24.146,3.813
uk_2,uk,2,Gonzaga DW,Georgetown CS,Aff,25.518,26.818,1.299,29.205,23.747,-5.458
uk_2,uk,2,Michigan ShSi,West Georgia FK,Aff,25.977,27.073,1.096,29.205,23.86,-5.345
uk_2,uk,2,Dartmouth KR,Wayne State MS,Aff,24.609,25.201,0.592,19.699,17.429,-2.27
uk_2,uk,2,Missouri State CN,Kansas MS,Aff,19.429,20.451,1.022,19.226,15.744,-3.483
uk_2,uk,2,CSU Long Beach OM,Indiana FJ,Aff,32.732,32.82,0.088,18.613,18.054,-0.56
uk_2,uk,2,Michigan AO,Kansas HW,Neg,24.388,24.139,-0.248,35.057,35.258,0.201
uk_2,uk,2,Kansas BW,Wake Forest BW,Neg,27.994,27.137,-0.857,27.615,31.882,4.267
uk_2,uk,2,Samford HS,Oklahoma TS,Neg,22.654,18.883,-3.772,21.724,25.259,3.535
uk_2,uk,2,Southern California BrRe,Harvard DS,Neg,22.742,22.24,-0.502,29.205,31.474,2.269
uk_2,uk,2,Kansas AB,George Mason RR,Aff,21.78,25.493,3.713,23.851,19.411,-4.44
uk_2,uk,2,Michigan BS (Baba/Saudek),Emory OP,Neg,22.69,17.998,-4.693,21.1,22.135,1.036
uk_2,uk,2,Wake Forest SN,Harvard FK,Aff,21.253,24.971,3.719,23.836,19.227,-4.61
uk_2,uk,2,Iowa BW,Emory LY,Neg,22.97,22.838,-0.132,35.816,35.937,0.121
uk_2,uk,2,Houston DF,Kansas WW,Neg,24.692,24.213,-0.479,31.962,32.387,0.424
uk_2,uk,2,Michigan State JS,Kentucky AM,Neg,22.693,22.557,-0.136,35.707,35.802,0.095
uk_3,uk,3,Wake Forest SN,Baylor LC,Neg,24.971,21.474,-3.497,23.834,24.894,1.06
uk_3,uk,3,Gonzaga DW,Kentucky RS,Neg,26.818,25.362,-1.455,22.611,26.496,3.885
uk_3,uk,3,UTD HR,West Georgia DK,Neg,28.003,27.108,-0.895,29.396,30.366,0.97
uk_3,uk,3,Kansas HW,Emory CP,Neg,35.258,33.828,-1.43,31.547,33.154,1.607
uk_3,uk,3,Kansas AB,Emory OP,Neg,25.493,21.204,-4.29,22.135,23.34,1.204
uk_3,uk,3,Wichita State GM,Northwestern MO,Neg,16.707,15.616,-1.091,16.49,19.539,3.05
uk_3,uk,3,Dartmouth BC,Emory LY,Neg,39.43,38.613,-0.817,35.937,37.461,1.525
uk_3,uk,3,Emory FW,Wake Forest HS,Aff,20.193,21.778,1.585,26.671,21.315,-5.356
uk_3,uk,3,Kansas LD,Houston DF,Neg,28.176,24.226,-3.949,24.213,25.602,1.388
uk_3,uk,3,Dartmouth KR,Texas KN,Neg,25.201,24.261,-0.939,24.864,28.345,3.481
uk_3,uk,3,Georgetown PV,Samford GP,Aff,25.679,27.674,1.995,22.36,19.536,-2.823
uk_3,uk,3,Houston AK,Northwestern DR,Neg,31.972,30.628,-1.344,30.062,31.409,1.347
uk_3,uk,3,Georgetown CS,Kentucky AE,Aff,23.747,25.969,2.221,21.769,19.689,-2.08
uk_3,uk,3,Emory GY,Kansas MS,Aff,28.776,28.955,0.179,15.744,15.274,-0.469
uk_3,uk,3,Northwestern AZ,Arizona State SS,Neg,19.003,16.129,-2.874,19.486,22.498,3.012
uk_3,uk,3,Indiana FS,Wichita State MW,Neg,19.003,15.001,-4.002,17.626,18.751,1.124
uk_3,uk,3,Binghamton CT,West Georgia FK,Aff,35.117,35.299,0.182,23.86,23.148,-0.712
uk_3,uk,3,Northwestern AL (Arney/Lundberg),Michigan State BS,Aff,22.97,24.939,1.969,28.625,26.627,-1.998
uk_3,uk,3,North Texas JW (Jackson/Wofford),Dartmouth BJ,Neg,17.48,15.49,-1.991,22.897,23.479,0.582
uk_3,uk,3,Oklahoma DH,Dartmouth CW,Neg,27.616,24.496,-3.12,29.295,30.025,0.73
uk_3,uk,3,Wake Forest LS,Michigan State MM,Neg,32.716,31.346,-1.371,28.128,29.943,1.816
uk_3,uk,3,Georgetown RG,Michigan State AZ,Aff,25.719,27.443,1.723,18.7,18.166,-0.534
uk_3,uk,3,Southern California BrRe,Samford HS,Aff,22.24,22.925,0.685,18.883,16.441,-2.442
uk_3,uk,3,George Mason DF,Northwestern PS,Aff,24.848,27.489,2.641,35.293,33.163,-2.13
uk_3,uk,3,Missouri State CN,Kansas BW,Neg,20.451,19.958,-0.493,27.137,27.554,0.417
uk_3,uk,3,George Mason RW,James Madison MO,Aff,30.536,30.935,0.399,22.404,21.283,-1.121
uk_3,uk,3,Liberty CS,Kansas MR,Neg,33.459,32.42,-1.04,42.461,42.617,0.157
uk_3,uk,3,George Mason RR,Southern California MM,Neg,19.411,16.257,-3.153,19.09,22.166,3.076
uk_3,uk,3,Emory ST,Wake Forest BW,Aff,26.782,28.359,1.577,31.882,27.428,-4.454
uk_3,uk,3,Western Kentucky CS,Michigan ShSi,Neg,15.537,15.342,-0.195,27.073,27.243,0.169
uk_3,uk,3,Michigan AL,Harvard FK,Aff,19.154,22.198,3.044,19.227,16.164,-3.063
uk_3,uk,3,Michigan ES (Esmailzadeh/Sharma),Emory KP,Neg,29.666,28.508,-1.158,29.665,30.762,1.096
uk_3,uk,3,Harvard DS,Emory MR,Neg,31.474,28.235,-3.239,31.987,32.836,0.848
uk_3,uk,3,Texas AF,Kansas WW,Neg,32.719,31.58,-1.139,32.387,33.49,1.103
uk_3,uk,3,Michigan AO,Dartmouth CG,Neg,24.139,23.142,-0.997,25.731,26.695,0.964
uk_3,uk,3,Kentucky GS,Missouri State AB,Aff,23.369,23.741,0.373,14.988,13.994,-0.994
uk_3,uk,3,James Madison BR,Michigan BP,Neg,30.377,29.2,-1.177,39.333,39.482,0.149
uk_3,uk,3,Indiana FJ,Kansas FS,Neg,18.054,13.92,-4.133,14.837,16.156,1.319
uk_3,uk,3,Michigan State AG,Western Kentucky SS,Neg,17.423,14.879,-2.544,19.522,20.291,0.768
uk_3,uk,3,Iowa BW,Dartmouth MM,Aff,22.838,23.064,0.226,12.296,11.989,-0.307
uk_3,uk,3,Kansas LS,Michigan SS,Aff,33.014,33.892,0.878,31.059,30.139,-0.92
uk_3,uk,3,Wyoming CH,Michigan BS (Baba/Saudek),Neg,18.957,15.647,-3.31,17.998,20.733,2.736
uk_3,uk,3,Emory GH,CSU Long Beach OM,Neg,42.058,40.758,-1.3,32.82,34.505,1.685
uk_3,uk,3,UTD KP,Wake Forest BM,Aff,30.364,32.427,2.062,36.918,35.173,-1.745
uk_3,uk,3,Navy CR,Northwestern RY,Aff,24.146,26.394,2.249,21.968,19.688,-2.28
uk_3,uk,3,Kansas BS,Western Kentucky CF,Neg,23.671,22.106,-1.566,21.317,22.763,1.446
uk_3,uk,3,UTD KS,Oklahoma TS,Aff,27.01,27.848,0.837,25.259,22.502,-2.757
uk_3,uk,3,Michigan State JS,James Madison CP,Aff,22.557,23.56,1.004,22.48,19.675,-2.806
uk_3,uk,3,Dartmouth GG,Baylor DB,Neg,24.903,21.847,-3.055,24.209,27.085,2.876
uk_3,uk,3,Kansas HB,Emory RT,Neg,20.027,15.221,-4.806,16.69,18.153,1.463
uk_3,uk,3,Wake Forest CS,Houston KS,Neg,31.573,28.804,-2.769,17.361,20.952,3.591
uk_3,uk,3,Minnesota HH,Kentucky AM,Neg,27.919,26.068,-1.851,35.802,36.096,0.294
uk_3,uk,3,Michigan State GL,Wake Forest EP,Aff,34.077,34.448,0.371,29.692,29.011,-0.682
uk_4,uk,4,Michigan BS (Baba/Saudek),North Texas JW (Jackson/Wofford),Aff,20.733,22.074,1.341,15.49,13.94,-1.549
uk_4,uk,4,CSU Long Beach OM,UTD KP,Aff,34.505,34.994,0.489,32.427,31.637,-0.79
uk_4,uk,4,Baylor LC,Liberty CS,Aff,24.894,26.565,1.671,32.42,27.739,-4.681
uk_4,uk,4,Michigan SS,James Madison BR,Aff,30.139,30.947,0.807,29.2,26.628,-2.572
uk_4,uk,4,Michigan State BS,Oklahoma DH,Aff,26.627,27.353,0.726,24.496,22.239,-2.258
uk_4,uk,4,Baylor DB,Emory GH,Neg,27.085,26.73,-0.355,40.758,40.814,0.056
uk_4,uk,4,Oklahoma TS,Southern California BrRe,Neg,22.502,20.046,-2.456,22.925,23.835,0.91
uk_4,uk,4,Kansas WW,Binghamton CT,Neg,33.49,32.705,-0.785,35.299,36.02,0.721
uk_4,uk,4,Dartmouth CG,Georgetown RG,Aff,26.695,27.631,0.937,27.443,24.253,-3.19
uk_4,uk,4,Michigan BP,Emory FW,Aff,39.482,39.493,0.011,21.778,21.754,-0.024
uk_4,uk,4,Houston KS,Kentucky GS,Neg,20.952,20.213,-0.739,23.741,24.534,0.793
uk_4,uk,4,Missouri State AB,Wyoming CH,Neg,13.994,12.205,-1.789,15.647,17.859,2.212
uk_4,uk,4,Kansas FS,Dartmouth KR,Neg,16.156,15.799,-0.357,24.261,24.592,0.331
uk_4,uk,4,Emory MR,Iowa BW,Aff,32.836,33.068,0.232,23.064,22.823,-0.241
uk_4,uk,4,Western Kentucky CF,Emory GY,Neg,22.763,22.313,-0.45,28.955,29.47,0.515
uk_4,uk,4,Dartmouth MM,Missouri State CN,Neg,11.989,11.525,-0.464,19.958,20.325,0.367
uk_4,uk,4,Emory RT,Northwestern AZ,Neg,18.153,16.836,-1.318,16.129,19.523,3.394
uk_4,uk,4,Kentucky AM,Georgetown PV,Aff,36.096,36.355,0.259,27.674,26.659,-1.015
uk_4,uk,4,Michigan State AZ,Wake Forest SN,Neg,18.166,17.363,-0.804,21.474,23.172,1.698
uk_4,uk,4,Kansas MS,Indiana FJ,Aff,15.274,17.314,2.039,13.92,12.019,-1.902
uk_4,uk,4,Dartmouth BJ,Kansas AB,Neg,23.479,22.224,-1.255,21.204,24.139,2.935
uk_4,uk,4,James Madison CP,Western Kentucky CS,Aff,19.675,21.061,1.387,15.342,14.693,-0.649
uk_4,uk,4,Emory LY,George Mason DF,Aff,37.461,37.647,0.186,27.489,27.291,-0.198
uk_4,uk,4,Northwestern RY,Wake Forest CS,Neg,19.688,18.832,-0.856,28.804,29.039,0.236
uk_4,uk,4,Wake Forest BM,Northwestern AL (Arney/Lundberg),Neg,35.173,33.156,-2.017,24.939,27.415,2.477
uk_4,uk,4,Western Kentucky SS,Gonzaga DW,Neg,20.291,19.741,-0.549,25.362,25.931,0.568
uk_4,uk,4,Samford HS,Michigan State AG,Neg,16.441,13.677,-2.764,14.879,17.364,2.485
uk_4,uk,4,Wake Forest EP,Harvard DS,Aff,29.011,29.856,0.846,28.235,25.825,-2.411
uk_4,uk,4,Dartmouth CW,Minnesota HH,Aff,30.025,30.578,0.553,26.068,23.777,-2.29
uk_4,uk,4,Michigan State MM,UTD KS,Aff,29.943,30.721,0.778,27.848,26.97,-0.878
uk_4,uk,4,Northwestern PS,Dartmouth GG,Aff,33.163,33.315,0.152,21.847,21.231,-0.616
uk_4,uk,4,Kentucky RS,Kansas HW,Aff,26.496,30.386,3.89,33.828,32.359,-1.469
uk_4,uk,4,West Georgia DK,Emory ST,Neg,30.366,29.128,-1.238,28.359,29.753,1.394
uk_4,uk,4,Houston DF,George Mason RW,Neg,25.602,25.064,-0.538,30.935,31.504,0.569
uk_4,uk,4,Wake Forest HS,Wichita State GM,Aff,21.315,22.559,1.245,15.616,15.07,-0.546
uk_4,uk,4,Emory OP,Houston AK,Neg,23.34,22.965,-0.375,30.628,30.984,0.356
uk_4,uk,4,Emory CP,Michigan State GL,Neg,33.154,32.284,-0.87,34.448,34.99,0.542
uk_4,uk,4,Texas KN,Michigan ES (Esmailzadeh/Sharma),Neg,28.345,25.81,-2.535,28.508,29.392,0.884
uk_4,uk,4,Samford GP,George Mason RR,Neg,19.536,15.746,-3.79,16.257,19.434,3.177
uk_4,uk,4,Northwestern DR,Georgetown CS,Aff,31.409,31.879,0.47,25.969,24.609,-1.36
uk_4,uk,4,Kentucky AE,Kansas HB,Aff,19.689,21.065,1.376,15.221,13.571,-1.65
uk_4,uk,4,Arizona State SS,Kansas BS,Neg,22.498,19.417,-3.08,22.106,23.054,0.948
uk_4,uk,4,Wichita State MW,Michigan AO,Aff,18.751,20.504,1.753,23.142,21.531,-1.611
uk_4,uk,4,Emory KP,Kansas LS,Neg,30.762,30.081,-0.68,33.892,34.58,0.688
uk_4,uk,4,Northwestern MO,UTD HR,Aff,19.539,23.891,4.352,27.108,25.567,-1.542
uk_4,uk,4,Kansas MR,Navy CR,Aff,42.617,42.652,0.034,26.394,26.199,-0.195
uk_4,uk,4,Kansas BW,Michigan State JS,Neg,27.554,26.136,-1.418,23.56,25.179,1.618
uk_4,uk,4,Wake Forest BW,Texas AF,Neg,27.428,26.004,-1.423,31.58,32.135,0.555
uk_4,uk,4,Michigan ShSi,Dartmouth BC,Neg,27.243,27.091,-0.151,38.613,38.688,0.075
uk_4,uk,4,West Georgia FK,Michigan AL,Aff,23.148,25.299,2.151,22.198,19.788,-2.41
uk_4,uk,4,Harvard FK,Indiana FS,Aff,16.164,18.535,2.371,15.001,12.866,-2.135
uk_4,uk,4,Southern California MM,Kansas LD,Aff,22.166,25.339,3.172,24.226,22.009,-2.218
uk_5,uk,5,Dartmouth MM,Samford GP,Neg,11.525,10.811,-0.714,15.746,17.45,1.703
uk_5,uk,5,Michigan BP,Northwestern DR,Aff,39.493,39.659,0.166,31.879,31.57,-0.309
uk_5,uk,5,Wake Forest LS,Kentucky AE,Aff,31.346,31.52,0.174,21.065,20.553,-0.512
uk_5,uk,5,UTD KP,Wichita State MW,Aff,31.637,31.78,0.144,20.504,20.338,-0.166
uk_5,uk,5,Gonzaga DW,Emory GY,Aff,25.931,27.343,1.413,29.47,27.941,-1.529
uk_5,uk,5,Binghamton CT,Kentucky RS,Aff,36.02,36.398,0.378,30.386,29.571,-0.815
uk_5,uk,5,Wake Forest SN,James Madison BR,Neg,23.172,21.854,-1.318,26.628,28.094,1.466
uk_5,uk,5,West Georgia DK,Emory GH,Neg,29.128,29.01,-0.118,40.814,40.877,0.062
uk_5,uk,5,Wichita State GM,Samford HS,Aff,15.07,15.922,0.852,13.677,11.766,-1.91
uk_5,uk,5,Kentucky GS,Houston DF,Aff,24.534,25.597,1.063,25.064,24.008,-1.056
uk_5,uk,5,Wake Forest HS,UTD KS,Aff,22.559,25.593,3.034,26.97,25.622,-1.348
uk_5,uk,5,James Madison CP,Emory OP,Neg,21.061,19.486,-1.575,22.965,23.695,0.73
uk_5,uk,5,Southern California BrRe,Kansas AB,Aff,23.835,24.789,0.953,24.139,22.166,-1.973
uk_5,uk,5,Northwestern PS,Georgetown CS,Neg,33.315,31.906,-1.409,24.609,28.945,4.336
uk_5,uk,5,Emory CP,Northwestern AL (Arney/Lundberg),Aff,32.284,32.753,0.469,27.415,26.939,-0.476
uk_5,uk,5,Michigan ES (Esmailzadeh/Sharma),Dartmouth CW,Neg,29.392,28.551,-0.841,30.578,31.416,0.839
uk_5,uk,5,Georgetown RG,Missouri State CN,Neg,24.253,21.024,-3.229,20.325,21.642,1.316
uk_5,uk,5,West Georgia FK,Wake Forest BW,Neg,25.299,23.32,-1.98,26.004,27.621,1.617
uk_5,uk,5,Houston AK,Michigan State MM,Neg,30.984,30.016,-0.968,30.721,31.669,0.948
uk_5,uk,5,Harvard FK,Emory RT,Neg,18.535,15.725,-2.81,16.836,18.051,1.215
uk_5,uk,5,Liberty CS,Kansas BS,Aff,27.739,28.872,1.133,23.054,22.513,-0.541
uk_5,uk,5,George Mason RW,Dartmouth BC,Neg,31.504,31.124,-0.38,38.688,38.869,0.182
uk_5,uk,5,North Texas JW (Jackson/Wofford),Indiana FS,Neg,13.94,11.505,-2.435,12.866,15.114,2.248
uk_5,uk,5,Emory LY,Kansas MR,Neg,37.647,37.197,-0.45,42.652,42.933,0.281
uk_5,uk,5,Kansas BW,Michigan BS (Baba/Saudek),Aff,26.136,26.625,0.489,22.074,20.65,-1.425
uk_5,uk,5,Wyoming CH,James Madison MO,Neg,17.859,16.343,-1.516,21.283,22.925,1.642
uk_5,uk,5,George Mason RR,Arizona State SS,Aff,19.434,21.638,2.204,19.417,17.341,-2.077
uk_5,uk,5,Harvard DS,Southern California MM,Neg,25.825,23.857,-1.968,25.339,27.573,2.234
uk_5,uk,5,Texas KN,George Mason DF,Aff,25.81,28.198,2.387,27.291,26.343,-0.948
uk_5,uk,5,Houston KS,Kansas LD,Aff,20.213,21.252,1.039,22.009,19.789,-2.22
uk_5,uk,5,Texas AF,Wake Forest EP,Neg,32.135,30.964,-1.171,29.856,31.102,1.245
uk_5,uk,5,Kansas WW,Emory KP,Neg,32.705,31.549,-1.156,30.081,31.292,1.21
uk_5,uk,5,Iowa BW,Northwestern MO,Aff,22.823,23.872,1.05,23.891,21.907,-1.985
uk_5,uk,5,Indiana FJ,Missouri State AB,Aff,12.019,13.942,1.923,12.205,10.292,-1.913
uk_5,uk,5,Michigan SS,Dartmouth CG,Aff,30.947,31.593,0.647,27.631,26.981,-0.651
uk_5,uk,5,UTD HR,Michigan State BS,Aff,25.567,26.618,1.051,27.353,26.152,-1.201
uk_5,uk,5,Baylor LC,Michigan State JS,Aff,26.565,27.398,0.833,25.179,24.361,-0.818
uk_5,uk,5,Wake Forest CS,Oklahoma TS,Aff,29.039,29.265,0.225,20.046,19.416,-0.63
uk_5,uk,5,Michigan AL,Michigan State AG,Neg,19.788,17.04,-2.749,17.364,19.635,2.271
uk_5,uk,5,Western Kentucky SS,Dartmouth GG,Neg,19.741,19.007,-0.735,21.231,23.37,2.139
uk_5,uk,5,Navy CR,Wake Forest BM,Neg,26.199,25.083,-1.116,33.156,33.445,0.288
uk_5,uk,5,Kansas MS,Western Kentucky CS,Aff,17.314,18.932,1.618,14.693,13.954,-0.739
uk_5,uk,5,Michigan State GL,Emory MR,Aff,34.99,35.458,0.468,33.068,32.257,-0.811
uk_5,uk,5,Minnesota HH,Baylor DB,Aff,23.777,26.848,3.071,26.73,23.982,-2.748
uk_5,uk,5,Kansas HB,Dartmouth BJ,Aff,13.571,18.192,4.622,22.224,20.41,-1.814
uk_5,uk,5,Northwestern AZ,Oklahoma DH,Aff,19.523,22.084,2.561,22.239,19.675,-2.564
uk_5,uk,5,Northwestern RY,Michigan AO,Neg,18.832,17.064,-1.768,21.531,22.162,0.631
uk_5,uk,5,Emory FW,Western Kentucky CF,Neg,21.754,20.731,-1.022,22.313,23.213,0.901
uk_5,uk,5,Kansas LS,Emory ST,Aff,34.58,35.072,0.492,29.753,29.214,-0.539
uk_5,uk,5,CSU Long Beach OM,Kentucky AM,Aff,34.994,35.696,0.702,36.355,35.37,-0.985
uk_5,uk,5,Michigan State AZ,Kansas FS,Aff,17.363,18.346,0.984,15.799,14.922,-0.877
uk_6,uk,6,Dartmouth CW,Kansas LS,Neg,31.416,30.862,-0.554,35.072,35.617,0.546
uk_6,uk,6,Wichita State MW,Georgetown PV,Neg,20.338,19.926,-0.412,26.659,27.822,1.162
uk_6,uk,6,Emory GY,Wake Forest HS,Aff,27.941,28.629,0.688,25.593,24.329,-1.264
uk_6,uk,6,James Madison MO,Dartmouth KR,Neg,22.925,21.116,-1.808,24.592,25.345,0.753
uk_6,uk,6,Dartmouth BJ,Indiana FJ,Neg,20.41,18.871,-1.539,13.942,16.999,3.057
uk_6,uk,6,Baylor DB,James Madison CP,Neg,23.982,21.134,-2.848,19.486,21.665,2.179
uk_6,uk,6,Wake Forest BW,Liberty CS,Aff,27.621,29.38,1.759,28.872,27.066,-1.806
uk_6,uk,6,Missouri State AB,Western Kentucky SS,Neg,10.292,9.758,-0.534,19.007,19.266,0.259
uk_6,uk,6,Michigan State JS,West Georgia DK,Neg,24.361,23.882,-0.478,29.01,29.497,0.488
uk_6,uk,6,Emory KP,UTD KP,Aff,31.292,32.164,0.873,31.78,30.853,-0.928
uk_6,uk,6,Emory GH,Michigan State GL,Neg,40.877,39.982,-0.895,35.458,36.475,1.017
uk_6,uk,6,Dartmouth CG,Texas KN,Aff,26.981,27.93,0.949,28.198,26.3,-1.898
uk_6,uk,6,Arizona State SS,Northwestern RY,Aff,17.341,19.114,1.773,17.064,15.313,-1.752
uk_6,uk,6,Western Kentucky CS,Michigan AL,Aff,13.954,15.165,1.211,17.04,14.405,-2.634
uk_6,uk,6,Kansas BS,Wake Forest SN,Aff,22.513,23.334,0.822,21.854,20.172,-1.682
uk_6,uk,6,Kentucky AE,Navy CR,Neg,20.553,19.452,-1.101,25.083,26.349,1.265
uk_6,uk,6,Oklahoma DH,Harvard FK,Aff,19.675,20.82,1.145,15.725,14.528,-1.197
uk_6,uk,6,Kansas HW,Kentucky GS,Neg,32.359,30.828,-1.531,25.597,27.308,1.711
uk_6,uk,6,UTD KS,Kansas MS,Aff,25.622,25.985,0.363,18.932,18.149,-0.783
uk_6,uk,6,Houston DF,George Mason RR,Aff,24.008,24.637,0.628,21.638,20.046,-1.592
uk_6,uk,6,Emory MR,Michigan SS,Aff,32.257,33.091,0.834,31.593,30.759,-0.835
uk_6,uk,6,Emory OP,Kansas BW,Aff,23.695,24.937,1.242,26.625,25.512,-1.112
uk_6,uk,6,Dartmouth GG,Michigan ES (Esmailzadeh/Sharma),Neg,23.37,22.266,-1.104,28.551,28.98,0.43
uk_6,uk,6,Kentucky RS,Iowa BW,Neg,29.571,27.125,-2.445,23.872,25.35,1.478
uk_6,uk,6,George Mason DF,Northwestern AZ,Aff,26.343,26.811,0.468,22.084,20.933,-1.15
uk_6,uk,6,Northwestern MO,Wake Forest CS,Aff,21.907,24.78,2.873,29.265,27.824,-1.44
uk_6,uk,6,Kansas MR,Michigan BP,Aff,42.933,43.291,0.358,39.659,39.316,-0.343
uk_6,uk,6,Wake Forest EP,Emory LY,Neg,31.102,30.723,-0.378,37.197,37.544,0.347
uk_6,uk,6,Northwestern AL (Arney/Lundberg),Southern California BrRe,Aff,26.939,27.589,0.649,24.789,24.067,-0.722
uk_6,uk,6,Michigan AO,West Georgia FK,Neg,22.162,21.441,-0.721,23.32,25.02,1.7
uk_6,uk,6,Western Kentucky CF,Wake Forest LS,Neg,23.213,22.96,-0.253,31.52,31.744,0.224
uk_6,uk,6,Kansas AB,Michigan State AZ,Aff,22.166,23.182,1.016,18.346,17.705,-0.641
uk_6,uk,6,James Madison BR,Kansas WW,Neg,28.094,26.766,-1.328,31.549,32.034,0.485
uk_6,uk,6,Michigan State BS,Emory FW,Aff,26.152,26.577,0.426,20.731,20.255,-0.476
uk_6,uk,6,Samford GP,Georgetown RG,Neg,17.45,15.977,-1.473,21.024,22.157,1.133
uk_6,uk,6,Michigan State MM,CSU Long Beach OM,Aff,31.669,32.975,1.306,35.696,34.849,-0.847
uk_6,uk,6,Missouri State CN,Texas AF,Neg,21.642,21.413,-0.228,30.964,31.159,0.196
uk_6,uk,6,Kansas LD,Wyoming CH,Neg,19.789,17.9,-1.889,16.343,18.981,2.637
uk_6,uk,6,Kentucky AM,Gonzaga DW,Aff,35.37,35.591,0.221,27.343,27.071,-0.273
uk_6,uk,6,Emory ST,Binghamton CT,Neg,29.214,28.88,-0.334,36.398,36.674,0.275
uk_6,uk,6,Indiana FS,Dartmouth MM,Aff,15.114,16.284,1.17,10.811,10.138,-0.673
uk_6,uk,6,Dartmouth BC,Baylor LC,Aff,38.869,38.936,0.067,27.398,27.278,-0.12
uk_6,uk,6,Southern California MM,Houston AK,Neg,27.573,26.07,-1.502,30.016,30.605,0.589
uk_6,uk,6,Emory RT,Northwestern PS,Neg,18.051,17.964,-0.086,31.906,31.962,0.056
uk_6,uk,6,Oklahoma TS,Kansas HB,Neg,19.416,17.452,-1.964,18.192,20.056,1.863
uk_6,uk,6,Georgetown CS,UTD HR,Aff,28.945,30.207,1.262,26.618,26.049,-0.569
uk_6,uk,6,Michigan BS (Baba/Saudek),Houston KS,Aff,20.65,22.668,2.019,21.252,20.408,-0.844
uk_6,uk,6,Wake Forest BM,Minnesota HH,Neg,33.445,32.307,-1.137,26.848,30.738,3.889
uk_6,uk,6,Michigan State AG,Harvard DS,Neg,19.635,18.592,-1.043,23.857,24.919,1.062
uk_6,uk,6,Northwestern DR,Emory CP,Neg,31.57,30.787,-0.783,32.753,33.478,0.725
uk_6,uk,6,Samford HS,North Texas JW (Jackson/Wofford),Neg,11.766,10.037,-1.729,11.505,13.451,1.946
uk_6,uk,6,Michigan ShSi,George Mason RW,Neg,27.091,26.489,-0.603,31.124,31.714,0.59
uk_6,uk,6,Kansas FS,Wichita State GM,Neg,14.922,14.063,-0.859,15.922,16.825,0.903
uk_dubs,uk,dubs,Kansas MR,Baylor LC,Aff,43.291,43.308,0.017,27.278,27.248,-0.029
uk_dubs,uk,dubs,Kansas WW,Michigan State GL,Neg,32.034,31.612,-0.422,36.475,36.76,0.285
uk_dubs,uk,dubs,Emory GY,Kansas LS,Neg,28.629,28.302,-0.327,35.617,35.911,0.294
uk_dubs,uk,dubs,George Mason RW,Michigan BP,Neg,31.714,31.417,-0.297,39.316,39.469,0.153
uk_dubs,uk,dubs,West Georgia DK,Kentucky AM,Neg,29.497,29.139,-0.358,35.591,35.893,0.302
uk_dubs,uk,dubs,CSU Long Beach OM,Kentucky GS,Neg,34.849,33.793,-1.056,27.308,28.989,1.681
uk_dubs,uk,dubs,Wake Forest EP,Binghamton CT,Neg,30.723,30.36,-0.363,36.674,36.998,0.325
uk_dubs,uk,dubs,Wake Forest BW,Dartmouth BC,Neg,29.38,29.036,-0.345,38.936,39.047,0.111
uk_dubs,uk,dubs,Michigan State MM,Houston AK,Aff,32.975,33.535,0.56,30.605,30.002,-0.603
uk_dubs,uk,dubs,Emory MR,Georgetown CS,Neg,33.091,32.055,-1.037,30.207,32.092,1.885
uk_dubs,uk,dubs,Michigan SS,Emory KP,Neg,30.759,30.056,-0.703,32.164,32.804,0.64
uk_dubs,uk,dubs,Dartmouth CW,Emory CP,Neg,30.862,30.267,-0.595,33.478,34.035,0.556
uk_dubs,uk,dubs,Emory LY,Wake Forest LS,Aff,37.544,37.888,0.344,31.744,31.405,-0.339
uk_dubs,uk,dubs,Emory GH,Texas AF,Aff,39.982,40.093,0.111,31.159,30.96,-0.199
uk_dubs,uk,dubs,Dartmouth CG,Northwestern DR,Neg,27.93,27.346,-0.585,30.787,31.361,0.574
uk_dubs,uk,dubs,Michigan ES (Esmailzadeh/Sharma),UTD KP,Neg,28.98,28.309,-0.671,30.853,31.487,0.634
uk_octas,uk,octas,UTD KP,Kansas MR,Neg,31.487,31.402,-0.085,43.308,43.366,0.058
uk_octas,uk,octas,Northwestern DR,Michigan State GL,Aff,31.361,32.709,1.348,36.76,35.898,-0.863
uk_octas,uk,octas,Emory GH,Kansas LS,Aff,40.093,40.352,0.259,35.911,35.461,-0.45
uk_octas,uk,octas,Michigan BP,Emory LY,Neg,39.469,38.89,-0.579,37.888,38.792,0.905
uk_octas,uk,octas,Emory CP,Kentucky AM,Neg,34.035,33.457,-0.577,35.893,36.442,0.549
uk_octas,uk,octas,Kentucky GS,Emory KP,Aff,28.989,30.061,1.071,32.804,31.753,-1.05
uk_octas,uk,octas,Binghamton CT,Georgetown CS,Aff,36.998,37.361,0.362,32.092,31.452,-0.64
uk_octas,uk,octas,Dartmouth BC,Michigan State MM,Aff,39.047,39.275,0.228,33.535,33.211,-0.324
uk_quarters,uk,quarters,Dartmouth BC,Kansas MR,Neg,39.275,38.995,-0.28,43.366,43.66,0.294
uk_quarters,uk,quarters,Binghamton CT,Northwestern DR,Neg,37.361,36.262,-1.099,32.709,33.817,1.108
uk_quarters,uk,quarters,Kentucky GS,Emory GH,Neg,30.061,29.953,-0.108,40.352,40.423,0.072
uk_quarters,uk,quarters,Kentucky AM,Emory LY,Neg,36.442,35.962,-0.48,38.792,39.295,0.503
uk_semis,uk,semis,Kansas MR,Emory LY,Aff,43.66,43.926,0.267,39.295,38.946,-0.349
uk_semis,uk,semis,Northwestern DR,Emory GH,Neg,33.817,33.584,-0.233,40.423,40.583,0.16
uk_finals,uk,finals,Kansas MR,Emory GH,Neg,43.926,43.229,-0.697,40.583,41.214,0.631
harvard_1,harvard,1,Liberty CS,Michigan BP,Neg,27.066,26.855,-0.211,38.89,38.949,0.059
harvard_1,harvard,1,Rochester OR,Northwestern PS,Neg,25.0,22.163,-2.837,31.962,32.219,0.257
harvard_1,harvard,1,Iowa BW,Wake Forest LS,Neg,25.35,24.989,-0.361,31.405,31.711,0.306
harvard_1,harvard,1,Southern California CS,Kansas LS,Neg,21.588,21.45,-0.139,35.461,35.522,0.061
harvard_1,harvard,1,UTD HR,Kentucky RS,Aff,26.049,26.857,0.808,27.125,25.735,-1.39
harvard_1,harvard,1,UTD KP,Wichita State GM,Aff,31.402,31.444,0.042,16.825,16.77,-0.055
harvard_1,harvard,1,Georgetown CS,UTD KS,Aff,31.452,31.981,0.529,25.985,25.568,-0.417
harvard_1,harvard,1,Dartmouth BC,Northwestern HL,Aff,38.995,39.062,0.067,25.0,23.818,-1.182
harvard_1,harvard,1,Dartmouth CG,Indiana FM,Aff,27.346,27.365,0.019,8.907,8.861,-0.046
harvard_1,harvard,1,Emory GH,Georgetown PV,Aff,41.214,41.254,0.04,27.822,27.572,-0.25
harvard_1,harvard,1,Emory KP,Stanford LL,Aff,31.753,31.984,0.23,25.0,22.098,-2.902
harvard_1,harvard,1,Liberty LT,Wake Forest BW,Neg,25.0,21.296,-3.704,29.036,29.706,0.67
harvard_1,harvard,1,UC Berkeley BT,Houston TY,Aff,34.748,34.927,0.178,23.116,22.919,-0.197
harvard_1,harvard,1,Michigan SS,Samford RP,Aff,30.056,30.383,0.327,25.0,21.574,-3.426
harvard_1,harvard,1,Trinity KP,Kansas MR,Neg,25.0,24.405,-0.595,43.229,43.261,0.031
harvard_1,harvard,1,Northwestern DR,Houston KS,Aff,33.584,33.632,0.048,20.408,20.341,-0.067
harvard_1,harvard,1,Michigan BD,Iowa AP,Neg,25.0,22.421,-2.579,32.833,33.213,0.38
harvard_1,harvard,1,James Madison CP,Emory CP,Neg,21.665,21.457,-0.208,33.457,33.548,0.091
harvard_1,harvard,1,Georgetown GZ,Dartmouth GR,Aff,25.0,29.205,4.205,25.0,20.795,-4.205
harvard_1,harvard,1,Northwestern AL (Arney/Lundberg),Kentucky GS,Neg,27.589,26.995,-0.593,29.953,30.425,0.472
harvard_1,harvard,1,Michigan ES (Esmailzadeh/Sharma),Southern California MT,Aff,28.309,28.7,0.391,25.0,20.983,-4.017
harvard_1,harvard,1,Binghamton CT,UC Berkeley MR,Aff,36.262,36.386,0.124,26.306,26.023,-0.283
harvard_1,harvard,1,James Madison MO,NYU MS,Neg,21.116,19.902,-1.214,24.362,25.31,0.949
harvard_1,harvard,1,Binghamton KT,Michigan State MM,Neg,25.0,22.517,-2.483,33.211,33.416,0.205
harvard_1,harvard,1,Texas AF,Navy LS,Aff,30.96,31.269,0.308,25.0,21.862,-3.138
harvard_1,harvard,1,Navy CR,Wake Forest BM,Neg,26.349,25.421,-0.927,32.307,32.603,0.296
harvard_1,harvard,1,Georgia IP,Kansas AB,Neg,30.35,28.132,-2.218,23.182,25.71,2.528
harvard_1,harvard,1,Harvard GY,James Madison BR,Aff,37.582,37.692,0.11,26.766,26.44,-0.326
harvard_1,harvard,1,Michigan AO,Kansas WW,Neg,21.441,21.284,-0.157,31.612,31.743,0.131
harvard_1,harvard,1,Michigan SaSh,Emory LY,Neg,25.0,23.802,-1.198,38.946,39.033,0.087
harvard_1,harvard,1,Cal State Fullerton WM,Michigan State GL,Neg,22.112,21.973,-0.139,35.898,35.935,0.038
harvard_1,harvard,1,Emory GY,Dartmouth BJ,Aff,28.302,28.492,0.19,18.871,18.676,-0.194
harvard_1,harvard,1,CSU Long Beach OM,UC Berkeley SU,Aff,33.793,33.931,0.138,25.0,22.674,-2.326
harvard_1,harvard,1,Binghamton CN,Kansas HW,Neg,25.0,21.819,-3.181,30.828,31.123,0.295
harvard_1,harvard,1,Kentucky AM,Dartmouth GK,Aff,35.962,36.095,0.133,25.0,23.206,-1.794
harvard_1,harvard,1,Arizona State SS,Wake Forest EP,Neg,19.114,18.805,-0.308,30.36,30.49,0.13
harvard_1,harvard,1,Emory MR,Southern California BR,Aff,32.055,32.187,0.132,21.175,20.875,-0.3
harvard_1,harvard,1,Minnesota UW,George Mason RW,Neg,25.0,22.007,-2.993,31.417,31.749,0.331
harvard_1,harvard,1,George Mason DF,Wichita State MW,Neg,26.811,25.315,-1.497,19.926,21.708,1.782
harvard_2,harvard,2,Indiana FM,Liberty CS,Neg,8.861,8.796,-0.065,26.855,26.908,0.053
harvard_2,harvard,2,Northwestern PS,Emory GH,Neg,32.219,32.059,-0.16,41.254,41.341,0.087
harvard_2,harvard,2,Stanford LL,Iowa BW,Neg,22.098,18.952,-3.146,24.989,25.44,0.451
harvard_2,harvard,2,Kansas LS,Michigan SS,Neg,35.522,34.331,-1.191,30.383,31.624,1.24
harvard_2,harvard,2,Houston TY,UTD HR,Neg,22.919,22.177,-0.742,26.857,27.262,0.405
harvard_2,harvard,2,Kansas MR,UTD KP,Aff,43.261,43.308,0.047,31.444,31.363,-0.081
harvard_2,harvard,2,UTD KS,Liberty LT,Aff,25.568,25.981,0.412,21.296,18.645,-2.651
harvard_2,harvard,2,Wake Forest CS,Dartmouth BC,Neg,27.824,27.726,-0.099,39.062,39.122,0.06
harvard_2,harvard,2,Northwestern HL,Cornell DL,Aff,23.818,27.694,3.876,25.0,20.312,-4.688
harvard_2,harvard,2,Michigan BP,Dartmouth CG,Aff,38.949,39.002,0.053,27.365,27.27,-0.095
harvard_2,harvard,2,Georgetown PV,Rochester OR,Aff,27.572,28.532,0.961,22.163,19.789,-2.374
harvard_2,harvard,2,Wake Forest LS,Emory KP,Aff,31.711,32.435,0.724,31.984,31.33,-0.654
harvard_2,harvard,2,Wake Forest BW,Georgetown CS,Neg,29.706,28.731,-0.974,31.981,32.729,0.748
harvard_2,harvard,2,Kentucky RS,UC Berkeley BT,Neg,25.735,25.466,-0.269,34.927,35.206,0.279
harvard_2,harvard,2,Samford RP,Southern California CS,Aff,21.574,25.364,3.79,21.45,20.337,-1.113
harvard_2,harvard,2,Wichita State GM,Trinity KP,Aff,16.77,17.819,1.049,24.405,16.37,-8.035
harvard_2,harvard,2,Iowa AP,Northwestern DR,Neg,33.213,32.152,-1.062,33.632,34.177,0.545
harvard_2,harvard,2,Houston KS,Michigan BD,Neg,20.341,19.855,-0.486,22.421,25.921,3.501
harvard_2,harvard,2,Dartmouth GR,James Madison CP,Neg,20.795,16.862,-3.933,21.457,22.411,0.954
harvard_2,harvard,2,Emory CP,Georgetown GZ,Aff,33.548,33.863,0.315,29.205,26.326,-2.88
harvard_2,harvard,2,Southern California MT,Northwestern AL (Arney/Lundberg),Neg,20.983,18.868,-2.115,26.995,27.292,0.297
harvard_2,harvard,2,Kentucky GS,Michigan ES (Esmailzadeh/Sharma),Neg,30.425,29.698,-0.726,28.7,29.628,0.927
harvard_2,harvard,2,NYU MS,Binghamton CT,Aff,25.31,28.631,3.321,36.386,34.973,-1.412
harvard_2,harvard,2,UC Berkeley MR,James Madison MO,Aff,26.023,26.57,0.547,19.902,19.181,-0.721
harvard_2,harvard,2,Navy LS,Binghamton KT,Neg,21.862,18.697,-3.166,22.517,25.848,3.331
harvard_2,harvard,2,Michigan State MM,Texas AF,Aff,33.416,33.915,0.499,31.269,30.679,-0.59
harvard_2,harvard,2,Kansas AB,Navy CR,Neg,25.71,24.565,-1.144,25.421,27.117,1.696
harvard_2,harvard,2,Wake Forest BM,Georgia IP,Neg,32.603,31.599,-1.004,28.132,29.855,1.722
harvard_2,harvard,2,Kansas WW,Harvard GY,Aff,31.743,33.002,1.259,37.692,36.575,-1.117
harvard_2,harvard,2,James Madison BR,Michigan AO,Neg,26.44,23.907,-2.533,21.284,22.494,1.21
harvard_2,harvard,2,Gonzaga DW,Michigan SaSh,Neg,27.071,26.294,-0.777,23.802,29.649,5.846
harvard_2,harvard,2,Dartmouth BJ,Cal State Fullerton WM,Neg,18.676,18.148,-0.529,21.973,22.99,1.017
harvard_2,harvard,2,Michigan State GL,Emory GY,Aff,35.935,36.082,0.146,28.492,28.225,-0.267
harvard_2,harvard,2,Kansas HW,CSU Long Beach OM,Neg,31.123,30.608,-0.515,33.931,34.264,0.333
harvard_2,harvard,2,UC Berkeley SU,Binghamton CN,Aff,22.674,25.987,3.314,21.819,18.715,-3.104
harvard_2,harvard,2,Wake Forest EP,Kentucky AM,Neg,30.49,30.138,-0.352,36.095,36.362,0.267
harvard_2,harvard,2,Dartmouth GK,Arizona State SS,Aff,23.206,26.081,2.875,18.805,17.991,-0.815
harvard_2,harvard,2,George Mason RW,Emory MR,Neg,31.749,30.939,-0.81,32.187,32.884,0.697
harvard_2,harvard,2,Southern California BR,Minnesota UW,Aff,20.875,22.113,1.238,22.007,17.711,-4.295
harvard_2,harvard,2,Emory LY,George Mason DF,Aff,39.033,39.072,0.039,25.315,25.266,-0.049
harvard_3,harvard,3,Trinity KP,Dartmouth GR,Neg,16.37,13.816,-2.554,16.862,19.498,2.636
harvard_3,harvard,3,Northwestern PS,James Madison CP,Neg,32.059,30.588,-1.47,22.411,25.295,2.883
harvard_3,harvard,3,Georgetown GZ,Iowa BW,Aff,26.326,29.363,3.038,25.44,24.884,-0.556
harvard_3,harvard,3,Michigan State GL,Cornell DL,Aff,36.082,36.123,0.042,20.312,19.768,-0.544
harvard_3,harvard,3,Kentucky AM,UTD HR,Aff,36.362,36.488,0.126,27.262,27.115,-0.148
harvard_3,harvard,3,UTD KP,Northwestern AL (Arney/Lundberg),Neg,31.363,30.289,-1.074,27.292,28.373,1.08
harvard_3,harvard,3,Liberty CS,UTD KS,Neg,26.908,25.37,-1.538,25.981,26.811,0.83
harvard_3,harvard,3,Dartmouth BJ,Wake Forest CS,Aff,18.148,19.966,1.819,27.726,26.059,-1.667
harvard_3,harvard,3,Wichita State MW,Michigan SS,Neg,21.708,21.546,-0.163,31.624,31.752,0.129
harvard_3,harvard,3,Michigan ES (Esmailzadeh/Sharma),Emory GH,Neg,29.628,29.55,-0.078,41.341,41.384,0.043
harvard_3,harvard,3,George Mason DF,Binghamton CN,Aff,25.266,25.541,0.275,18.715,17.063,-1.652
harvard_3,harvard,3,Dartmouth BC,Emory CP,Aff,39.122,39.336,0.214,33.863,33.557,-0.306
harvard_3,harvard,3,CSU Long Beach OM,Wake Forest LS,Aff,34.264,34.631,0.367,32.435,31.914,-0.521
harvard_3,harvard,3,Michigan State MM,Emory MR,Aff,33.915,34.459,0.544,32.884,32.272,-0.612
harvard_3,harvard,3,Michigan BP,Georgetown CS,Neg,39.002,38.202,-0.8,32.729,34.49,1.761
harvard_3,harvard,3,Northwestern DR,Kansas MR,Neg,34.177,34.058,-0.119,43.308,43.399,0.091
harvard_3,harvard,3,Kansas WW,Emory LY,Aff,33.002,34.163,1.161,39.072,38.001,-1.071
harvard_3,harvard,3,Stanford LL,Binghamton CT,Neg,18.952,18.67,-0.282,34.973,35.013,0.04
harvard_3,harvard,3,Iowa AP,Kansas AB,Aff,32.152,32.475,0.323,24.565,24.201,-0.364
harvard_3,harvard,3,Navy CR,Emory GY,Neg,27.117,25.833,-1.284,28.225,28.87,0.645
harvard_3,harvard,3,Wake Forest BW,Michigan SaSh,Aff,28.731,29.742,1.011,29.649,26.327,-3.322
harvard_3,harvard,3,Samford RP,Harvard GY,Aff,25.364,32.177,6.813,36.575,35.554,-1.021
harvard_3,harvard,3,Georgetown PV,Wake Forest EP,Neg,28.532,26.97,-1.563,30.138,30.688,0.55
harvard_3,harvard,3,Georgia IP,Kansas HW,Aff,29.855,30.9,1.045,30.608,29.888,-0.72
harvard_3,harvard,3,Cal State Fullerton WM,UC Berkeley SU,Neg,22.99,22.193,-0.797,25.987,28.521,2.534
harvard_3,harvard,3,Binghamton KT,Southern California BR,Aff,25.848,28.175,2.327,22.113,21.347,-0.766
harvard_3,harvard,3,Kentucky GS,Dartmouth GK,Neg,29.698,29.123,-0.575,26.081,30.808,4.727
harvard_3,harvard,3,Northwestern HL,Gonzaga DW,Aff,27.694,31.039,3.345,26.294,25.745,-0.549
harvard_3,harvard,3,Michigan AO,Texas AF,Aff,22.494,24.071,1.577,30.679,29.187,-1.492
harvard_3,harvard,3,Emory KP,Michigan BD,Aff,31.33,31.588,0.258,25.921,24.145,-1.776
harvard_3,harvard,3,Dartmouth CG,Wake Forest BM,Neg,27.27,26.844,-0.426,31.599,31.941,0.342
harvard_3,harvard,3,UC Berkeley MR,George Mason RW,Aff,26.57,28.345,1.775,30.939,29.799,-1.14
harvard_3,harvard,3,Houston TY,James Madison BR,Neg,22.177,21.316,-0.86,23.907,24.952,1.045
harvard_3,harvard,3,Navy LS,Kentucky RS,Neg,18.697,17.093,-1.603,25.466,25.861,0.395
harvard_3,harvard,3,Wichita State GM,Kansas LS,Neg,17.819,17.793,-0.026,34.331,34.349,0.019
harvard_3,harvard,3,NYU MS,UC Berkeley BT,Aff,28.631,30.546,1.914,35.206,33.345,-1.861
harvard_3,harvard,3,Liberty LT,James Madison MO,Neg,18.645,15.802,-2.843,19.181,20.31,1.128
harvard_3,harvard,3,Southern California CS,Indiana FM,Aff,20.337,20.573,0.236,8.796,8.496,-0.3
harvard_3,harvard,3,Arizona State SS,Houston KS,Neg,17.991,16.772,-1.218,19.855,20.436,0.581
harvard_3,harvard,3,Minnesota UW,Southern California MT,Aff,17.711,20.535,2.824,18.868,15.928,-2.939
harvard_4,harvard,4,Houston KS,Liberty CS,Neg,20.436,20.073,-0.363,25.37,26.004,0.634
harvard_4,harvard,4,Michigan SS,Dartmouth BC,Neg,31.752,31.552,-0.201,39.336,39.468,0.132
harvard_4,harvard,4,Iowa BW,Northwestern PS,Neg,24.884,24.557,-0.327,30.588,30.865,0.276
harvard_4,harvard,4,Georgetown CS,Michigan State GL,Neg,34.49,33.806,-0.684,36.123,36.489,0.366
harvard_4,harvard,4,UTD HR,Georgetown GZ,Aff,27.115,27.776,0.662,29.363,26.228,-3.135
harvard_4,harvard,4,Cornell DL,UTD KP,Neg,19.768,18.612,-1.156,30.289,30.431,0.142
harvard_4,harvard,4,UTD KS,Michigan ES (Esmailzadeh/Sharma),Aff,26.811,27.809,0.998,29.55,28.647,-0.903
harvard_4,harvard,4,Wake Forest CS,Arizona State SS,Aff,26.059,26.209,0.15,16.772,16.45,-0.322
harvard_4,harvard,4,Indiana FM,Stanford LL,Neg,8.496,8.094,-0.402,18.67,19.522,0.852
harvard_4,harvard,4,Kansas MR,Michigan State MM,Aff,43.399,43.493,0.093,34.459,34.331,-0.129
harvard_4,harvard,4,Emory GH,CSU Long Beach OM,Aff,41.384,41.519,0.136,34.631,34.477,-0.154
harvard_4,harvard,4,Wake Forest BM,Kansas WW,Neg,31.941,31.493,-0.448,34.163,34.6,0.437
harvard_4,harvard,4,Wake Forest EP,NYU MS,Neg,30.688,30.003,-0.685,30.546,31.515,0.97
harvard_4,harvard,4,Northwestern AL (Arney/Lundberg),Kentucky AM,Neg,28.373,28.195,-0.178,36.488,36.64,0.152
harvard_4,harvard,4,Emory CP,Wichita State MW,Aff,33.557,33.624,0.068,21.546,21.454,-0.092
harvard_4,harvard,4,Binghamton CT,Wake Forest BW,Neg,35.013,34.117,-0.896,29.742,31.554,1.812
harvard_4,harvard,4,Kansas AB,Kentucky GS,Neg,24.201,23.668,-0.534,29.123,29.39,0.267
harvard_4,harvard,4,Emory LY,Northwestern HL,Aff,38.001,38.193,0.192,31.039,29.75,-1.288
harvard_4,harvard,4,Emory GY,Michigan AO,Neg,28.87,27.683,-1.188,24.071,25.155,1.084
harvard_4,harvard,4,Wake Forest LS,Georgia IP,Neg,31.914,31.252,-0.662,30.9,31.872,0.972
harvard_4,harvard,4,UC Berkeley BT,Iowa AP,Neg,33.345,32.341,-1.004,32.475,33.473,0.998
harvard_4,harvard,4,UC Berkeley SU,Samford RP,Aff,28.521,31.905,3.383,32.177,29.825,-2.352
harvard_4,harvard,4,James Madison CP,UC Berkeley MR,Neg,25.295,24.58,-0.715,28.345,29.02,0.675
harvard_4,harvard,4,Dartmouth GK,Michigan BP,Neg,30.808,29.816,-0.992,38.202,38.341,0.139
harvard_4,harvard,4,Gonzaga DW,Northwestern DR,Aff,25.745,27.469,1.724,34.058,32.901,-1.157
harvard_4,harvard,4,George Mason RW,Rochester OR,Aff,29.799,29.965,0.166,19.789,18.772,-1.017
harvard_4,harvard,4,Kansas HW,Navy LS,Aff,29.888,29.972,0.084,17.093,16.627,-0.466
harvard_4,harvard,4,Southern California BR,George Mason DF,Aff,21.347,23.282,1.935,25.541,24.551,-0.99
harvard_4,harvard,4,Harvard GY,Minnesota UW,Aff,35.554,35.595,0.041,20.535,20.304,-0.231
harvard_4,harvard,4,Michigan SaSh,Wichita State GM,Aff,26.327,27.142,0.814,17.793,17.541,-0.252
harvard_4,harvard,4,James Madison MO,Georgetown PV,Aff,20.31,22.473,2.163,26.97,24.332,-2.638
harvard_4,harvard,4,Michigan BD,Navy CR,Neg,24.145,22.03,-2.116,25.833,26.745,0.912
harvard_4,harvard,4,Texas AF,Dartmouth BJ,Aff,29.187,29.328,0.14,19.966,19.812,-0.154
harvard_4,harvard,4,Kentucky RS,Dartmouth CG,Aff,25.861,26.96,1.098,26.844,26.069,-0.775
harvard_4,harvard,4,Kansas LS,Emory KP,Aff,34.349,34.808,0.458,31.588,31.188,-0.4
harvard_4,harvard,4,Emory MR,Binghamton KT,Aff,32.272,32.608,0.335,28.175,26.376,-1.799
harvard_4,harvard,4,Dartmouth GR,Southern California CS,Neg,19.498,17.193,-2.305,20.573,21.569,0.997
harvard_4,harvard,4,James Madison BR,Cal State Fullerton WM,Aff,24.952,25.761,0.809,22.193,21.324,-0.868
harvard_4,harvard,4,Southern California MT,Liberty LT,Aff,15.928,18.171,2.242,15.802,13.665,-2.137
harvard_4,harvard,4,Binghamton CN,Houston TY,Neg,17.063,15.315,-1.748,21.316,21.845,0.529
harvard_5,harvard,5,Liberty LT,Binghamton CN,Aff,13.665,15.795,2.13,15.315,12.903,-2.412
harvard_5,harvard,5,Northwestern PS,Liberty CS,Aff,30.865,31.166,0.302,26.004,25.422,-0.582
harvard_5,harvard,5,Georgetown PV,Iowa BW,Neg,24.332,23.048,-1.283,24.557,25.198,0.641
harvard_5,harvard,5,Kansas WW,Iowa AP,Aff,34.6,35.068,0.468,33.473,32.731,-0.742
harvard_5,harvard,5,UTD HR,Michigan SS,Neg,27.776,27.408,-0.368,31.552,31.934,0.382
harvard_5,harvard,5,UTD KP,George Mason RW,Aff,30.431,31.03,0.599,29.965,29.304,-0.661
harvard_5,harvard,5,Michigan State MM,UTD KS,Aff,34.331,34.541,0.211,27.809,27.552,-0.257
harvard_5,harvard,5,Kansas AB,Wake Forest CS,Aff,23.668,24.915,1.248,26.209,25.397,-0.812
harvard_5,harvard,5,Michigan State GL,Kansas MR,Neg,36.489,36.345,-0.144,43.493,43.631,0.139
harvard_5,harvard,5,Emory GH,Kentucky AM,Aff,41.519,41.708,0.188,36.64,36.366,-0.273
harvard_5,harvard,5,NYU MS,Dartmouth BC,Aff,31.515,33.354,1.838,39.468,38.581,-0.888
harvard_5,harvard,5,CSU Long Beach OM,Wake Forest BW,Aff,34.477,34.763,0.286,31.554,30.904,-0.65
harvard_5,harvard,5,Minnesota UW,Dartmouth BJ,Aff,20.304,22.59,2.286,19.812,19.264,-0.549
harvard_5,harvard,5,Emory MR,UC Berkeley MR,Neg,32.608,31.738,-0.87,29.02,30.371,1.351
harvard_5,harvard,5,Michigan BP,Emory CP,Neg,38.341,37.659,-0.682,33.624,34.636,1.011
harvard_5,harvard,5,Michigan AO,Emory LY,Neg,25.155,25.108,-0.047,38.193,38.233,0.04
harvard_5,harvard,5,Binghamton CT,Southern California MT,Neg,34.117,32.756,-1.36,18.171,24.797,6.627
harvard_5,harvard,5,James Madison BR,Northwestern DR,Neg,25.761,25.385,-0.377,32.901,33.07,0.169
harvard_5,harvard,5,Wake Forest BM,Kentucky GS,Aff,31.493,31.923,0.43,29.39,28.99,-0.4
harvard_5,harvard,5,Navy CR,Wake Forest LS,Neg,26.745,26.093,-0.652,31.252,31.547,0.295
harvard_5,harvard,5,UC Berkeley BT,Wichita State MW,Neg,32.341,30.263,-2.079,21.454,23.402,1.948
harvard_5,harvard,5,James Madison MO,Emory GY,Neg,22.473,21.902,-0.571,27.683,27.998,0.315
harvard_5,harvard,5,Samford RP,Northwestern AL (Arney/Lundberg),Neg,29.825,27.738,-2.087,28.195,28.859,0.664
harvard_5,harvard,5,Kentucky RS,Michigan ES (Esmailzadeh/Sharma),Neg,26.96,26.237,-0.723,28.647,29.143,0.497
harvard_5,harvard,5,Michigan SaSh,Southern California BR,Neg,27.142,24.19,-2.952,23.282,24.632,1.35
harvard_5,harvard,5,Binghamton KT,James Madison CP,Neg,26.376,23.723,-2.653,24.58,25.571,0.991
harvard_5,harvard,5,Dartmouth GK,Kansas HW,Neg,29.816,27.687,-2.129,29.972,30.502,0.529
harvard_5,harvard,5,Texas AF,Harvard GY,Aff,29.328,30.5,1.173,35.595,34.593,-1.002
harvard_5,harvard,5,Wake Forest EP,Georgetown GZ,Aff,30.003,30.368,0.365,26.228,24.963,-1.265
harvard_5,harvard,5,Gonzaga DW,Emory KP,Aff,27.469,28.526,1.057,31.188,30.388,-0.8
harvard_5,harvard,5,Rochester OR,Cal State Fullerton WM,Aff,18.772,22.344,3.573,21.324,20.183,-1.141
harvard_5,harvard,5,Dartmouth CG,Trinity KP,Neg,26.069,24.741,-1.328,13.816,20.165,6.35
harvard_5,harvard,5,Houston KS,Wichita State GM,Neg,20.073,19.182,-0.891,17.541,18.639,1.097
harvard_5,harvard,5,Kansas LS,Georgia IP,Aff,34.808,35.222,0.414,31.872,31.337,-0.535
harvard_5,harvard,5,UC Berkeley SU,Georgetown CS,Neg,31.905,30.11,-1.794,33.806,34.337,0.531
harvard_5,harvard,5,Michigan BD,George Mason DF,Aff,22.03,24.744,2.714,24.551,23.841,-0.71
harvard_5,harvard,5,Dartmouth GR,Cornell DL,Aff,17.193,19.17,1.978,18.612,15.184,-3.429
harvard_5,harvard,5,Houston TY,Stanford LL,Neg,21.845,20.875,-0.97,19.522,22.745,3.223
harvard_5,harvard,5,Indiana FM,Navy LS,Neg,8.094,7.619,-0.475,16.627,17.537,0.91
harvard_6,harvard,6,Southern California MT,UC Berkeley BT,Aff,24.797,27.373,2.575,30.263,29.138,-1.125
harvard_6,harvard,6,Michigan ES (Esmailzadeh/Sharma),UTD HR,Neg,29.143,28.423,-0.72,27.408,28.119,0.71
harvard_6,harvard,6,George Mason DF,Arizona State SS,Aff,23.841,24.039,0.198,16.45,16.018,-0.432
harvard_6,harvard,6,Iowa BW,Samford RP,Neg,25.198,24.75,-0.448,27.738,28.817,1.079
harvard_6,harvard,6,Harvard GY,Binghamton KT,Aff,34.593,34.677,0.084,23.723,23.372,-0.352
harvard_6,harvard,6,Wake Forest BW,Texas AF,Neg,30.904,30.006,-0.898,30.5,31.087,0.587
harvard_6,harvard,6,Kentucky AM,CSU Long Beach OM,Aff,36.366,36.8,0.433,34.763,34.422,-0.341
harvard_6,harvard,6,Georgetown GZ,Kentucky RS,Neg,24.963,23.517,-1.447,26.237,26.876,0.639
harvard_6,harvard,6,Wake Forest CS,Binghamton CT,Neg,25.397,25.21,-0.187,32.756,32.91,0.153
harvard_6,harvard,6,George Mason RW,Kansas AB,Aff,29.304,29.655,0.35,24.915,24.447,-0.468
harvard_6,harvard,6,Michigan SS,Michigan State MM,Neg,31.934,31.503,-0.431,34.541,34.93,0.388
harvard_6,harvard,6,Cal State Fullerton WM,Liberty LT,Aff,20.183,20.741,0.559,15.795,14.761,-1.035
harvard_6,harvard,6,Dartmouth BC,Kansas LS,Aff,38.581,38.84,0.259,35.222,34.848,-0.374
harvard_6,harvard,6,Liberty CS,James Madison MO,Aff,25.422,26.059,0.637,21.902,21.24,-0.662
harvard_6,harvard,6,UC Berkeley MR,Kansas WW,Aff,30.371,31.715,1.345,35.068,34.251,-0.817
harvard_6,harvard,6,Northwestern DR,Rochester OR,Aff,33.07,33.159,0.09,22.344,21.856,-0.488
harvard_6,harvard,6,Wake Forest LS,UTD KP,Aff,31.547,32.057,0.51,31.03,30.467,-0.563
harvard_6,harvard,6,Kansas MR,Emory GH,Neg,43.631,43.105,-0.526,41.708,42.182,0.475
harvard_6,harvard,6,Southern California CS,Emory MR,Neg,21.569,21.335,-0.234,31.738,31.842,0.105
harvard_6,harvard,6,Iowa AP,Dartmouth GR,Aff,32.731,32.806,0.076,19.17,18.963,-0.207
harvard_6,harvard,6,Emory GY,Wake Forest EP,Aff,27.998,28.824,0.826,30.368,29.567,-0.801
harvard_6,harvard,6,Wichita State MW,Michigan BP,Neg,23.402,23.366,-0.037,37.659,37.678,0.02
harvard_6,harvard,6,UTD KS,Michigan BD,Aff,27.552,27.975,0.423,24.744,23.522,-1.223
harvard_6,harvard,6,Stanford LL,Dartmouth GK,Aff,22.745,25.611,2.867,27.687,25.327,-2.36
harvard_6,harvard,6,Northwestern AL (Arney/Lundberg),Wake Forest BM,Neg,28.859,28.462,-0.397,31.923,32.275,0.352
harvard_6,harvard,6,Emory LY,NYU MS,Neg,38.233,37.385,-0.848,33.354,34.607,1.254
harvard_6,harvard,6,Emory CP,Michigan State GL,Neg,34.636,34.182,-0.454,36.345,36.689,0.344
harvard_6,harvard,6,Binghamton CN,Dartmouth CG,Neg,12.903,12.591,-0.312,24.741,24.829,0.088
harvard_6,harvard,6,Trinity KP,Michigan SaSh,Aff,20.165,22.588,2.423,24.19,21.97,-2.22
harvard_6,harvard,6,Southern California BR,Michigan AO,Aff,24.632,25.683,1.051,25.108,24.487,-0.621
harvard_6,harvard,6,Kansas HW,Northwestern PS,Neg,30.502,29.952,-0.55,31.166,31.702,0.536
harvard_6,harvard,6,Kentucky GS,Navy CR,Neg,28.99,28.35,-0.641,26.093,27.558,1.465
harvard_6,harvard,6,Georgetown CS,Gonzaga DW,Aff,34.337,34.645,0.309,28.526,28.25,-0.276
harvard_6,harvard,6,Georgia IP,Minnesota UW,Aff,31.337,31.53,0.193,22.59,22.01,-0.58
harvard_6,harvard,6,James Madison CP,UC Berkeley SU,Neg,25.571,25.102,-0.469,30.11,31.161,1.05
harvard_6,harvard,6,Cornell DL,Georgetown PV,Neg,15.184,14.172,-1.011,23.048,23.43,0.382
harvard_6,harvard,6,Dartmouth BJ,Houston KS,Neg,19.264,18.608,-0.655,19.182,19.826,0.644
harvard_6,harvard,6,Emory KP,James Madison BR,Aff,30.388,30.634,0.246,25.385,24.876,-0.509
harvard_6,harvard,6,Navy LS,Houston TY,Neg,17.537,15.941,-1.596,20.875,21.398,0.523
harvard_7,harvard,7,Emory GH,NYU MS,Aff,42.182,42.286,0.104,34.607,34.401,-0.206
harvard_7,harvard,7,UC Berkeley MR,Kansas MR,Neg,31.715,31.624,-0.091,43.105,43.151,0.046
harvard_7,harvard,7,Kansas WW,Kentucky AM,Neg,34.251,33.902,-0.349,36.8,37.156,0.356
harvard_7,harvard,7,Michigan State GL,Dartmouth BC,Aff,36.689,37.223,0.535,38.84,38.323,-0.517
harvard_7,harvard,7,Georgetown CS,Michigan State MM,Aff,34.645,35.356,0.711,34.93,34.398,-0.532
harvard_7,harvard,7,Stanford LL,CSU Long Beach OM,Neg,25.611,25.136,-0.475,34.422,34.52,0.098
harvard_7,harvard,7,Kansas LS,Southern California BR,Aff,34.848,34.968,0.121,25.683,25.482,-0.201
harvard_7,harvard,7,UC Berkeley SU,Michigan SS,Neg,31.161,29.601,-1.56,31.503,31.999,0.496
harvard_7,harvard,7,Emory CP,Iowa AP,Aff,34.182,34.617,0.435,32.806,32.159,-0.647
harvard_7,harvard,7,UTD HR,Emory LY,Neg,28.119,28.008,-0.111,37.385,37.484,0.099
harvard_7,harvard,7,Emory MR,Texas AF,Neg,31.842,31.223,-0.62,31.087,31.678,0.591
harvard_7,harvard,7,Emory GY,Michigan BP,Aff,28.824,30.189,1.365,37.678,36.784,-0.894
harvard_7,harvard,7,Wake Forest BM,Northwestern PS,Neg,32.275,31.732,-0.543,31.702,32.291,0.589
harvard_7,harvard,7,Georgia IP,Northwestern DR,Neg,31.53,30.949,-0.581,33.159,33.552,0.393
harvard_7,harvard,7,Wake Forest LS,UTD KS,Aff,32.057,32.346,0.289,27.975,27.62,-0.355
harvard_7,harvard,7,Trinity KP,Michigan AO,Neg,22.588,21.328,-1.26,24.487,24.905,0.418
harvard_7,harvard,7,Binghamton CT,Wichita State GM,Aff,32.91,32.935,0.025,18.639,18.597,-0.041
harvard_7,harvard,7,Southern California MT,Wake Forest BW,Neg,27.373,26.437,-0.935,30.006,30.536,0.529
harvard_7,harvard,7,Liberty CS,Kentucky RS,Neg,26.059,25.214,-0.844,26.876,27.544,0.669
harvard_7,harvard,7,Navy CR,Emory KP,Neg,27.558,26.924,-0.634,30.634,30.952,0.318
harvard_7,harvard,7,Michigan ES (Esmailzadeh/Sharma),Samford RP,Aff,28.423,28.959,0.535,28.817,27.469,-1.348
harvard_7,harvard,7,Southern California CS,UTD KP,Neg,21.335,21.058,-0.276,30.467,30.593,0.126
harvard_7,harvard,7,Harvard GY,Wichita State MW,Aff,34.677,34.738,0.061,23.366,23.276,-0.089
harvard_7,harvard,7,George Mason RW,Gonzaga DW,Aff,29.655,30.171,0.516,28.25,27.733,-0.517
harvard_7,harvard,7,Northwestern AL (Arney/Lundberg),Wake Forest EP,Neg,28.462,27.97,-0.491,29.567,30.068,0.501
harvard_7,harvard,7,James Madison CP,Kansas HW,Neg,25.102,24.666,-0.436,29.952,30.229,0.278
harvard_7,harvard,7,UC Berkeley BT,Georgetown PV,Aff,29.138,29.438,0.301,23.43,22.93,-0.5
harvard_7,harvard,7,Rochester OR,Michigan SaSh,Neg,21.856,19.924,-1.932,21.97,23.256,1.286
harvard_7,harvard,7,James Madison MO,Houston KS,Aff,21.24,22.061,0.82,19.826,19.341,-0.484
harvard_7,harvard,7,Houston TY,Georgetown GZ,Neg,21.398,20.795,-0.604,23.517,24.63,1.113
harvard_7,harvard,7,Dartmouth GK,Kansas AB,Aff,25.327,26.663,1.336,24.447,23.786,-0.661
harvard_7,harvard,7,Dartmouth GR,Michigan BD,Aff,18.963,21.49,2.527,23.522,21.545,-1.977
harvard_7,harvard,7,James Madison BR,George Mason DF,Aff,24.876,25.717,0.841,24.039,23.521,-0.518
harvard_7,harvard,7,Iowa BW,Minnesota UW,Aff,24.75,25.155,0.405,22.01,20.722,-1.288
harvard_7,harvard,7,Binghamton KT,Cal State Fullerton WM,Neg,23.372,21.215,-2.157,20.741,21.868,1.126
harvard_7,harvard,7,Dartmouth CG,Kentucky GS,Neg,24.829,24.446,-0.383,28.35,28.638,0.288
harvard_7,harvard,7,Dartmouth BJ,Arizona State SS,Aff,18.608,19.025,0.416,16.018,15.171,-0.847
harvard_7,harvard,7,Cornell DL,Liberty LT,Neg,14.172,12.118,-2.054,14.761,16.052,1.291
harvard_7,harvard,7,Navy LS,Binghamton CN,Neg,15.941,13.551,-2.39,12.591,14.787,2.195
harvard_7,harvard,7,Indiana FM,Wake Forest CS,Neg,7.619,7.58,-0.038,25.21,25.224,0.014
harvard_8,harvard,8,Kentucky GS,Liberty CS,Aff,28.638,28.915,0.277,25.214,24.664,-0.55
harvard_8,harvard,8,Arizona State SS,Cornell DL,Aff,15.171,15.832,0.661,12.118,10.78,-1.338
harvard_8,harvard,8,Binghamton CN,Emory GH,Neg,14.787,14.786,-0.001,42.286,42.286,0.0
harvard_8,harvard,8,Texas AF,Michigan ES (Esmailzadeh/Sharma),Neg,31.678,30.99,-0.688,28.959,29.667,0.708
harvard_8,harvard,8,Kansas HW,UTD HR,Neg,30.229,29.539,-0.69,28.008,28.693,0.684
harvard_8,harvard,8,UTD KP,Iowa BW,Aff,30.593,30.839,0.246,25.155,24.885,-0.27
harvard_8,harvard,8,UTD KS,Stanford LL,Aff,27.62,28.019,0.399,25.136,23.965,-1.171
harvard_8,harvard,8,Wake Forest CS,Dartmouth CG,Aff,25.224,25.745,0.522,24.446,23.918,-0.528
harvard_8,harvard,8,Kansas MR,Georgetown CS,Aff,43.151,43.259,0.108,35.356,35.176,-0.18
harvard_8,harvard,8,NYU MS,Emory GY,Aff,34.401,34.769,0.368,30.189,29.892,-0.297
harvard_8,harvard,8,CSU Long Beach OM,George Mason RW,Aff,34.52,34.731,0.211,30.171,29.855,-0.317
harvard_8,harvard,8,Dartmouth BC,Harvard GY,Aff,38.323,38.552,0.229,34.738,34.437,-0.301
harvard_8,harvard,8,Michigan State MM,Wake Forest LS,Neg,34.398,33.774,-0.624,32.346,32.971,0.625
harvard_8,harvard,8,Emory LY,UC Berkeley MR,Aff,37.484,37.684,0.199,31.624,31.316,-0.308
harvard_8,harvard,8,Michigan SS,Emory CP,Aff,31.999,32.729,0.73,34.617,33.948,-0.669
harvard_8,harvard,8,Northwestern DR,Kansas WW,Aff,33.552,34.043,0.491,33.902,33.413,-0.489
harvard_8,harvard,8,Kentucky AM,Michigan State GL,Aff,37.156,37.641,0.485,37.223,36.828,-0.395
harvard_8,harvard,8,Michigan BP,Dartmouth GR,Aff,36.784,36.802,0.018,21.49,21.409,-0.081
harvard_8,harvard,8,Wake Forest BW,Trinity KP,Aff,30.536,30.705,0.169,21.328,20.993,-0.336
harvard_8,harvard,8,Michigan AO,Southern California MT,Aff,24.905,25.514,0.609,26.437,25.063,-1.374
harvard_8,harvard,8,Iowa AP,UC Berkeley SU,Neg,32.159,31.315,-0.845,29.601,31.361,1.76
harvard_8,harvard,8,Southern California BR,Georgia IP,Aff,25.482,26.933,1.452,30.949,29.858,-1.091
harvard_8,harvard,8,Kentucky RS,Wake Forest BM,Aff,27.544,28.648,1.103,31.732,31.006,-0.727
harvard_8,harvard,8,Emory KP,Binghamton CT,Neg,30.952,30.585,-0.367,32.935,33.307,0.372
harvard_8,harvard,8,Wake Forest EP,Emory MR,Aff,30.068,30.689,0.62,31.223,30.617,-0.606
harvard_8,harvard,8,Gonzaga DW,Dartmouth GK,Neg,27.733,27.127,-0.606,26.663,28.12,1.457
harvard_8,harvard,8,Wichita State MW,Navy CR,Aff,23.276,24.255,0.979,26.924,25.688,-1.236
harvard_8,harvard,8,Georgetown GZ,James Madison BR,Neg,24.63,23.528,-1.102,25.717,26.415,0.698
harvard_8,harvard,8,Samford RP,James Madison MO,Aff,27.469,28.0,0.531,22.061,21.651,-0.41
harvard_8,harvard,8,Michigan SaSh,Northwestern AL (Arney/Lundberg),Neg,23.256,22.544,-0.712,27.97,28.236,0.266
harvard_8,harvard,8,Cal State Fullerton WM,Southern California CS,Neg,21.868,20.949,-0.919,21.058,22.22,1.162
harvard_8,harvard,8,Wichita State GM,UC Berkeley BT,Neg,18.597,18.485,-0.113,29.438,29.536,0.098
harvard_8,harvard,8,Houston KS,James Madison CP,Neg,19.341,19.083,-0.259,24.666,25.041,0.375
harvard_8,harvard,8,Michigan BD,Indiana FM,Aff,21.545,21.662,0.118,7.58,7.447,-0.133
harvard_8,harvard,8,Northwestern PS,Kansas LS,Neg,32.291,31.932,-0.359,34.968,35.348,0.38
harvard_8,harvard,8,George Mason DF,Dartmouth BJ,Aff,23.521,23.816,0.296,19.025,18.719,-0.306
harvard_8,harvard,8,Kansas AB,Rochester OR,Aff,23.786,24.204,0.418,19.924,18.829,-1.095
harvard_8,harvard,8,Georgetown PV,Binghamton KT,Neg,22.93,21.809,-1.121,21.215,22.862,1.647
harvard_8,harvard,8,Liberty LT,Navy LS,Neg,16.052,14.427,-1.625,13.551,15.497,1.946
harvard_octas,harvard,octas,Michigan BP,Emory GH,Neg,36.802,36.64,-0.162,42.286,42.439,0.153
harvard_octas,harvard,octas,Kansas MR,Northwestern PS,Aff,43.259,43.302,0.043,31.932,31.876,-0.056
harvard_octas,harvard,octas,Kentucky AM,Binghamton CT,Aff,37.641,37.882,0.242,33.307,33.061,-0.246
harvard_octas,harvard,octas,NYU MS,Michigan SS,Neg,34.769,33.982,-0.787,32.729,33.36,0.631
harvard_octas,harvard,octas,Wake Forest LS,CSU Long Beach OM,Neg,32.971,32.599,-0.372,34.731,35.036,0.305
harvard_octas,harvard,octas,Kansas LS,Emory LY,Neg,35.348,34.969,-0.38,37.684,38.027,0.343
harvard_octas,harvard,octas,Dartmouth BC,Michigan State GL,Aff,38.552,38.847,0.295,36.828,36.527,-0.301
harvard_octas,harvard,octas,Georgetown CS,Northwestern DR,Neg,35.176,34.472,-0.704,34.043,34.543,0.5
harvard_quarters,harvard,quarters,Emory GH,Northwestern DR,Neg,42.439,41.695,-0.745,34.543,35.462,0.919
harvard_quarters,harvard,quarters,Kansas MR,Dartmouth BC,Neg,43.302,42.682,-0.62,38.847,39.424,0.577
harvard_quarters,harvard,quarters,Kentucky AM,Emory LY,Aff,37.882,38.325,0.443,38.027,37.569,-0.458
harvard_quarters,harvard,quarters,Michigan SS,CSU Long Beach OM,Aff,33.36,33.948,0.588,35.036,34.587,-0.449
harvard_semis,harvard,semis,Northwestern DR,Michigan SS,Aff,35.462,35.786,0.324,33.948,33.576,-0.372
harvard_semis,harvard,semis,Kentucky AM,Dartmouth BC,Neg,38.325,37.963,-0.363,39.424,39.718,0.293
harvard_semis_2,harvard,semis_2,Kentucky AM,Michigan SS,Neg,37.963,37.33,-0.633,33.576,34.267,0.691
harvard_finals,harvard,finals,Dartmouth BC,Northwestern DR,Aff,39.718,39.902,0.185,35.786,35.569,-0.217
wake_1,wake,1,Kansas MR,George Mason DF,Aff,42.682,42.684,0.003,23.816,23.813,-0.004
wake_1,wake,1,Purdue FH,Southern California BR,Neg,25.0,20.48,-4.52,26.933,27.355,0.422
wake_1,wake,1,Kansas BW,Emory GH,Neg,25.512,25.492,-0.02,41.695,41.703,0.008
wake_1,wake,1,Houston DF,Oklahoma AT,Aff,24.637,25.219,0.582,25.0,19.612,-5.388
wake_1,wake,1,Dartmouth BC,Harvard DS,Aff,39.902,39.919,0.017,24.919,24.818,-0.101
wake_1,wake,1,Trinity MB,Michigan BS (Baba/Simha),Neg,25.0,20.795,-4.205,25.0,29.205,4.205
wake_1,wake,1,Emory OP,Northwestern DR,Neg,24.937,24.807,-0.129,35.569,35.622,0.053
wake_1,wake,1,Southern California CS,Oklahoma DH,Aff,22.22,22.973,0.753,20.82,19.393,-1.428
wake_1,wake,1,Kentucky AM,Wake Forest BH,Aff,37.33,37.364,0.034,24.481,24.332,-0.15
wake_1,wake,1,Kansas HM (Harker/McConnell),Michigan GS,Neg,25.0,20.264,-4.736,26.06,26.911,0.851
wake_1,wake,1,Wake Forest SS,Binghamton CT,Neg,25.0,22.473,-2.527,33.061,33.191,0.131
wake_1,wake,1,Harvard AB,Kansas State AD,Aff,25.491,26.416,0.925,25.0,20.065,-4.935
wake_1,wake,1,Emory LY,Texas KN,Aff,37.569,37.628,0.059,26.3,26.073,-0.227
wake_1,wake,1,UTD DU,Iowa BW,Neg,25.0,19.644,-5.356,24.885,25.252,0.366
wake_1,wake,1,Navy CR,Michigan BP,Neg,25.688,25.582,-0.106,36.64,36.688,0.048
wake_1,wake,1,James Madison BR,UT San Antonio BW,Aff,26.415,26.866,0.451,25.0,20.287,-4.713
wake_1,wake,1,Georgetown CS,Dartmouth GR,Aff,34.472,34.525,0.053,21.409,21.255,-0.153
wake_1,wake,1,Harvard FK,Southern California BrRe,Neg,14.528,14.081,-0.447,24.067,24.27,0.203
wake_1,wake,1,Kansas AB,Minnesota HH,Neg,24.204,23.936,-0.268,30.738,31.469,0.731
wake_1,wake,1,James Madison CP,Navy LS,Aff,25.041,25.205,0.164,15.497,15.17,-0.327
wake_1,wake,1,Kansas LS,George Mason RR,Aff,34.969,34.998,0.03,20.046,19.922,-0.123
wake_1,wake,1,Michigan HL,Gonzaga DW,Neg,25.0,20.519,-4.481,27.127,27.42,0.293
wake_1,wake,1,Wichita State MW,Northwestern PS,Neg,24.255,24.066,-0.189,31.876,32.017,0.141
wake_1,wake,1,Michigan SS,Southern California MZ,Aff,34.267,34.283,0.016,18.517,18.456,-0.061
wake_1,wake,1,Oklahoma SW,Emory ST,Neg,25.0,21.194,-3.806,28.88,29.312,0.432
wake_1,wake,1,Stanford LL,CSU Long Beach OM,Neg,23.965,23.724,-0.24,34.587,34.643,0.056
wake_1,wake,1,Liberty FT,Binghamton CN,Neg,25.0,15.583,-9.417,14.786,16.726,1.94
wake_1,wake,1,Wake Forest LS,Samford GP,Aff,32.599,32.616,0.017,15.977,15.884,-0.093
wake_1,wake,1,Kansas LD,Northwestern AL (Arney/Lundberg),Neg,17.9,17.636,-0.265,28.236,28.326,0.09
wake_1,wake,1,Emory CL,Wake Forest BM,Neg,25.0,21.858,-3.142,31.006,31.172,0.166
wake_1,wake,1,Michigan AO,Cornell DL,Aff,25.514,25.547,0.032,10.78,10.662,-0.118
wake_1,wake,1,Emory CP,Western Kentucky CF,Aff,33.948,34.013,0.065,22.96,22.834,-0.126
wake_1,wake,1,Kansas State RS,UTD HR,Neg,25.0,21.085,-3.915,28.693,28.924,0.231
wake_1,wake,1,Baylor CK,Emory GY,Neg,25.0,21.5,-3.5,29.892,30.107,0.214
wake_1,wake,1,Kansas BS,Liberty CL,Neg,23.334,22.814,-0.521,25.0,29.596,4.596
wake_1,wake,1,Emory MR,Binghamton KT,Aff,30.617,30.763,0.146,22.862,22.467,-0.394
wake_1,wake,1,Missouri State BK (Burns/Kimmerle),UTD KS,Neg,25.0,20.851,-4.149,28.019,28.299,0.28
wake_1,wake,1,Emory TW,NYU MS,Neg,25.0,22.724,-2.276,33.982,34.139,0.157
wake_1,wake,1,UC Berkeley MR,Rochester OR,Aff,31.316,31.395,0.079,18.829,18.638,-0.191
wake_1,wake,1,Kansas WW,Wichita State GM,Aff,33.413,33.431,0.018,18.485,18.454,-0.031
wake_1,wake,1,Macalester HD,Emory KP,Neg,25.0,21.724,-3.276,30.585,30.759,0.174
wake_1,wake,1,Western Kentucky SS,George Mason RW,Neg,19.266,19.117,-0.148,29.855,29.941,0.087
wake_1,wake,1,Dartmouth CG,CSU Long Beach EG,Aff,23.918,24.294,0.376,25.0,19.237,-5.763
wake_1,wake,1,UC Berkeley BT,Trinity KP,Aff,29.536,29.704,0.168,20.993,20.639,-0.353
wake_1,wake,1,Cornell BD,Kentucky RS,Neg,25.0,21.085,-3.915,28.648,28.951,0.303
wake_1,wake,1,Northwestern AZ,Houston AK,Neg,20.933,20.48,-0.454,30.002,30.19,0.188
wake_1,wake,1,Georgia IP,Western Kentucky CS,Aff,29.858,29.889,0.031,15.165,15.114,-0.051
wake_1,wake,1,UTD KP,Cal State Fullerton AM,Aff,30.839,30.931,0.092,20.491,20.226,-0.265
wake_1,wake,1,Wyoming/Towson CC,Baylor DL,Neg,25.0,20.795,-4.205,25.0,29.205,4.205
wake_1,wake,1,Emory FW,Iowa AP,Neg,20.255,20.115,-0.14,31.315,31.409,0.094
wake_1,wake,1,Kansas SH,Wake Forest DS,Aff,25.0,28.272,3.272,19.603,18.996,-0.608
wake_1,wake,1,Kentucky GS,James Madison MO,Aff,28.915,29.052,0.137,21.651,21.377,-0.274
wake_1,wake,1,Northwestern HL,Macalester KP,Neg,29.75,27.38,-2.37,25.0,31.613,6.613
wake_1,wake,1,Michigan State AB,Wake Forest BW,Neg,25.0,21.777,-3.223,30.705,30.982,0.277
wake_1,wake,1,West Georgia FK,Kansas MF,Aff,25.02,26.143,1.123,25.0,19.94,-5.06
wake_1,wake,1,Michigan ES (Esmailzadeh/Shetty),Michigan State JS,Aff,25.0,29.814,4.814,23.882,23.378,-0.505
wake_1,wake,1,Southern Nazarene YH,Wake Forest EP,Aff,25.0,32.841,7.841,30.689,30.216,-0.472
wake_1,wake,1,Michigan State AG,West Georgia DK,Neg,18.592,18.267,-0.324,29.139,29.29,0.15
wake_1,wake,1,Texas AF,Missouri State CR,Aff,30.99,31.167,0.177,25.0,21.855,-3.145
wake_1,wake,1,Michigan State MM,Baylor BL,Aff,33.774,33.901,0.127,25.0,22.669,-2.331
wake_1,wake,1,North Texas JW (Jones/Wofford),Kansas HW,Neg,19.149,18.85,-0.299,29.539,29.627,0.089
wake_1,wake,1,Georgetown PV,Michigan State GL,Neg,21.809,21.764,-0.044,36.527,36.543,0.016
wake_2,wake,2,Liberty CL,Baylor CK,Aff,29.596,31.16,1.564,21.5,19.841,-1.659
wake_2,wake,2,Trinity KP,Cornell BD,Aff,20.639,21.564,0.924,21.085,17.16,-3.925
wake_2,wake,2,Michigan BS (Baba/Simha),Dartmouth BC,Neg,29.205,27.888,-1.318,39.919,39.983,0.064
wake_2,wake,2,George Mason RW,Dartmouth CG,Neg,29.941,28.981,-0.96,24.294,25.236,0.942
wake_2,wake,2,Cornell DL,Emory CL,Neg,10.662,10.295,-0.367,21.858,23.014,1.155
wake_2,wake,2,UTD HR,Emory CP,Neg,28.924,28.692,-0.232,34.013,34.232,0.219
wake_2,wake,2,Wake Forest DS,Emory FW,Neg,18.996,17.838,-1.158,20.115,20.866,0.75
wake_2,wake,2,Iowa BW,Emory LY,Neg,25.252,25.203,-0.048,37.628,37.664,0.036
wake_2,wake,2,UTD KS,Emory MR,Aff,28.299,29.03,0.731,30.763,30.127,-0.637
wake_2,wake,2,Oklahoma DH,Emory OP,Neg,19.393,18.671,-0.722,24.807,25.182,0.375
wake_2,wake,2,Rochester OR,Emory TW,Neg,18.638,17.889,-0.749,22.724,25.585,2.861
wake_2,wake,2,Southern California BrRe,Georgetown CS,Neg,24.27,24.122,-0.148,34.525,34.619,0.094
wake_2,wake,2,Houston AK,Georgia IP,Aff,30.19,30.901,0.711,29.889,29.322,-0.567
wake_2,wake,2,Binghamton CT,Harvard AB,Aff,33.191,33.344,0.153,26.416,25.896,-0.52
wake_2,wake,2,Dartmouth GR,Harvard FK,Aff,21.255,21.786,0.531,14.081,13.458,-0.623
wake_2,wake,2,Emory GH,Houston DF,Aff,41.703,41.71,0.007,25.219,25.198,-0.02
wake_2,wake,2,Binghamton CN,Georgetown PV,Neg,16.726,15.992,-0.735,21.764,22.21,0.445
wake_2,wake,2,Michigan BP,James Madison BR,Aff,36.688,36.75,0.063,26.866,26.728,-0.138
wake_2,wake,2,Minnesota HH,James Madison CP,Aff,31.469,32.143,0.674,25.205,24.916,-0.29
wake_2,wake,2,Navy LS,Kansas AB,Neg,15.17,14.817,-0.353,23.936,24.106,0.17
wake_2,wake,2,Emory GY,Kansas BS,Aff,30.107,30.268,0.161,22.814,22.523,-0.29
wake_2,wake,2,Oklahoma AT,Kansas BW,Neg,19.612,17.612,-1.999,25.492,25.805,0.312
wake_2,wake,2,Wake Forest BH,Kansas HM (Harker/McConnell),Neg,24.332,22.902,-1.43,20.264,25.274,5.01
wake_2,wake,2,Samford GP,Kansas LD,Aff,15.884,18.067,2.183,17.636,16.269,-1.366
wake_2,wake,2,Gonzaga DW,Kansas LS,Neg,27.42,27.262,-0.158,34.998,35.141,0.142
wake_2,wake,2,Southern California BR,Kansas MR,Neg,27.355,27.329,-0.026,42.684,42.697,0.012
wake_2,wake,2,Iowa AP,Kansas SH,Aff,31.409,31.75,0.342,28.272,25.2,-3.073
wake_2,wake,2,Western Kentucky CF,Kansas State RS,Aff,22.834,23.367,0.532,21.085,17.801,-3.285
wake_2,wake,2,Emory KP,Kansas WW,Aff,30.759,31.365,0.605,33.431,32.833,-0.598
wake_2,wake,2,Michigan GS,Kentucky AM,Neg,26.911,26.676,-0.235,37.364,37.425,0.06
wake_2,wake,2,Macalester KP,Kentucky GS,Aff,31.613,34.581,2.968,29.052,28.811,-0.242
wake_2,wake,2,CSU Long Beach OM,Liberty FT,Aff,34.643,34.654,0.012,15.583,15.43,-0.153
wake_2,wake,2,Wichita State GM,Macalester HD,Neg,18.454,18.065,-0.389,21.724,24.678,2.954
wake_2,wake,2,Wake Forest BM,Michigan AO,Aff,31.172,31.361,0.19,25.547,25.325,-0.222
wake_2,wake,2,Wake Forest EP,Michigan ES (Esmailzadeh/Shetty),Neg,30.216,29.844,-0.372,29.814,33.739,3.925
wake_2,wake,2,George Mason RR,Michigan HL,Neg,19.922,18.658,-1.265,20.519,23.906,3.386
wake_2,wake,2,Emory ST,Michigan SS,Neg,29.312,28.867,-0.444,34.283,34.474,0.191
wake_2,wake,2,Kansas MF,Michigan State AB,Neg,19.94,17.222,-2.718,21.777,24.724,2.947
wake_2,wake,2,Missouri State CR,Michigan State AG,Neg,21.855,16.801,-5.054,18.267,19.759,1.492
wake_2,wake,2,Kansas HW,Michigan State MM,Neg,29.627,29.358,-0.27,33.901,34.149,0.248
wake_2,wake,2,Binghamton KT,Missouri State BK (Burns/Kimmerle),Aff,22.467,23.215,0.748,20.851,17.607,-3.244
wake_2,wake,2,UT San Antonio BW,Navy CR,Neg,20.287,18.079,-2.208,25.582,25.908,0.326
wake_2,wake,2,Baylor BL,North Texas JW (Jones/Wofford),Neg,22.669,17.252,-5.416,18.85,20.241,1.392
wake_2,wake,2,Western Kentucky CS,Northwestern AZ,Neg,15.114,14.679,-0.435,20.48,21.252,0.772
wake_2,wake,2,James Madison MO,Northwestern HL,Aff,21.377,22.509,1.132,27.38,23.772,-3.608
wake_2,wake,2,Southern California MZ,Oklahoma SW,Neg,18.456,17.656,-0.8,21.194,24.172,2.978
wake_2,wake,2,George Mason DF,Purdue FH,Aff,23.813,24.095,0.283,20.48,17.702,-2.778
wake_2,wake,2,Northwestern DR,Southern California CS,Aff,35.622,35.653,0.031,22.973,22.892,-0.081
wake_2,wake,2,Michigan State JS,Southern Nazarene YH,Aff,23.378,24.628,1.25,32.841,26.307,-6.534
wake_2,wake,2,Michigan State GL,Stanford LL,Neg,36.543,35.626,-0.917,23.724,27.404,3.68
wake_2,wake,2,West Georgia DK,Texas AF,Aff,29.29,30.275,0.985,31.167,30.604,-0.562
wake_2,wake,2,Harvard DS,Trinity MB,Aff,24.818,25.644,0.826,20.795,17.904,-2.891
wake_2,wake,2,Kentucky RS,UC Berkeley BT,Neg,28.951,28.384,-0.567,29.704,30.272,0.568
wake_2,wake,2,NYU MS,UC Berkeley MR,Aff,34.139,34.529,0.391,31.395,30.922,-0.473
wake_2,wake,2,Texas KN,UTD DU,Neg,26.073,24.373,-1.7,19.644,25.24,5.596
wake_2,wake,2,Baylor DL,UTD KP,Aff,29.205,34.187,4.981,30.931,30.52,-0.411
wake_2,wake,2,Northwestern AL (Arney/Lundberg),Wake Forest LS,Neg,28.326,28.051,-0.275,32.616,32.854,0.238
wake_2,wake,2,Kansas State AD,Wake Forest SS,Neg,20.065,17.491,-2.574,22.473,25.416,2.944
wake_2,wake,2,Wake Forest BW,West Georgia FK,Aff,30.982,31.322,0.34,26.143,25.314,-0.829
wake_2,wake,2,CSU Long Beach EG,Western Kentucky SS,Aff,19.237,22.734,3.496,19.117,18.458,-0.659
wake_2,wake,2,Kansas State SS,Wichita State MW,Neg,25.0,19.316,-5.684,24.066,24.485,0.419
wake_2,wake,2,Cal State Fullerton AM,Wyoming/Towson CC,Neg,20.226,19.323,-0.903,20.795,24.773,3.979
wake_3,wake,3,West Georgia DK,Wake Forest LS,Aff,30.275,31.24,0.965,32.854,32.303,-0.551
wake_3,wake,3,UC Berkeley BT,Northwestern DR,Neg,30.272,30.005,-0.267,35.653,35.812,0.159
wake_3,wake,3,Kansas WW,Iowa BW,Aff,32.833,32.952,0.119,25.203,25.043,-0.16
wake_3,wake,3,Liberty CL,Michigan BP,Neg,31.16,29.303,-1.857,36.75,36.895,0.145
wake_3,wake,3,CSU Long Beach EG,Kansas State SS,Neg,22.734,19.928,-2.805,19.316,23.403,4.087
wake_3,wake,3,Emory GY,Kansas MR,Neg,30.268,30.227,-0.04,42.697,42.725,0.029
wake_3,wake,3,Baylor DL,CSU Long Beach OM,Neg,34.187,31.27,-2.917,34.654,34.912,0.258
wake_3,wake,3,Cornell DL,Kansas State AD,Neg,10.295,9.711,-0.584,17.491,18.917,1.426
wake_3,wake,3,Kansas MF,Baylor BL,Neg,17.222,14.483,-2.738,17.252,19.795,2.543
wake_3,wake,3,Dartmouth BC,Kentucky AM,Aff,39.983,40.205,0.222,37.425,37.164,-0.261
wake_3,wake,3,Emory LY,Wake Forest BM,Aff,37.664,37.819,0.155,31.361,31.201,-0.161
wake_3,wake,3,Michigan State MM,Emory CP,Aff,34.149,34.597,0.447,34.232,33.777,-0.455
wake_3,wake,3,Michigan SS,Wake Forest BW,Aff,34.474,34.723,0.25,31.322,30.886,-0.436
wake_3,wake,3,Macalester KP,UTD KS,Aff,34.581,36.113,1.532,29.03,28.812,-0.218
wake_3,wake,3,Georgetown CS,NYU MS,Aff,34.619,35.162,0.542,34.529,33.998,-0.531
wake_3,wake,3,Iowa AP,Emory KP,Neg,31.75,31.091,-0.659,31.365,31.799,0.434
wake_3,wake,3,Minnesota HH,Houston AK,Neg,32.143,30.549,-1.594,30.901,31.616,0.714
wake_3,wake,3,Emory ST,UTD DU,Aff,28.867,29.327,0.46,25.24,23.499,-1.741
wake_3,wake,3,Southern Nazarene YH,Kentucky GS,Neg,26.307,24.541,-1.766,28.811,29.074,0.263
wake_3,wake,3,Kansas HW,Michigan HL,Aff,29.358,29.56,0.202,23.906,22.299,-1.606
wake_3,wake,3,Binghamton CN,James Madison BR,Neg,15.992,15.764,-0.228,26.728,26.85,0.122
wake_3,wake,3,Binghamton KT,Harvard AB,Neg,23.215,22.469,-0.746,25.896,26.76,0.864
wake_3,wake,3,Southern California BR,Kansas HM (Harker/McConnell),Aff,27.329,27.811,0.482,25.274,23.04,-2.234
wake_3,wake,3,Houston DF,George Mason RW,Neg,25.198,24.693,-0.505,28.981,29.274,0.293
wake_3,wake,3,Georgia IP,Kansas AB,Aff,29.322,29.584,0.262,24.106,23.796,-0.31
wake_3,wake,3,Southern California CS,Stanford LL,Neg,22.892,22.423,-0.469,27.404,27.977,0.573
wake_3,wake,3,George Mason DF,Michigan State AG,Aff,24.095,24.369,0.274,19.759,18.959,-0.801
wake_3,wake,3,Emory FW,Navy CR,Neg,20.866,20.45,-0.416,25.908,26.262,0.354
wake_3,wake,3,Kentucky RS,Northwestern AZ,Aff,28.384,28.581,0.197,21.252,20.738,-0.514
wake_3,wake,3,Emory OP,Wake Forest SS,Neg,25.182,24.606,-0.576,25.416,28.785,3.369
wake_3,wake,3,Wyoming/Towson CC,Michigan State JS,Neg,24.773,21.549,-3.224,24.628,25.231,0.603
wake_3,wake,3,West Georgia FK,Western Kentucky CF,Neg,25.314,23.667,-1.647,23.367,24.283,0.916
wake_3,wake,3,Michigan AO,Michigan State AB,Aff,25.325,25.679,0.354,24.724,21.533,-3.19
wake_3,wake,3,Trinity KP,Michigan GS,Aff,21.564,23.248,1.685,26.676,24.781,-1.895
wake_3,wake,3,Binghamton CT,Kansas LS,Aff,33.344,33.869,0.525,35.141,34.553,-0.588
wake_3,wake,3,Michigan BS (Baba/Simha),Georgetown PV,Aff,27.888,29.941,2.053,22.21,21.85,-0.36
wake_3,wake,3,Emory TW,James Madison CP,Neg,25.585,22.025,-3.56,24.916,25.481,0.565
wake_3,wake,3,UTD HR,Dartmouth GR,Aff,28.692,28.854,0.162,21.786,21.286,-0.5
wake_3,wake,3,Gonzaga DW,Harvard DS,Neg,27.262,26.702,-0.56,25.644,27.42,1.776
wake_3,wake,3,North Texas JW (Jones/Wofford),James Madison MO,Aff,20.241,21.883,1.641,22.509,21.652,-0.857
wake_3,wake,3,Macalester HD,Michigan State GL,Neg,24.678,23.935,-0.743,35.626,35.688,0.062
wake_3,wake,3,Northwestern AL (Arney/Lundberg),Wichita State MW,Aff,28.051,28.345,0.294,24.485,24.117,-0.368
wake_3,wake,3,Texas AF,Emory MR,Neg,30.604,30.132,-0.473,30.127,30.613,0.486
wake_3,wake,3,UTD KP,UC Berkeley MR,Aff,30.52,31.042,0.521,30.922,30.252,-0.67
wake_3,wake,3,Southern California BrRe,Samford GP,Aff,24.122,24.464,0.342,18.067,17.335,-0.732
wake_3,wake,3,Kansas SH,Oklahoma SW,Aff,25.2,27.649,2.449,24.172,21.769,-2.403
wake_3,wake,3,Emory CL,Kansas BW,Aff,23.014,27.466,4.452,25.805,25.103,-0.702
wake_3,wake,3,Kansas BS,Oklahoma AT,Aff,22.523,22.916,0.392,17.612,15.863,-1.749
wake_3,wake,3,Baylor CK,Rochester OR,Aff,19.841,22.623,2.782,17.889,16.99,-0.899
wake_3,wake,3,Missouri State CR,Western Kentucky SS,Aff,16.801,20.151,3.35,18.458,17.682,-0.776
wake_3,wake,3,UT San Antonio BW,Wichita State GM,Neg,18.079,15.064,-3.015,18.065,18.621,0.557
wake_3,wake,3,Navy LS,Southern California MZ,Neg,14.817,13.978,-0.839,17.656,18.522,0.866
wake_3,wake,3,Northwestern HL,Wake Forest DS,Aff,23.772,24.552,0.78,17.838,17.318,-0.52
wake_3,wake,3,Harvard FK,Missouri State BK (Burns/Kimmerle),Neg,13.458,12.644,-0.814,17.607,19.447,1.84
wake_3,wake,3,Kansas State RS,Texas KN,Neg,17.801,16.418,-1.382,24.373,24.869,0.496
wake_3,wake,3,George Mason RR,Cal State Fullerton AM,Aff,18.658,20.248,1.591,19.323,18.125,-1.198
wake_3,wake,3,Purdue FH,Trinity MB,Aff,17.702,20.172,2.471,17.904,14.913,-2.991
wake_3,wake,3,Dartmouth CG,Michigan ES (Esmailzadeh/Shetty),Neg,25.236,25.1,-0.136,33.739,34.687,0.948
wake_3,wake,3,Kansas LD,Cornell BD,Aff,16.269,17.293,1.023,17.16,14.123,-3.037
wake_3,wake,3,Wake Forest BH,Liberty FT,Neg,22.902,21.162,-1.74,15.43,20.908,5.479
wake_3,wake,3,Western Kentucky CS,Wake Forest EP,Neg,14.679,14.642,-0.037,29.844,29.863,0.02
wake_4,wake,4,Wake Forest LS,Emory CL,Aff,32.303,32.49,0.187,27.466,25.975,-1.491
wake_4,wake,4,Northwestern DR,Dartmouth BC,Neg,35.812,35.627,-0.185,40.205,40.365,0.159
wake_4,wake,4,Northwestern PS,Michigan SS,Aff,32.017,32.665,0.648,34.723,34.212,-0.511
wake_4,wake,4,Iowa BW,Binghamton CN,Aff,25.043,25.159,0.116,15.764,15.475,-0.289
wake_4,wake,4,Michigan State JS,Liberty CL,Neg,25.231,24.85,-0.381,29.303,31.045,1.742
wake_4,wake,4,Kansas AB,Binghamton KT,Aff,23.796,24.306,0.51,22.469,21.627,-0.841
wake_4,wake,4,Michigan HL,Baylor DL,Neg,22.299,21.514,-0.785,31.27,32.001,0.731
wake_4,wake,4,Southern California MZ,Houston DF,Neg,18.522,18.038,-0.484,24.693,25.008,0.315
wake_4,wake,4,Emory KP,Georgetown CS,Aff,31.799,32.376,0.577,35.162,34.407,-0.755
wake_4,wake,4,CSU Long Beach OM,Emory LY,Aff,34.912,35.39,0.478,37.819,37.248,-0.571
wake_4,wake,4,Houston AK,Macalester KP,Neg,31.616,31.298,-0.318,36.113,37.535,1.422
wake_4,wake,4,Michigan ES (Esmailzadeh/Shetty),Binghamton CT,Aff,34.687,36.926,2.239,33.869,33.564,-0.305
wake_4,wake,4,Wake Forest BM,UTD HR,Aff,31.201,31.506,0.306,28.854,28.516,-0.339
wake_4,wake,4,NYU MS,North Texas JW (Jones/Wofford),Aff,33.998,34.053,0.055,21.883,21.75,-0.133
wake_4,wake,4,Kentucky AM,Kansas SH,Aff,37.164,37.243,0.079,27.649,26.903,-0.746
wake_4,wake,4,Wake Forest SS,Kentucky RS,Neg,28.785,26.104,-2.681,28.581,29.052,0.471
wake_4,wake,4,UTD KS,Southern California BrRe,Neg,28.812,28.049,-0.763,24.464,25.698,1.234
wake_4,wake,4,Emory CP,UTD KP,Neg,33.777,33.198,-0.578,31.042,31.693,0.651
wake_4,wake,4,Kentucky GS,Trinity KP,Aff,29.074,29.24,0.166,23.248,22.819,-0.43
wake_4,wake,4,Michigan State GL,Northwestern AL (Arney/Lundberg),Neg,35.688,34.99,-0.698,28.345,29.315,0.971
wake_4,wake,4,Stanford LL,Michigan AO,Aff,27.977,28.713,0.736,25.679,25.335,-0.344
wake_4,wake,4,George Mason RW,Michigan BS (Baba/Simha),Aff,29.274,29.675,0.401,29.941,26.724,-3.217
wake_4,wake,4,James Madison BR,Kansas WW,Neg,26.85,26.56,-0.29,32.952,33.11,0.158
wake_4,wake,4,Harvard AB,Minnesota HH,Aff,26.76,28.274,1.515,30.549,28.891,-1.658
wake_4,wake,4,Wake Forest BW,George Mason DF,Aff,30.886,31.115,0.229,24.369,24.186,-0.184
wake_4,wake,4,James Madison CP,Georgia IP,Neg,25.481,25.102,-0.379,29.584,29.886,0.302
wake_4,wake,4,Emory MR,Kansas HW,Neg,30.613,30.122,-0.491,29.56,30.089,0.529
wake_4,wake,4,Western Kentucky CF,Emory GY,Neg,24.283,23.97,-0.312,30.227,30.425,0.198
wake_4,wake,4,Harvard DS,Southern California BR,Neg,27.42,26.229,-1.191,27.811,28.437,0.626
wake_4,wake,4,Navy CR,Emory ST,Aff,26.262,27.191,0.929,29.327,28.26,-1.067
wake_4,wake,4,Liberty FT,Dartmouth CG,Neg,20.908,19.436,-1.472,25.1,25.35,0.249
wake_4,wake,4,Missouri State BK (Burns/Kimmerle),UC Berkeley BT,Neg,19.447,18.876,-0.571,30.005,30.112,0.107
wake_4,wake,4,Michigan GS,Oklahoma DH,Aff,24.781,25.233,0.452,18.671,18.094,-0.577
wake_4,wake,4,Michigan State AG,George Mason RR,Aff,18.959,20.282,1.324,20.248,18.795,-1.453
wake_4,wake,4,Kansas LS,Iowa AP,Neg,34.553,33.91,-0.643,31.091,31.939,0.847
wake_4,wake,4,Oklahoma SW,Missouri State CR,Aff,21.769,23.76,1.991,20.151,18.489,-1.662
wake_4,wake,4,UC Berkeley MR,Emory FW,Aff,30.252,30.363,0.11,20.45,20.299,-0.151
wake_4,wake,4,Samford GP,West Georgia FK,Aff,17.335,19.761,2.426,23.667,21.768,-1.9
wake_4,wake,4,Kansas BW,Baylor CK,Aff,25.103,25.545,0.442,22.623,20.515,-2.108
wake_4,wake,4,Wichita State MW,Gonzaga DW,Neg,24.117,23.714,-0.403,26.702,27.051,0.349
wake_4,wake,4,Georgetown PV,Purdue FH,Aff,21.85,22.428,0.579,20.172,18.116,-2.057
wake_4,wake,4,Kansas MR,Michigan State MM,Aff,42.725,42.815,0.089,34.597,34.491,-0.106
wake_4,wake,4,Texas KN,Kansas LD,Aff,24.869,25.263,0.394,17.293,16.939,-0.353
wake_4,wake,4,Kansas State AD,Southern California CS,Neg,18.917,17.031,-1.886,22.423,22.886,0.463
wake_4,wake,4,James Madison MO,Southern Nazarene YH,Aff,21.652,22.435,0.783,24.541,22.061,-2.48
wake_4,wake,4,Michigan State AB,Northwestern HL,Neg,21.533,19.781,-1.753,24.552,25.51,0.958
wake_4,wake,4,Michigan BP,West Georgia DK,Neg,36.895,36.286,-0.609,31.24,32.422,1.181
wake_4,wake,4,Dartmouth GR,Wyoming/Towson CC,Aff,21.286,22.347,1.061,21.549,19.149,-2.401
wake_4,wake,4,Kansas HM (Harker/McConnell),Emory TW,Aff,23.04,24.799,1.759,22.025,19.976,-2.049
wake_4,wake,4,Northwestern AZ,CSU Long Beach EG,Aff,20.738,21.763,1.026,19.928,17.926,-2.002
wake_4,wake,4,Baylor BL,Emory OP,Neg,19.795,18.332,-1.462,24.606,24.962,0.356
wake_4,wake,4,UTD DU,Texas AF,Neg,23.499,22.561,-0.937,30.132,30.284,0.152
wake_4,wake,4,Wichita State GM,Kansas BS,Neg,18.621,18.254,-0.368,22.916,23.357,0.442
wake_4,wake,4,Wake Forest EP,Macalester HD,Aff,29.863,30.056,0.192,23.935,22.53,-1.405
wake_4,wake,4,Cornell BD,Harvard FK,Aff,14.123,15.973,1.85,12.644,11.611,-1.034
wake_4,wake,4,Western Kentucky SS,Navy LS,Aff,17.682,18.149,0.467,13.978,13.288,-0.69
wake_4,wake,4,Trinity MB,Western Kentucky CS,Neg,14.913,12.118,-2.794,14.642,15.368,0.726
wake_4,wake,4,Cal State Fullerton AM,Cornell DL,Aff,18.125,18.44,0.315,9.711,9.275,-0.435
wake_4,wake,4,Wake Forest DS,UT San Antonio BW,Neg,17.318,16.155,-1.162,15.064,17.824,2.76
wake_4,wake,4,Oklahoma AT,Wake Forest BH,Neg,15.863,14.539,-1.324,21.162,21.698,0.536
wake_4,wake,4,Rochester OR,Kansas State RS,Neg,16.99,15.857,-1.132,16.418,18.957,2.538
wake_5,wake,5,Wake Forest LS,Kentucky RS,Neg,32.49,31.919,-0.57,29.052,29.854,0.803
wake_5,wake,5,Northwestern DR,UTD KP,Aff,35.627,35.82,0.193,31.693,31.435,-0.257
wake_5,wake,5,Kansas MR,Northwestern PS,Aff,42.815,42.868,0.053,32.665,32.597,-0.068
wake_5,wake,5,Emory CP,Iowa BW,Aff,33.198,33.303,0.105,25.159,25.021,-0.138
wake_5,wake,5,Liberty CL,Dartmouth CG,Neg,31.045,27.301,-3.744,25.35,26.001,0.652
wake_5,wake,5,Kansas State SS,Binghamton CT,Neg,23.403,22.661,-0.742,33.564,33.644,0.08
wake_5,wake,5,Michigan ES (Esmailzadeh/Shetty),Dartmouth BC,Neg,36.926,35.622,-1.304,40.365,40.533,0.169
wake_5,wake,5,Baylor DL,Georgia IP,Neg,32.001,29.406,-2.595,29.886,30.427,0.541
wake_5,wake,5,Macalester KP,Emory KP,Aff,37.535,38.612,1.078,32.376,32.205,-0.171
wake_5,wake,5,Southern Nazarene YH,Kansas MF,Aff,22.061,22.607,0.546,14.483,13.429,-1.055
wake_5,wake,5,West Georgia DK,CSU Long Beach OM,Aff,32.422,33.264,0.842,35.39,34.942,-0.448
wake_5,wake,5,Michigan BP,Kansas BW,Aff,36.286,36.331,0.045,25.545,25.45,-0.095
wake_5,wake,5,Georgetown CS,Harvard AB,Aff,34.407,34.596,0.189,28.274,27.865,-0.409
wake_5,wake,5,Northwestern AL (Arney/Lundberg),Emory LY,Neg,29.315,29.201,-0.114,37.248,37.349,0.101
wake_5,wake,5,Michigan SS,Southern California BrRe,Aff,34.212,34.296,0.084,25.698,25.525,-0.173
wake_5,wake,5,Navy CR,Wake Forest BM,Neg,27.191,26.844,-0.347,31.506,31.72,0.214
wake_5,wake,5,Wake Forest BW,Kentucky GS,Aff,31.115,31.587,0.472,29.24,28.935,-0.306
wake_5,wake,5,Iowa AP,NYU MS,Aff,31.939,32.618,0.68,34.053,33.419,-0.634
wake_5,wake,5,Southern California BR,Kansas WW,Neg,28.437,28.097,-0.339,33.11,33.309,0.199
wake_5,wake,5,Stanford LL,Kansas HW,Aff,28.713,29.76,1.047,30.089,29.598,-0.491
wake_5,wake,5,Houston AK,George Mason RW,Neg,31.298,30.554,-0.743,29.675,30.231,0.556
wake_5,wake,5,UC Berkeley BT,Michigan State MM,Neg,30.112,29.815,-0.298,34.491,34.708,0.217
wake_5,wake,5,Kentucky AM,Emory GY,Aff,37.243,37.359,0.116,30.425,30.265,-0.16
wake_5,wake,5,Gonzaga DW,UTD KS,Neg,27.051,26.634,-0.417,28.049,28.464,0.415
wake_5,wake,5,North Texas JW (Jones/Wofford),Kansas AB,Neg,21.75,20.951,-0.799,24.306,24.712,0.405
wake_5,wake,5,Georgetown PV,George Mason DF,Neg,22.428,21.801,-0.627,24.186,24.565,0.38
wake_5,wake,5,Emory ST,Houston DF,Aff,28.26,28.716,0.456,25.008,24.531,-0.477
wake_5,wake,5,Southern California CS,James Madison MO,Neg,22.886,22.066,-0.82,22.435,23.086,0.651
wake_5,wake,5,Trinity KP,Oklahoma SW,Aff,22.819,23.679,0.86,23.76,21.422,-2.338
wake_5,wake,5,Texas KN,Emory MR,Neg,25.263,24.684,-0.578,30.122,30.32,0.198
wake_5,wake,5,Michigan State GL,Dartmouth GR,Aff,34.99,35.018,0.029,22.347,22.239,-0.108
wake_5,wake,5,Northwestern AZ,Michigan BS (Baba/Simha),Neg,21.763,21.187,-0.577,26.724,27.973,1.249
wake_5,wake,5,Wake Forest SS,Samford GP,Neg,26.104,22.784,-3.32,19.761,21.6,1.839
wake_5,wake,5,Emory OP,James Madison BR,Neg,24.962,24.387,-0.574,26.56,27.11,0.549
wake_5,wake,5,Harvard DS,Wake Forest EP,Neg,26.229,25.553,-0.676,30.056,30.322,0.267
wake_5,wake,5,Western Kentucky CF,Emory CL,Neg,23.97,23.482,-0.488,25.975,27.691,1.716
wake_5,wake,5,James Madison CP,Kansas LS,Neg,25.102,24.959,-0.144,33.91,34.003,0.093
wake_5,wake,5,UTD HR,Kansas BS,Neg,28.516,27.794,-0.722,23.357,24.632,1.274
wake_5,wake,5,Minnesota HH,Kansas HM (Harker/McConnell),Aff,28.891,29.474,0.583,24.799,23.638,-1.161
wake_5,wake,5,Michigan State JS,Kansas SH,Aff,24.85,25.562,0.712,26.903,24.086,-2.817
wake_5,wake,5,Northwestern HL,UC Berkeley MR,Neg,25.51,24.771,-0.74,30.363,30.645,0.282
wake_5,wake,5,Michigan State AG,Michigan AO,Aff,20.282,22.111,1.829,25.335,24.622,-0.713
wake_5,wake,5,Texas AF,Michigan GS,Aff,30.284,30.477,0.194,25.233,24.73,-0.503
wake_5,wake,5,Rochester OR,Wichita State MW,Neg,15.857,15.5,-0.358,23.714,23.869,0.155
wake_5,wake,5,Macalester HD,Western Kentucky SS,Neg,22.53,19.127,-3.403,18.149,19.066,0.917
wake_5,wake,5,Oklahoma DH,Liberty FT,Neg,18.094,17.152,-0.941,19.436,21.082,1.646
wake_5,wake,5,Michigan HL,Missouri State CR,Aff,21.514,22.993,1.479,18.489,17.226,-1.262
wake_5,wake,5,Kansas State AD,CSU Long Beach EG,Aff,17.031,19.267,2.236,17.926,16.13,-1.796
wake_5,wake,5,Wyoming/Towson CC,Western Kentucky CS,Aff,19.149,20.412,1.263,15.368,14.905,-0.463
wake_5,wake,5,Binghamton CN,Emory TW,Aff,15.475,16.977,1.502,19.976,16.962,-3.014
wake_5,wake,5,Michigan State AB,Kansas State RS,Aff,19.781,21.55,1.769,18.957,17.285,-1.671
wake_5,wake,5,Cal State Fullerton AM,UTD DU,Aff,18.44,19.775,1.336,22.561,19.903,-2.658
wake_5,wake,5,Cornell DL,Harvard FK,Aff,9.275,10.884,1.609,11.611,10.139,-1.471
wake_5,wake,5,George Mason RR,Southern California MZ,Neg,18.795,17.57,-1.225,18.038,19.13,1.093
wake_5,wake,5,Emory FW,Purdue FH,Aff,20.299,20.823,0.524,18.116,16.543,-1.572
wake_5,wake,5,Binghamton KT,Kansas LD,Aff,21.627,22.094,0.467,16.939,16.407,-0.532
wake_5,wake,5,Wichita State GM,West Georgia FK,Aff,18.254,19.123,0.869,21.768,20.297,-1.47
wake_5,wake,5,Cornell BD,Baylor CK,Neg,15.973,14.932,-1.041,20.515,21.764,1.249
wake_5,wake,5,Baylor BL,Wake Forest BH,Neg,18.332,16.902,-1.43,21.698,22.343,0.646
wake_5,wake,5,Trinity MB,Wake Forest DS,Neg,12.118,10.775,-1.343,16.155,16.71,0.555
wake_5,wake,5,Oklahoma AT,Navy LS,Aff,14.539,16.352,1.812,13.288,12.509,-0.779
wake_5,wake,5,UT San Antonio BW,Missouri State BK (Burns/Kimmerle),Neg,17.824,16.346,-1.478,18.876,20.726,1.85
wake_6,wake,6,Dartmouth BC,Macalester KP,Neg,40.533,40.224,-0.309,38.612,40.789,2.176
wake_6,wake,6,Georgia IP,West Georgia DK,Aff,30.427,31.098,0.671,33.264,32.513,-0.75
wake_6,wake,6,Kentucky RS,Kansas MR,Neg,29.854,29.82,-0.034,42.868,42.891,0.023
wake_6,wake,6,CSU Long Beach OM,Emory ST,Aff,34.942,35.059,0.117,28.716,28.454,-0.261
wake_6,wake,6,Northwestern PS,Stanford LL,Aff,32.597,32.887,0.291,29.76,29.206,-0.554
wake_6,wake,6,Emory KP,Wake Forest BW,Aff,32.205,32.546,0.341,31.587,31.062,-0.525
wake_6,wake,6,Binghamton CT,Iowa AP,Aff,33.644,33.983,0.339,32.618,32.175,-0.443
wake_6,wake,6,Emory LY,Kentucky AM,Aff,37.349,37.731,0.381,37.359,37.014,-0.345
wake_6,wake,6,Wake Forest BM,Northwestern DR,Neg,31.72,31.504,-0.216,35.82,36.003,0.183
wake_6,wake,6,Dartmouth CG,Michigan SS,Neg,26.001,25.891,-0.11,34.296,34.382,0.085
wake_6,wake,6,Michigan State MM,Georgetown CS,Neg,34.708,34.305,-0.403,34.596,35.074,0.478
wake_6,wake,6,Kansas WW,Michigan BP,Neg,33.309,33.054,-0.255,36.331,36.549,0.218
wake_6,wake,6,George Mason RW,Michigan ES (Esmailzadeh/Shetty),Neg,30.231,30.036,-0.195,35.622,36.442,0.82
wake_6,wake,6,Kentucky GS,Kansas State AD,Aff,28.935,29.013,0.079,19.267,18.805,-0.462
wake_6,wake,6,NYU MS,Cal State Fullerton AM,Aff,33.419,33.45,0.031,19.775,19.71,-0.066
wake_6,wake,6,UTD KS,Binghamton CN,Aff,28.464,28.52,0.055,16.977,16.839,-0.138
wake_6,wake,6,Emory GY,Texas KN,Aff,30.265,30.463,0.198,24.684,24.218,-0.466
wake_6,wake,6,Kansas HW,Kansas State SS,Aff,29.598,29.742,0.144,22.661,21.58,-1.081
wake_6,wake,6,Southern California BrRe,Michigan State AG,Aff,25.525,25.946,0.422,22.111,21.507,-0.604
wake_6,wake,6,George Mason DF,Trinity KP,Aff,24.565,24.968,0.403,23.679,22.912,-0.766
wake_6,wake,6,UTD KP,Texas AF,Neg,31.435,30.95,-0.486,30.477,30.93,0.453
wake_6,wake,6,Emory MR,Minnesota HH,Aff,30.32,30.662,0.342,29.474,28.573,-0.901
wake_6,wake,6,Kansas LS,Emory CP,Aff,34.003,34.384,0.381,33.303,32.94,-0.363
wake_6,wake,6,Harvard AB,Michigan State JS,Aff,27.865,28.55,0.684,25.562,25.086,-0.476
wake_6,wake,6,James Madison BR,Northwestern AL (Arney/Lundberg),Neg,27.11,26.62,-0.49,29.201,29.518,0.317
wake_6,wake,6,Kansas BS,Michigan State GL,Neg,24.632,24.528,-0.104,35.018,35.066,0.047
wake_6,wake,6,Michigan BS (Baba/Simha),Navy CR,Neg,27.973,25.772,-2.2,26.844,27.427,0.583
wake_6,wake,6,James Madison MO,Houston AK,Neg,23.086,22.906,-0.181,30.554,30.727,0.173
wake_6,wake,6,UC Berkeley MR,Southern California BR,Neg,30.645,29.918,-0.727,28.097,28.917,0.82
wake_6,wake,6,Wake Forest EP,Liberty CL,Neg,30.322,29.785,-0.538,27.301,29.635,2.334
wake_6,wake,6,Samford GP,Baylor DL,Neg,21.6,21.248,-0.352,29.406,29.977,0.571
wake_6,wake,6,Kansas AB,Wake Forest LS,Neg,24.712,24.534,-0.178,31.919,32.036,0.116
wake_6,wake,6,Michigan AO,Binghamton KT,Aff,24.622,24.925,0.303,22.094,21.481,-0.612
wake_6,wake,6,Kansas SH,Wichita State GM,Aff,24.086,25.082,0.996,19.123,18.842,-0.281
wake_6,wake,6,Michigan GS,Northwestern AZ,Aff,24.73,25.299,0.569,21.187,20.504,-0.683
wake_6,wake,6,Iowa BW,Emory FW,Aff,25.021,25.3,0.279,20.823,20.416,-0.407
wake_6,wake,6,Kansas BW,Michigan HL,Aff,25.45,25.887,0.437,22.993,21.549,-1.444
wake_6,wake,6,Dartmouth GR,Southern California CS,Neg,22.239,21.149,-1.09,22.066,22.761,0.695
wake_6,wake,6,Kansas HM (Harker/McConnell),Emory OP,Neg,23.638,22.104,-1.534,24.387,24.932,0.544
wake_6,wake,6,Oklahoma SW,Georgetown PV,Neg,21.422,19.737,-1.685,21.801,22.413,0.613
wake_6,wake,6,Liberty FT,Michigan State AB,Neg,21.082,19.628,-1.455,21.55,23.147,1.597
wake_6,wake,6,Wichita State MW,Western Kentucky CF,Neg,23.869,23.332,-0.537,23.482,24.187,0.704
wake_6,wake,6,Houston DF,Wyoming/Towson CC,Aff,24.531,24.907,0.376,20.412,19.382,-1.03
wake_6,wake,6,Missouri State BK (Burns/Kimmerle),Gonzaga DW,Neg,20.726,19.825,-0.901,26.634,26.816,0.182
wake_6,wake,6,Southern California MZ,UTD HR,Neg,19.13,18.89,-0.241,27.794,27.891,0.098
wake_6,wake,6,Wake Forest BH,Southern Nazarene YH,Aff,22.343,23.294,0.95,22.607,21.187,-1.42
wake_6,wake,6,Baylor CK,James Madison CP,Neg,21.764,20.423,-1.34,24.959,25.327,0.369
wake_6,wake,6,Western Kentucky SS,Harvard DS,Neg,19.066,18.804,-0.262,25.553,25.947,0.395
wake_6,wake,6,Kansas State RS,Wake Forest SS,Neg,17.285,16.429,-0.856,22.784,23.574,0.79
wake_6,wake,6,Kansas MF,Northwestern HL,Neg,13.429,12.949,-0.48,24.771,25.002,0.231
wake_6,wake,6,Wake Forest DS,North Texas JW (Jones/Wofford),Neg,16.71,16.182,-0.528,20.951,21.507,0.557
wake_6,wake,6,UTD DU,Oklahoma AT,Neg,19.903,17.985,-1.918,16.352,18.615,2.263
wake_6,wake,6,CSU Long Beach EG,Cornell DL,Aff,16.13,16.957,0.827,10.884,10.315,-0.569
wake_6,wake,6,Western Kentucky CS,Cornell BD,Neg,14.905,14.214,-0.691,14.932,16.605,1.673
wake_6,wake,6,West Georgia FK,Oklahoma DH,Aff,20.297,20.884,0.587,17.152,16.416,-0.736
wake_6,wake,6,Emory TW,Baylor BL,Neg,16.962,15.417,-1.545,16.902,18.586,1.684
wake_6,wake,6,Missouri State CR,George Mason RR,Aff,17.226,18.936,1.71,17.57,16.593,-0.977
wake_6,wake,6,Purdue FH,UT San Antonio BW,Neg,16.543,14.946,-1.597,16.346,17.863,1.517
wake_6,wake,6,Kansas LD,Macalester HD,Neg,16.407,15.792,-0.616,19.127,20.42,1.293
wake_6,wake,6,Navy LS,Trinity MB,Neg,12.509,11.517,-0.992,10.775,12.923,2.147
wake_6,wake,6,Harvard FK,Rochester OR,Neg,10.139,9.613,-0.526,15.5,16.016,0.516
wake_7,wake,7,Southern California BrRe,Wake Forest LS,Neg,25.946,25.688,-0.258,32.036,32.178,0.142
wake_7,wake,7,Northwestern DR,Emory KP,Aff,36.003,36.201,0.198,32.546,32.325,-0.221
wake_7,wake,7,Georgetown CS,Northwestern PS,Neg,35.074,34.502,-0.572,32.887,33.428,0.541
wake_7,wake,7,Iowa BW,North Texas JW (Jones/Wofford),Aff,25.3,25.582,0.282,21.507,20.949,-0.558
wake_7,wake,7,Liberty CL,Kentucky GS,Aff,29.635,30.958,1.323,29.013,28.696,-0.317
wake_7,wake,7,Kansas State SS,Northwestern HL,Neg,21.58,20.14,-1.44,25.002,25.724,0.722
wake_7,wake,7,Macalester KP,Kansas MR,Aff,40.789,42.598,1.81,42.891,42.502,-0.389
wake_7,wake,7,Baylor DL,Houston AK,Neg,29.977,28.564,-1.414,30.727,31.184,0.457
wake_7,wake,7,Dartmouth BC,Michigan State GL,Neg,40.224,39.726,-0.498,35.066,35.627,0.562
wake_7,wake,7,Kansas MF,Western Kentucky CS,Aff,12.949,15.374,2.425,14.214,13.515,-0.699
wake_7,wake,7,Michigan SS,West Georgia DK,Aff,34.382,34.652,0.27,32.513,32.109,-0.404
wake_7,wake,7,Binghamton CT,Georgia IP,Aff,33.983,34.233,0.25,31.098,30.783,-0.315
wake_7,wake,7,Emory LY,Michigan BP,Neg,37.731,37.31,-0.421,36.549,36.923,0.374
wake_7,wake,7,CSU Long Beach OM,Michigan ES (Esmailzadeh/Shetty),Aff,35.059,35.381,0.321,36.442,34.714,-1.728
wake_7,wake,7,Texas AF,Wake Forest BM,Neg,30.93,30.571,-0.359,31.504,31.856,0.352
wake_7,wake,7,Kentucky AM,Harvard AB,Aff,37.014,37.093,0.079,28.55,28.335,-0.215
wake_7,wake,7,Wake Forest BH,Michigan State MM,Neg,23.294,23.164,-0.129,34.305,34.356,0.051
wake_7,wake,7,Kansas HW,George Mason DF,Aff,29.742,29.945,0.203,24.968,24.747,-0.221
wake_7,wake,7,Navy CR,Iowa AP,Aff,27.427,28.362,0.936,32.175,31.407,-0.768
wake_7,wake,7,Wake Forest BW,Northwestern AL (Arney/Lundberg),Aff,31.062,31.496,0.434,29.518,29.187,-0.33
wake_7,wake,7,UTD KS,George Mason RW,Aff,28.52,29.05,0.531,30.036,29.521,-0.516
wake_7,wake,7,Emory MR,NYU MS,Neg,30.662,30.4,-0.262,33.45,33.773,0.322
wake_7,wake,7,Dartmouth CG,Kentucky RS,Neg,25.891,25.638,-0.253,29.82,30.109,0.289
wake_7,wake,7,UC Berkeley BT,Emory GY,Neg,29.815,29.325,-0.489,30.463,30.872,0.409
wake_7,wake,7,Kansas WW,Stanford LL,Neg,33.054,32.512,-0.542,29.206,30.333,1.128
wake_7,wake,7,UTD KP,Georgetown PV,Neg,30.95,30.069,-0.881,22.413,23.925,1.511
wake_7,wake,7,Houston DF,Kansas BS,Neg,24.907,24.225,-0.682,24.528,25.205,0.677
wake_7,wake,7,Emory ST,Southern California CS,Aff,28.454,28.729,0.275,22.761,22.471,-0.289
wake_7,wake,7,Michigan State AB,James Madison BR,Aff,23.147,25.355,2.208,26.62,25.866,-0.754
wake_7,wake,7,Emory CP,Kansas AB,Aff,32.94,33.03,0.09,24.534,24.402,-0.132
wake_7,wake,7,James Madison MO,Western Kentucky CF,Neg,22.906,22.424,-0.482,24.187,24.714,0.527
wake_7,wake,7,Emory OP,UC Berkeley MR,Neg,24.932,24.627,-0.305,29.918,30.167,0.25
wake_7,wake,7,Michigan State AG,Michigan BS (Baba/Simha),Aff,21.507,22.685,1.179,25.772,23.443,-2.329
wake_7,wake,7,Wake Forest SS,Kansas BW,Aff,23.574,25.449,1.875,25.887,25.165,-0.722
wake_7,wake,7,Michigan GS,James Madison CP,Aff,25.299,26.16,0.862,25.327,24.758,-0.569
wake_7,wake,7,Minnesota HH,Gonzaga DW,Neg,28.573,27.487,-1.086,26.816,27.327,0.511
wake_7,wake,7,Kansas LS,Southern California BR,Neg,34.384,33.701,-0.683,28.917,29.933,1.016
wake_7,wake,7,Michigan AO,Michigan State JS,Aff,24.925,25.346,0.421,25.086,24.448,-0.638
wake_7,wake,7,Wake Forest EP,Trinity KP,Aff,29.785,29.931,0.146,22.912,22.641,-0.272
wake_7,wake,7,Harvard DS,Samford GP,Aff,25.947,26.438,0.491,21.248,20.705,-0.544
wake_7,wake,7,UTD HR,Kansas SH,Neg,27.891,27.411,-0.481,25.082,27.254,2.172
wake_7,wake,7,Cornell BD,Dartmouth GR,Neg,16.605,15.808,-0.797,21.149,21.657,0.509
wake_7,wake,7,Kansas HM (Harker/McConnell),Oklahoma AT,Aff,22.104,22.992,0.887,18.615,17.678,-0.937
wake_7,wake,7,Missouri State CR,Texas KN,Neg,18.936,18.211,-0.725,24.218,24.664,0.445
wake_7,wake,7,Macalester HD,Emory FW,Neg,20.42,18.874,-1.546,20.416,21.033,0.617
wake_7,wake,7,Western Kentucky SS,Michigan HL,Aff,18.804,19.584,0.78,21.549,19.43,-2.12
wake_7,wake,7,Southern Nazarene YH,West Georgia FK,Aff,21.187,22.362,1.174,20.884,20.121,-0.763
wake_7,wake,7,Binghamton KT,Wichita State MW,Neg,21.481,20.866,-0.616,23.332,23.711,0.379
wake_7,wake,7,Wyoming/Towson CC,CSU Long Beach EG,Neg,19.382,17.632,-1.751,16.957,18.668,1.712
wake_7,wake,7,Binghamton CN,Wichita State GM,Neg,16.839,16.049,-0.79,18.842,19.266,0.424
wake_7,wake,7,Baylor CK,Cal State Fullerton AM,Aff,20.423,21.917,1.494,19.71,18.939,-0.77
wake_7,wake,7,Baylor BL,Missouri State BK (Burns/Kimmerle),Aff,18.586,20.202,1.616,19.825,18.083,-1.743
wake_7,wake,7,Southern California MZ,UT San Antonio BW,Aff,18.89,19.642,0.752,17.863,16.629,-1.234
wake_7,wake,7,Kansas State AD,Liberty FT,Neg,18.805,17.31,-1.495,19.628,20.855,1.227
wake_7,wake,7,Northwestern AZ,Oklahoma SW,Neg,20.504,19.51,-0.994,19.737,21.298,1.56
wake_7,wake,7,Harvard FK,Kansas State RS,Aff,9.613,11.297,1.684,16.429,13.677,-2.752
wake_7,wake,7,Emory TW,Trinity MB,Aff,15.417,16.457,1.04,12.923,11.831,-1.091
wake_7,wake,7,Rochester OR,UTD DU,Neg,16.016,15.265,-0.751,17.985,19.01,1.025
wake_7,wake,7,George Mason RR,Cornell DL,Aff,16.593,16.98,0.387,10.315,9.864,-0.451
wake_7,wake,7,Kansas LD,Oklahoma DH,Neg,15.792,15.012,-0.78,16.416,17.335,0.919
wake_7,wake,7,Wake Forest DS,Purdue FH,Aff,16.182,16.886,0.704,14.946,13.692,-1.254
wake_dubs,wake,dubs,Macalester KP,Emory ST,Aff,42.598,42.689,0.091,28.729,28.686,-0.043
wake_dubs,wake,dubs,Stanford LL,Binghamton CT,Neg,30.333,29.941,-0.392,34.233,34.437,0.204
wake_dubs,wake,dubs,Kansas MR,Navy CR,Aff,42.502,42.517,0.015,28.362,28.338,-0.025
wake_dubs,wake,dubs,Houston AK,Northwestern DR,Neg,31.184,30.932,-0.252,36.201,36.348,0.147
wake_dubs,wake,dubs,Michigan BP,Wake Forest BW,Aff,36.923,37.057,0.134,31.496,31.275,-0.221
wake_dubs,wake,dubs,CSU Long Beach OM,West Georgia DK,Neg,35.381,34.952,-0.428,32.109,32.819,0.709
wake_dubs,wake,dubs,Northwestern PS,Kansas HW,Aff,33.428,33.673,0.245,29.945,29.701,-0.244
wake_dubs,wake,dubs,Kentucky RS,Dartmouth BC,Neg,30.109,30.025,-0.085,39.726,39.773,0.047
wake_dubs,wake,dubs,Georgetown CS,Liberty CL,Aff,34.502,34.747,0.245,30.958,30.185,-0.774
wake_dubs,wake,dubs,Michigan State GL,Southern California BR,Aff,35.627,35.753,0.126,29.933,29.709,-0.225
wake_dubs,wake,dubs,NYU MS,Michigan State MM,Neg,33.773,33.353,-0.419,34.356,34.705,0.349
wake_dubs,wake,dubs,Emory KP,UTD KS,Aff,32.325,32.544,0.219,29.05,28.783,-0.267
wake_dubs,wake,dubs,Georgia IP,Kentucky AM,Neg,30.783,30.618,-0.165,37.093,37.212,0.119
wake_octas,wake,octas,Kentucky AM,Macalester KP,Aff,37.212,37.714,0.503,42.689,40.646,-2.043
wake_octas,wake,octas,Binghamton CT,Emory LY,Aff,34.437,34.926,0.489,37.31,36.827,-0.482
wake_octas,wake,octas,Kansas MR,Emory KP,Aff,42.517,42.569,0.052,32.544,32.492,-0.052
wake_octas,wake,octas,Michigan State MM,Northwestern DR,Neg,34.705,34.412,-0.293,36.348,36.596,0.248
wake_octas,wake,octas,Michigan BP,Michigan State GL,Aff,37.057,37.315,0.258,35.753,35.499,-0.254
wake_octas,wake,octas,West Georgia DK,Georgetown CS,Neg,32.819,32.466,-0.353,34.747,35.061,0.314
wake_octas,wake,octas,Dartmouth BC,Michigan SS,Aff,39.773,39.896,0.124,34.652,34.497,-0.155
wake_octas,wake,octas,Wake Forest BM,Northwestern PS,Neg,31.856,31.571,-0.285,33.673,33.977,0.304
wake_quarters,wake,quarters,Kentucky AM,Northwestern PS,Aff,37.714,37.894,0.179,33.977,33.759,-0.218
wake_quarters,wake,quarters,Dartmouth BC,Binghamton CT,Neg,39.896,39.44,-0.456,34.926,35.504,0.578
wake_quarters,wake,quarters,Georgetown CS,Kansas MR,Neg,35.061,34.95,-0.111,42.569,42.662,0.094
wake_quarters,wake,quarters,Northwestern DR,Michigan BP,Neg,36.596,36.322,-0.274,37.315,37.585,0.27
wake_semis,wake,semis,Michigan BP,Kentucky AM,Aff,37.585,37.884,0.299,37.894,37.579,-0.315
wake_semis,wake,semis,Binghamton CT,Kansas MR,Aff,35.504,36.161,0.657,42.662,41.992,-0.671
wake_finals,wake,finals,Binghamton CT,Michigan BP,Aff,36.161,36.539,0.378,37.884,37.543,-0.341
georgetown_1,georgetown,1,Kansas MR,Gonzaga DW,Aff,41.992,42.003,0.011,27.327,27.311,-0.015
georgetown_1,georgetown,1,Cornell DK,Emory KP,Neg,25.0,22.308,-2.692,32.492,32.596,0.103
georgetown_1,georgetown,1,Iowa BW,Northwestern DR,Aff,25.582,26.841,1.259,36.322,35.572,-0.75
georgetown_1,georgetown,1,Emory MR,Dartmouth MM,Aff,30.4,30.402,0.002,10.138,10.13,-0.008
georgetown_1,georgetown,1,Northwestern PS,Binghamton KR,Aff,33.759,33.856,0.097,25.0,22.665,-2.335
georgetown_1,georgetown,1,Dartmouth CaGu,Kentucky AM,Neg,25.0,23.563,-1.437,37.579,37.626,0.047
georgetown_1,georgetown,1,Kansas HW,Emory FW,Aff,29.701,29.787,0.087,21.033,20.883,-0.15
georgetown_1,georgetown,1,Georgetown CS,Michigan DS,Aff,34.95,34.962,0.012,18.639,18.589,-0.05
georgetown_1,georgetown,1,Minnesota HK,Kansas LS,Neg,25.0,22.649,-2.351,33.701,33.803,0.102
georgetown_1,georgetown,1,James Madison BR,Emory GH,Neg,25.866,25.851,-0.014,41.71,41.718,0.008
georgetown_1,georgetown,1,UC Berkeley BT,Northwestern RY,Aff,29.325,29.363,0.038,15.313,15.163,-0.15
georgetown_1,georgetown,1,Binghamton CT,Michigan AO,Aff,36.539,36.571,0.032,25.346,25.302,-0.045
georgetown_1,georgetown,1,Michigan State AZ,Emory CP,Neg,17.705,17.663,-0.042,33.03,33.044,0.014
georgetown_1,georgetown,1,Michigan State JS,Emory LY,Neg,24.448,24.399,-0.049,36.827,36.855,0.027
georgetown_1,georgetown,1,Wake Forest BW,Harvard FK,Aff,31.275,31.278,0.003,11.297,11.291,-0.006
georgetown_1,georgetown,1,Wake Forest LS,Emory BS (Bellam/Shirts),Neg,32.178,31.819,-0.359,25.0,33.63,8.63
georgetown_1,georgetown,1,Northwestern AZ,Iowa AP,Neg,19.51,19.407,-0.103,31.407,31.454,0.048
georgetown_1,georgetown,1,Emory OS,Michigan BP,Neg,25.0,23.556,-1.444,37.543,37.586,0.044
georgetown_1,georgetown,1,Northwestern AL (Arney/Lundberg),Minnesota UW,Aff,29.187,29.287,0.099,20.722,20.281,-0.441
georgetown_1,georgetown,1,Michigan State GL,UC Berkeley SU,Aff,35.499,35.652,0.153,31.361,30.671,-0.69
georgetown_1,georgetown,1,CSU Long Beach EG,NYU MS,Neg,18.668,18.594,-0.075,33.353,33.376,0.023
georgetown_1,georgetown,1,Dartmouth BJ,Macalester KP,Neg,18.719,18.717,-0.002,40.646,40.649,0.003
georgetown_1,georgetown,1,UC Berkeley MR,Cornell BD,Aff,30.167,30.198,0.03,15.808,15.721,-0.086
georgetown_1,georgetown,1,Dartmouth BC,Harvard DS,Neg,39.44,38.73,-0.71,26.438,29.084,2.645
georgetown_1,georgetown,1,Emory RT,Michigan ES (Esmailzadeh/Shetty),Neg,17.964,17.923,-0.041,34.714,34.761,0.047
georgetown_1,georgetown,1,James Madison CP,Wake Forest BM,Neg,24.758,24.569,-0.189,31.571,31.687,0.116
georgetown_1,georgetown,1,Georgetown PV,Kentucky GS,Neg,23.925,23.616,-0.308,28.696,28.874,0.178
georgetown_1,georgetown,1,Kansas WW,Southern Nazarene YH,Aff,32.512,32.572,0.06,22.362,22.16,-0.202
georgetown_1,georgetown,1,Michigan SS,Harvard AB,Aff,34.497,34.621,0.125,28.335,28.009,-0.326
georgetown_1,georgetown,1,Fullerton MM,Dartmouth CG,Neg,25.0,19.918,-5.082,25.638,25.891,0.253
georgetown_1,georgetown,1,Michigan State BS,CSU Long Beach OM,Neg,26.577,26.354,-0.223,34.952,35.022,0.07
georgetown_1,georgetown,1,Texas AF,Cal State Fullerton DR,Aff,30.571,30.711,0.14,25.0,21.714,-3.286
georgetown_1,georgetown,1,West Georgia DK,Dartmouth KR,Aff,32.466,32.606,0.14,25.345,25.012,-0.332
georgetown_2,georgetown,2,Emory KP,Kansas MR,Neg,32.596,32.537,-0.059,42.003,42.057,0.055
georgetown_2,georgetown,2,Gonzaga DW,Cornell DK,Aff,27.311,27.489,0.177,22.308,19.727,-2.581
georgetown_2,georgetown,2,Emory FW,Dartmouth CaGu,Neg,20.883,20.549,-0.334,23.563,27.158,3.595
georgetown_2,georgetown,2,Kentucky AM,Kansas HW,Aff,37.626,37.701,0.075,29.787,29.688,-0.1
georgetown_2,georgetown,2,Kansas LS,Georgetown CS,Aff,33.803,34.232,0.429,34.962,34.522,-0.44
georgetown_2,georgetown,2,Michigan DS,Minnesota HK,Aff,18.589,19.926,1.337,22.649,17.129,-5.52
georgetown_2,georgetown,2,Northwestern RY,James Madison BR,Neg,15.163,14.844,-0.319,25.851,25.946,0.095
georgetown_2,georgetown,2,Emory GH,UC Berkeley BT,Aff,41.718,41.745,0.026,29.363,29.322,-0.041
georgetown_2,georgetown,2,Emory CP,Binghamton CT,Aff,33.044,33.603,0.559,36.571,36.14,-0.431
georgetown_2,georgetown,2,Michigan AO,Michigan State AZ,Aff,25.302,25.417,0.115,17.663,17.347,-0.315
georgetown_2,georgetown,2,Harvard FK,Michigan State JS,Neg,11.291,11.215,-0.076,24.399,24.444,0.046
georgetown_2,georgetown,2,Emory LY,Wake Forest BW,Aff,36.855,36.993,0.138,31.278,31.071,-0.207
georgetown_2,georgetown,2,Iowa AP,Wake Forest LS,Neg,31.454,31.03,-0.424,31.819,32.156,0.337
georgetown_2,georgetown,2,Emory BS (Bellam/Shirts),Northwestern AZ,Aff,33.63,34.086,0.456,19.407,19.308,-0.099
georgetown_2,georgetown,2,Minnesota UW,Emory OS,Neg,20.281,19.52,-0.761,23.556,26.864,3.307
georgetown_2,georgetown,2,Michigan BP,Northwestern AL (Arney/Lundberg),Aff,37.586,37.648,0.062,29.287,29.196,-0.091
georgetown_2,georgetown,2,NYU MS,Michigan State GL,Neg,33.376,33.06,-0.316,35.652,35.86,0.208
georgetown_2,georgetown,2,UC Berkeley SU,CSU Long Beach EG,Aff,30.671,30.811,0.14,18.594,18.426,-0.168
georgetown_2,georgetown,2,Cornell BD,Dartmouth BJ,Aff,15.721,17.449,1.727,18.717,18.021,-0.696
georgetown_2,georgetown,2,Macalester KP,UC Berkeley MR,Neg,40.649,38.206,-2.443,30.198,31.35,1.152
georgetown_2,georgetown,2,Michigan ES (Esmailzadeh/Shetty),Dartmouth BC,Neg,34.761,34.026,-0.735,38.73,38.863,0.133
georgetown_2,georgetown,2,Harvard DS,Emory RT,Aff,29.084,29.195,0.112,17.923,17.757,-0.166
georgetown_2,georgetown,2,Dartmouth MM,James Madison CP,Neg,10.13,10.06,-0.07,24.569,24.6,0.031
georgetown_2,georgetown,2,Wake Forest BM,Emory MR,Aff,31.687,31.977,0.29,30.402,30.085,-0.317
georgetown_2,georgetown,2,Binghamton KR,Georgetown PV,Aff,22.665,27.272,4.607,23.616,23.181,-0.436
georgetown_2,georgetown,2,Southern Nazarene YH,Iowa BW,Neg,22.16,21.598,-0.562,26.841,27.057,0.216
georgetown_2,georgetown,2,Northwestern DR,Kansas WW,Aff,35.572,35.753,0.181,32.572,32.339,-0.233
georgetown_2,georgetown,2,Dartmouth CG,Michigan SS,Aff,25.891,26.864,0.973,34.621,33.884,-0.737
georgetown_2,georgetown,2,Harvard AB,Fullerton MM,Aff,28.009,28.243,0.235,19.918,18.41,-1.508
georgetown_2,georgetown,2,Cal State Fullerton DR,Michigan State BS,Neg,21.714,19.164,-2.55,26.354,26.736,0.382
georgetown_2,georgetown,2,Dartmouth KR,Texas AF,Neg,25.012,24.609,-0.404,30.711,30.862,0.151
georgetown_2,georgetown,2,CSU Long Beach OM,West Georgia DK,Aff,35.022,35.226,0.204,32.606,32.297,-0.308
georgetown_3,georgetown,3,Harvard AB,Michigan State GL,Neg,28.243,28.022,-0.222,35.86,35.937,0.078
georgetown_3,georgetown,3,Kansas MR,Texas AF,Aff,42.057,42.091,0.033,30.862,30.823,-0.039
georgetown_3,georgetown,3,Dartmouth CG,Harvard DS,Neg,26.864,26.584,-0.28,29.195,29.75,0.554
georgetown_3,georgetown,3,Michigan BP,Iowa BW,Aff,37.648,37.682,0.034,27.057,27.001,-0.056
georgetown_3,georgetown,3,Northwestern PS,Kansas LS,Neg,33.856,33.515,-0.341,34.232,34.573,0.34
georgetown_3,georgetown,3,Emory LY,Kentucky AM,Neg,36.993,36.697,-0.296,37.701,37.962,0.261
georgetown_3,georgetown,3,Emory BS (Bellam/Shirts),UC Berkeley MR,Neg,34.086,30.211,-3.875,31.35,31.806,0.456
georgetown_3,georgetown,3,Emory CP,CSU Long Beach OM,Aff,33.603,34.037,0.435,35.226,34.888,-0.338
georgetown_3,georgetown,3,Wake Forest BM,Emory GH,Neg,31.977,31.923,-0.054,41.745,41.798,0.053
georgetown_3,georgetown,3,Dartmouth BC,Northwestern RY,Aff,38.863,38.864,0.0,14.844,14.841,-0.003
georgetown_3,georgetown,3,Michigan DS,Wake Forest LS,Neg,19.926,19.783,-0.143,32.156,32.191,0.035
georgetown_3,georgetown,3,Northwestern DR,Michigan AO,Aff,35.753,35.79,0.037,25.417,25.362,-0.055
georgetown_3,georgetown,3,Binghamton KR,Georgetown CS,Neg,27.272,25.974,-1.298,34.522,34.641,0.118
georgetown_3,georgetown,3,Binghamton CT,James Madison BR,Aff,36.14,36.181,0.042,25.946,25.861,-0.085
georgetown_3,georgetown,3,James Madison CP,UC Berkeley SU,Neg,24.6,24.394,-0.206,30.811,31.235,0.424
georgetown_3,georgetown,3,NYU MS,Cornell BD,Aff,33.06,33.075,0.015,17.449,17.406,-0.043
georgetown_3,georgetown,3,Michigan State BS,Emory KP,Neg,26.736,26.395,-0.341,32.537,32.669,0.132
georgetown_3,georgetown,3,Macalester KP,Dartmouth CaGu,Aff,38.206,38.375,0.169,27.158,26.297,-0.861
georgetown_3,georgetown,3,Michigan State JS,Michigan ES (Esmailzadeh/Shetty),Neg,24.444,24.331,-0.114,34.026,34.259,0.233
georgetown_3,georgetown,3,Northwestern AL (Arney/Lundberg),Emory OS,Aff,29.196,29.416,0.221,26.864,24.044,-2.82
georgetown_3,georgetown,3,Kansas HW,Iowa AP,Aff,29.688,30.122,0.435,31.03,30.536,-0.494
georgetown_3,georgetown,3,Michigan SS,Kansas WW,Aff,33.884,34.135,0.251,32.339,32.06,-0.279
georgetown_3,georgetown,3,Gonzaga DW,Emory MR,Neg,27.489,27.199,-0.289,30.085,30.336,0.25
georgetown_3,georgetown,3,Wake Forest BW,West Georgia DK,Neg,31.071,30.674,-0.397,32.297,32.642,0.345
georgetown_3,georgetown,3,Emory RT,Minnesota UW,Aff,17.757,18.927,1.17,19.52,17.999,-1.52
georgetown_3,georgetown,3,Emory FW,CSU Long Beach EG,Aff,20.549,20.985,0.436,18.426,17.495,-0.931
georgetown_3,georgetown,3,Dartmouth KR,Cornell DK,Aff,24.609,25.006,0.398,19.727,17.801,-1.926
georgetown_3,georgetown,3,Dartmouth MM,Michigan State AZ,Neg,10.06,9.671,-0.389,17.347,17.671,0.324
georgetown_3,georgetown,3,Northwestern AZ,Harvard FK,Aff,19.308,19.558,0.251,11.215,10.958,-0.257
georgetown_3,georgetown,3,Georgetown PV,Minnesota HK,Aff,23.181,23.403,0.222,17.129,15.604,-1.525
georgetown_3,georgetown,3,Southern Nazarene YH,Fullerton MM,Aff,21.598,22.154,0.556,18.41,16.205,-2.205
georgetown_3,georgetown,3,Cal State Fullerton DR,Dartmouth BJ,Neg,19.164,15.639,-3.525,18.021,18.464,0.443
georgetown_4,georgetown,4,Harvard DS,Northwestern AL (Arney/Lundberg),Aff,29.75,30.421,0.671,29.416,29.071,-0.345
georgetown_4,georgetown,4,Michigan State GL,Northwestern DR,Neg,35.937,35.656,-0.282,35.79,36.065,0.275
georgetown_4,georgetown,4,Emory GH,NYU MS,Aff,41.798,41.867,0.069,33.075,32.987,-0.088
georgetown_4,georgetown,4,Kentucky AM,Michigan BP,Neg,37.962,37.673,-0.289,37.682,37.955,0.273
georgetown_4,georgetown,4,UC Berkeley MR,Kansas MR,Neg,31.806,31.74,-0.066,42.091,42.134,0.044
georgetown_4,georgetown,4,Kansas LS,Emory CP,Aff,34.573,34.893,0.321,34.037,33.72,-0.317
georgetown_4,georgetown,4,CSU Long Beach OM,Georgetown PV,Aff,34.888,34.915,0.028,23.403,23.344,-0.059
georgetown_4,georgetown,4,Wake Forest LS,Kansas HW,Aff,32.191,32.447,0.257,30.122,29.853,-0.269
georgetown_4,georgetown,4,Emory KP,Michigan SS,Neg,32.669,32.403,-0.266,34.135,34.381,0.246
georgetown_4,georgetown,4,Georgetown CS,Northwestern PS,Aff,34.641,34.952,0.311,33.515,33.219,-0.296
georgetown_4,georgetown,4,West Georgia DK,Dartmouth CG,Aff,32.642,32.792,0.15,26.584,26.437,-0.146
georgetown_4,georgetown,4,UC Berkeley BT,Emory BS (Bellam/Shirts),Neg,29.322,28.949,-0.374,30.211,32.249,2.038
georgetown_4,georgetown,4,Iowa BW,Wake Forest BM,Aff,27.001,27.713,0.712,31.923,31.375,-0.549
georgetown_4,georgetown,4,Michigan ES (Esmailzadeh/Shetty),Macalester KP,Neg,34.259,33.661,-0.598,38.375,38.843,0.467
georgetown_4,georgetown,4,Texas AF,Emory LY,Neg,30.823,30.682,-0.141,36.697,36.819,0.123
georgetown_4,georgetown,4,UC Berkeley SU,Binghamton CT,Neg,31.235,30.746,-0.489,36.181,36.311,0.129
georgetown_4,georgetown,4,Emory MR,Dartmouth BC,Neg,30.336,30.259,-0.077,38.864,38.917,0.053
georgetown_4,georgetown,4,Dartmouth CaGu,Southern Nazarene YH,Aff,26.297,28.216,1.919,22.154,21.681,-0.474
georgetown_4,georgetown,4,Iowa AP,Emory FW,Aff,30.536,30.608,0.072,20.985,20.878,-0.107
georgetown_4,georgetown,4,Kansas WW,Northwestern AZ,Aff,32.06,32.087,0.028,19.558,19.483,-0.076
georgetown_4,georgetown,4,Cornell BD,James Madison CP,Neg,17.406,17.02,-0.386,24.394,24.567,0.173
georgetown_4,georgetown,4,James Madison BR,Michigan State JS,Aff,25.861,26.302,0.44,24.331,23.879,-0.452
georgetown_4,georgetown,4,Michigan AO,Dartmouth KR,Neg,25.362,24.977,-0.385,25.006,25.868,0.862
georgetown_4,georgetown,4,Dartmouth BJ,Emory RT,Aff,18.464,18.97,0.506,18.927,17.928,-0.998
georgetown_4,georgetown,4,Emory OS,Binghamton KR,Neg,24.044,22.077,-1.967,25.974,27.832,1.858
georgetown_4,georgetown,4,Michigan State AZ,Gonzaga DW,Neg,17.671,17.487,-0.184,27.199,27.275,0.075
georgetown_4,georgetown,4,Minnesota HK,Harvard AB,Neg,15.604,15.19,-0.414,28.022,28.119,0.098
georgetown_4,georgetown,4,Cornell DK,Michigan DS,Neg,17.801,15.709,-2.092,19.783,20.611,0.828
georgetown_4,georgetown,4,Fullerton MM,Michigan State BS,Neg,16.205,15.573,-0.631,26.395,26.553,0.158
georgetown_4,georgetown,4,Minnesota UW,Wake Forest BW,Neg,17.999,17.884,-0.115,30.674,30.714,0.04
georgetown_4,georgetown,4,Harvard FK,Kentucky GS,Neg,10.958,10.945,-0.012,28.874,28.879,0.005
georgetown_4,georgetown,4,CSU Long Beach EG,Dartmouth MM,Aff,17.495,17.833,0.338,9.671,9.342,-0.329
georgetown_5,georgetown,5,Binghamton CT,Kansas MR,Neg,36.311,36.203,-0.108,42.134,42.254,0.12
georgetown_5,georgetown,5,Harvard DS,Kansas LS,Neg,30.421,30.081,-0.34,34.893,35.061,0.168
georgetown_5,georgetown,5,Emory GH,Michigan BP,Neg,41.867,41.366,-0.501,37.955,38.349,0.393
georgetown_5,georgetown,5,Dartmouth BC,Kentucky GS,Aff,38.917,38.953,0.036,28.879,28.826,-0.053
georgetown_5,georgetown,5,Michigan SS,Emory CP,Neg,34.381,34.067,-0.315,33.72,34.077,0.357
georgetown_5,georgetown,5,Kentucky AM,Emory BS (Bellam/Shirts),Aff,37.673,37.786,0.113,32.249,31.334,-0.915
georgetown_5,georgetown,5,Georgetown CS,Wake Forest LS,Neg,34.952,34.488,-0.464,32.447,32.886,0.439
georgetown_5,georgetown,5,Michigan State GL,West Georgia DK,Neg,35.656,35.288,-0.367,32.792,33.325,0.533
georgetown_5,georgetown,5,Emory LY,Northwestern DR,Neg,36.819,36.482,-0.338,36.065,36.352,0.287
georgetown_5,georgetown,5,UC Berkeley MR,Iowa BW,Neg,31.74,31.055,-0.685,27.713,28.32,0.607
georgetown_5,georgetown,5,Macalester KP,CSU Long Beach OM,Neg,38.843,37.628,-1.215,34.915,35.304,0.389
georgetown_5,georgetown,5,Wake Forest BM,CSU Long Beach EG,Aff,31.375,31.395,0.02,17.833,17.76,-0.073
georgetown_5,georgetown,5,James Madison CP,Emory KP,Neg,24.567,24.431,-0.135,32.403,32.485,0.082
georgetown_5,georgetown,5,NYU MS,Dartmouth KR,Aff,32.987,33.114,0.126,25.868,25.622,-0.246
georgetown_5,georgetown,5,Dartmouth BJ,Michigan ES (Esmailzadeh/Shetty),Neg,18.97,18.947,-0.023,33.661,33.71,0.049
georgetown_5,georgetown,5,UC Berkeley BT,Binghamton KR,Aff,28.949,29.301,0.352,27.832,25.869,-1.963
georgetown_5,georgetown,5,Gonzaga DW,Dartmouth CG,Aff,27.275,27.625,0.35,26.437,26.105,-0.333
georgetown_5,georgetown,5,Kansas HW,Michigan DS,Neg,29.853,29.135,-0.718,20.611,23.196,2.585
georgetown_5,georgetown,5,Harvard AB,Texas AF,Neg,28.119,27.614,-0.506,30.682,30.92,0.237
georgetown_5,georgetown,5,Emory MR,Dartmouth CaGu,Aff,30.259,30.48,0.221,28.216,26.202,-2.014
georgetown_5,georgetown,5,Kansas WW,UC Berkeley SU,Aff,32.087,32.349,0.262,30.746,29.978,-0.768
georgetown_5,georgetown,5,Northwestern AL (Arney/Lundberg),Michigan State BS,Neg,29.071,28.616,-0.455,26.553,27.534,0.981
georgetown_5,georgetown,5,James Madison BR,Northwestern PS,Neg,26.302,26.132,-0.169,33.219,33.326,0.106
georgetown_5,georgetown,5,Iowa AP,Wake Forest BW,Neg,30.608,30.223,-0.386,30.714,31.148,0.433
georgetown_5,georgetown,5,Harvard FK,Michigan AO,Neg,10.945,10.896,-0.049,24.977,24.997,0.02
georgetown_5,georgetown,5,Emory RT,Southern Nazarene YH,Aff,17.928,19.127,1.199,21.681,20.446,-1.235
georgetown_5,georgetown,5,Northwestern AZ,Emory OS,Neg,19.483,18.958,-0.525,22.077,23.769,1.692
georgetown_5,georgetown,5,Cal State Fullerton DR,Emory FW,Neg,15.639,14.364,-1.275,20.878,21.129,0.251
georgetown_5,georgetown,5,Michigan State JS,Cornell BD,Aff,23.879,24.059,0.18,17.02,16.653,-0.367
georgetown_5,georgetown,5,Dartmouth MM,Minnesota HK,Aff,9.342,10.721,1.379,15.19,11.477,-3.713
georgetown_5,georgetown,5,Cornell DK,Minnesota UW,Aff,15.709,18.267,2.558,17.884,16.699,-1.186
georgetown_6,georgetown,6,Kansas MR,Kentucky AM,Aff,42.254,42.406,0.152,37.786,37.652,-0.135
georgetown_6,georgetown,6,Michigan BP,Harvard DS,Aff,38.349,38.407,0.058,30.081,29.929,-0.151
georgetown_6,georgetown,6,Kansas LS,Emory GH,Neg,35.061,34.945,-0.116,41.366,41.477,0.111
georgetown_6,georgetown,6,Emory CP,Kansas WW,Aff,34.077,34.326,0.249,32.349,32.097,-0.253
georgetown_6,georgetown,6,Northwestern DR,Gonzaga DW,Aff,36.352,36.404,0.052,27.625,27.546,-0.079
georgetown_6,georgetown,6,CSU Long Beach OM,UC Berkeley BT,Aff,35.304,35.404,0.099,29.301,29.121,-0.18
georgetown_6,georgetown,6,Iowa BW,NYU MS,Neg,28.32,28.138,-0.182,33.114,33.305,0.191
georgetown_6,georgetown,6,Wake Forest LS,Emory MR,Neg,32.886,32.469,-0.417,30.48,30.924,0.444
georgetown_6,georgetown,6,West Georgia DK,Dartmouth BC,Neg,33.325,33.175,-0.15,38.953,39.052,0.099
georgetown_6,georgetown,6,Emory KP,Wake Forest BM,Neg,32.485,32.134,-0.351,31.395,31.753,0.358
georgetown_6,georgetown,6,Emory BS (Bellam/Shirts),Michigan SS,Neg,31.334,30.168,-1.166,34.067,34.243,0.176
georgetown_6,georgetown,6,Texas AF,UC Berkeley MR,Neg,30.92,30.592,-0.328,31.055,31.467,0.412
georgetown_6,georgetown,6,Northwestern PS,Macalester KP,Aff,33.326,33.818,0.492,37.628,36.506,-1.121
georgetown_6,georgetown,6,Michigan ES (Esmailzadeh/Shetty),Binghamton CT,Aff,33.71,34.986,1.276,36.203,35.872,-0.331
georgetown_6,georgetown,6,Wake Forest BW,Michigan State GL,Neg,31.148,30.918,-0.23,35.288,35.427,0.138
georgetown_6,georgetown,6,Michigan State BS,Georgetown CS,Neg,27.534,27.309,-0.224,34.488,34.595,0.106
georgetown_6,georgetown,6,Michigan DS,Emory LY,Neg,23.196,23.126,-0.07,36.482,36.502,0.02
georgetown_6,georgetown,6,Dartmouth CG,Michigan State JS,Neg,26.105,25.66,-0.444,24.059,24.707,0.648
georgetown_6,georgetown,6,UC Berkeley SU,Georgetown PV,Aff,29.978,30.277,0.3,23.344,23.15,-0.194
georgetown_6,georgetown,6,Dartmouth CaGu,James Madison CP,Aff,26.202,27.851,1.649,24.431,24.09,-0.341
georgetown_6,georgetown,6,Kentucky GS,Emory RT,Aff,28.826,28.888,0.063,19.127,18.983,-0.144
georgetown_6,georgetown,6,Binghamton KR,Dartmouth BJ,Aff,25.869,26.58,0.711,18.947,18.784,-0.163
georgetown_6,georgetown,6,Dartmouth KR,Harvard AB,Neg,25.622,25.079,-0.543,27.614,28.111,0.498
georgetown_6,georgetown,6,Michigan AO,Northwestern AL (Arney/Lundberg),Neg,24.997,24.776,-0.22,28.616,28.819,0.203
georgetown_6,georgetown,6,Emory OS,Iowa AP,Neg,23.769,22.946,-0.824,30.223,30.36,0.137
georgetown_6,georgetown,6,Emory FW,James Madison BR,Neg,21.129,20.868,-0.261,26.132,26.368,0.236
georgetown_6,georgetown,6,Fullerton MM,Kansas HW,Neg,15.573,15.315,-0.258,29.135,29.165,0.03
georgetown_6,georgetown,6,CSU Long Beach EG,Cornell DK,Neg,17.76,16.913,-0.847,18.267,19.882,1.616
georgetown_6,georgetown,6,Southern Nazarene YH,Dartmouth MM,Aff,20.446,20.603,0.157,10.721,10.536,-0.185
georgetown_6,georgetown,6,Cornell BD,Northwestern AZ,Neg,16.653,15.957,-0.697,18.958,19.518,0.56
georgetown_6,georgetown,6,Minnesota UW,Cal State Fullerton DR,Aff,16.699,17.39,0.692,14.364,12.848,-1.516
georgetown_6,georgetown,6,Minnesota HK,Harvard FK,Aff,11.477,13.144,1.667,10.896,10.197,-0.699
georgetown_7,georgetown,7,Kansas MR,Michigan BP,Neg,42.406,41.95,-0.456,38.407,38.788,0.382
georgetown_7,georgetown,7,Dartmouth BC,Kansas LS,Aff,39.052,39.181,0.129,34.945,34.772,-0.173
georgetown_7,georgetown,7,Northwestern DR,Emory CP,Aff,36.404,36.593,0.188,34.326,34.096,-0.23
georgetown_7,georgetown,7,Emory GH,CSU Long Beach OM,Aff,41.477,41.591,0.114,35.404,35.308,-0.096
georgetown_7,georgetown,7,Michigan State JS,Kentucky AM,Neg,24.707,24.675,-0.031,37.652,37.668,0.017
georgetown_7,georgetown,7,Michigan State GL,Michigan ES (Esmailzadeh/Shetty),Aff,35.427,35.653,0.226,34.986,34.173,-0.813
georgetown_7,georgetown,7,Northwestern PS,Harvard DS,Aff,33.818,33.993,0.175,29.929,29.587,-0.343
georgetown_7,georgetown,7,Wake Forest LS,UC Berkeley MR,Aff,32.469,32.733,0.264,31.467,31.115,-0.351
georgetown_7,georgetown,7,NYU MS,Emory LY,Neg,33.305,33.062,-0.243,36.502,36.687,0.185
georgetown_7,georgetown,7,West Georgia DK,Michigan SS,Neg,33.175,32.867,-0.308,34.243,34.481,0.238
georgetown_7,georgetown,7,Wake Forest BM,Georgetown CS,Neg,31.753,31.551,-0.202,34.595,34.813,0.219
georgetown_7,georgetown,7,Iowa BW,Emory MR,Neg,28.138,27.89,-0.248,30.924,31.141,0.217
georgetown_7,georgetown,7,Harvard AB,Binghamton CT,Neg,28.111,27.939,-0.172,35.872,35.942,0.07
georgetown_7,georgetown,7,Macalester KP,Binghamton KR,Aff,36.506,36.633,0.127,26.58,26.222,-0.358
georgetown_7,georgetown,7,Dartmouth CaGu,Emory BS (Bellam/Shirts),Aff,27.851,29.79,1.939,30.168,28.614,-1.554
georgetown_7,georgetown,7,Emory KP,Michigan DS,Aff,32.134,32.196,0.062,23.126,22.915,-0.211
georgetown_7,georgetown,7,Northwestern AL (Arney/Lundberg),Texas AF,Neg,28.819,28.556,-0.263,30.592,30.847,0.255
georgetown_7,georgetown,7,Kansas WW,James Madison BR,Aff,32.097,32.222,0.125,26.368,26.17,-0.199
georgetown_7,georgetown,7,Michigan State BS,UC Berkeley BT,Neg,27.309,26.803,-0.507,29.121,29.463,0.343
georgetown_7,georgetown,7,Wake Forest BW,UC Berkeley SU,Aff,30.918,31.276,0.358,30.277,29.559,-0.718
georgetown_7,georgetown,7,Kansas HW,Gonzaga DW,Aff,29.165,29.428,0.263,27.546,27.249,-0.297
georgetown_7,georgetown,7,Iowa AP,Kentucky GS,Aff,30.36,30.664,0.304,28.888,28.602,-0.287
georgetown_7,georgetown,7,Cornell DK,Dartmouth CG,Neg,19.882,19.185,-0.697,25.66,25.798,0.138
georgetown_7,georgetown,7,Dartmouth KR,Northwestern AZ,Aff,25.079,25.371,0.292,19.518,19.197,-0.321
georgetown_7,georgetown,7,James Madison CP,Emory RT,Neg,24.09,23.328,-0.762,18.983,20.231,1.248
georgetown_7,georgetown,7,Emory OS,Southern Nazarene YH,Aff,22.946,24.216,1.27,20.603,20.084,-0.519
georgetown_7,georgetown,7,Emory FW,Michigan AO,Neg,20.868,20.566,-0.302,24.776,24.978,0.202
georgetown_7,georgetown,7,Georgetown PV,Dartmouth BJ,Neg,23.15,22.321,-0.829,18.784,19.514,0.73
georgetown_7,georgetown,7,Harvard FK,CSU Long Beach EG,Aff,10.197,11.604,1.408,16.913,15.237,-1.676
georgetown_7,georgetown,7,Cornell BD,Minnesota UW,Neg,15.957,15.254,-0.703,17.39,18.165,0.774
georgetown_7,georgetown,7,Dartmouth MM,Fullerton MM,Aff,10.536,11.68,1.143,15.315,12.101,-3.214
georgetown_7,georgetown,7,Minnesota HK,Cal State Fullerton DR,Aff,13.144,14.492,1.348,12.848,11.307,-1.541
georgetown_dubs,georgetown,dubs,UC Berkeley BT,Northwestern DR,Neg,29.463,29.332,-0.131,36.593,36.666,0.074
georgetown_dubs,georgetown,dubs,Dartmouth CaGu,Michigan BP,Neg,29.79,29.434,-0.355,38.788,38.84,0.051
georgetown_dubs,georgetown,dubs,Dartmouth BC,Kansas HW,Aff,39.181,39.217,0.037,29.428,29.378,-0.05
georgetown_dubs,georgetown,dubs,NYU MS,Michigan SS,Aff,33.062,33.501,0.439,34.481,34.165,-0.315
georgetown_dubs,georgetown,dubs,Macalester KP,Northwestern PS,Aff,36.633,37.075,0.441,33.993,33.786,-0.206
georgetown_dubs,georgetown,dubs,Wake Forest BW,Emory GH,Neg,31.276,31.221,-0.055,41.591,41.632,0.041
georgetown_dubs,georgetown,dubs,Texas AF,Wake Forest LS,Aff,30.847,31.24,0.393,32.733,32.366,-0.367
georgetown_dubs,georgetown,dubs,Michigan State GL,Iowa AP,Aff,35.653,35.767,0.114,30.664,30.497,-0.167
georgetown_dubs,georgetown,dubs,Kansas LS,Harvard DS,Aff,34.772,34.91,0.138,29.587,29.327,-0.259
georgetown_dubs,georgetown,dubs,Michigan ES (Esmailzadeh/Shetty),Kentucky AM,Aff,34.173,35.308,1.136,37.668,37.308,-0.36
georgetown_dubs,georgetown,dubs,Emory CP,UC Berkeley MR,Aff,34.096,34.289,0.193,31.115,30.864,-0.252
georgetown_dubs,georgetown,dubs,Binghamton CT,Emory MR,Aff,35.942,36.065,0.124,31.141,30.991,-0.15
georgetown_dubs,georgetown,dubs,Georgetown CS,Wake Forest BM,Neg,34.813,34.355,-0.459,31.551,31.975,0.424
georgetown_dubs,georgetown,dubs,West Georgia DK,CSU Long Beach OM,Neg,32.867,32.623,-0.243,35.308,35.487,0.179
georgetown_octas,georgetown,octas,Binghamton CT,Michigan BP,Neg,36.065,35.893,-0.172,38.84,38.998,0.159
georgetown_octas,georgetown,octas,Dartmouth BC,Macalester KP,Neg,39.217,38.928,-0.289,37.075,37.839,0.764
georgetown_octas,georgetown,octas,NYU MS,Kansas MR,Neg,33.501,33.422,-0.079,41.95,42.012,0.062
georgetown_octas,georgetown,octas,Kansas LS,Northwestern DR,Neg,34.91,34.671,-0.239,36.666,36.857,0.19
georgetown_octas,georgetown,octas,CSU Long Beach OM,Emory GH,Neg,35.487,35.396,-0.091,41.632,41.741,0.109
georgetown_octas,georgetown,octas,Wake Forest BM,Texas AF,Aff,31.975,32.231,0.256,31.24,30.966,-0.274
georgetown_octas,georgetown,octas,Michigan State GL,Emory LY,Aff,35.767,36.039,0.272,36.687,36.364,-0.323
georgetown_octas,georgetown,octas,Emory CP,Michigan ES (Esmailzadeh/Shetty),Neg,34.289,34.046,-0.243,35.308,35.921,0.613
georgetown_quarters,georgetown,quarters,Michigan State GL,Macalester KP,Aff,36.039,36.322,0.284,37.839,37.158,-0.681
georgetown_quarters,georgetown,quarters,Kansas MR,Wake Forest BM,Aff,42.012,42.055,0.043,32.231,32.189,-0.043
georgetown_quarters,georgetown,quarters,Emory GH,Northwestern DR,Aff,41.741,41.877,0.136,36.857,36.746,-0.111
georgetown_semis,georgetown,semis,Michigan State GL,Kansas MR,Neg,36.322,36.231,-0.092,42.055,42.165,0.11
georgetown_semis,georgetown,semis,Michigan BP,Emory GH,Neg,38.998,38.846,-0.152,41.877,42.065,0.188
georgetown_finals,georgetown,finals,Kansas MR,Emory GH,Aff,42.165,42.43,0.266,42.065,41.793,-0.272
dartmouthrr_1,dartmouthrr,1,Northwestern DR,Dartmouth BC,Neg,36.746,36.573,-0.173,38.928,39.097,0.168
dartmouthrr_1,dartmouthrr,1,Kentucky AM,Binghamton CT,Aff,37.308,37.517,0.209,35.893,35.688,-0.206
dartmouthrr_1,dartmouthrr,1,Emory GH,Kansas MR,Neg,41.793,41.547,-0.246,42.43,42.671,0.24
dartmouthrr_2,dartmouthrr,2,Binghamton CT,Northwestern DR,Neg,35.688,35.471,-0.216,36.573,36.776,0.203
dartmouthrr_2,dartmouthrr,2,Michigan BP,Kentucky AM,Neg,38.846,38.579,-0.266,37.517,37.807,0.291
dartmouthrr_2,dartmouthrr,2,Dartmouth BC,Emory GH,Neg,39.097,38.939,-0.158,41.547,41.731,0.184
dartmouthrr_3,dartmouthrr,3,Northwestern DR,Michigan BP,Neg,36.776,36.602,-0.174,38.579,38.752,0.172
dartmouthrr_3,dartmouthrr,3,Kansas MR,Kentucky AM,Aff,42.671,42.791,0.12,37.807,37.695,-0.112
dartmouthrr_3,dartmouthrr,3,Binghamton CT,Dartmouth BC,Neg,35.471,35.329,-0.142,38.939,39.07,0.131
dartmouthrr_4,dartmouthrr,4,Kansas MR,Northwestern DR,Aff,42.791,42.881,0.09,36.602,36.523,-0.079
dartmouthrr_4,dartmouthrr,4,Emory GH,Michigan BP,Aff,41.731,41.897,0.166,38.752,38.611,-0.14
dartmouthrr_4,dartmouthrr,4,Kentucky AM,Dartmouth BC,Neg,37.695,37.499,-0.196,39.07,39.249,0.178
dartmouthrr_5,dartmouthrr,5,Michigan BP,Binghamton CT,Aff,38.611,38.742,0.131,35.329,35.185,-0.144
dartmouthrr_5,dartmouthrr,5,Dartmouth BC,Kansas MR,Aff,39.249,39.566,0.318,42.881,42.508,-0.373
dartmouthrr_5,dartmouthrr,5,Northwestern DR,Emory GH,Neg,36.523,36.431,-0.092,41.897,42.003,0.106
dartmouthrr_6,dartmouthrr,6,Emory GH,Kentucky AM,Neg,42.003,41.601,-0.401,37.499,37.877,0.377
dartmouthrr_6,dartmouthrr,6,Kansas MR,Binghamton CT,Aff,42.508,42.575,0.067,35.185,35.12,-0.064
dartmouthrr_6,dartmouthrr,6,Dartmouth BC,Michigan BP,Neg,39.566,39.338,-0.228,38.742,38.974,0.232
dartmouthrr_7,dartmouthrr,7,Michigan BP,Kansas MR,Aff,38.974,39.281,0.307,42.575,42.218,-0.356
dartmouthrr_7,dartmouthrr,7,Binghamton CT,Emory GH,Neg,35.12,35.044,-0.076,41.601,41.681,0.08
dartmouthrr_7,dartmouthrr,7,Kentucky AM,Northwestern DR,Aff,37.877,38.06,0.183,36.431,36.256,-0.175
texas_1,texas,1,Kansas LM,Dartmouth GM,Neg,25.0,20.795,-4.205,25.0,29.205,4.205
texas_1,texas,1,Missouri State BN,Emory KP,Neg,25.0,22.219,-2.781,32.196,32.288,0.092
texas_1,texas,1,Emory MR,Kansas WW,Aff,30.991,31.345,0.354,32.222,31.87,-0.351
texas_1,texas,1,Kentucky GS,Emory SW,Aff,28.602,28.701,0.099,21.018,20.551,-0.467
texas_1,texas,1,Texas NS,West Georgia DK,Neg,25.0,22.346,-2.654,32.623,32.723,0.099
texas_1,texas,1,UC Berkeley BT,Wichita State MW,Aff,29.332,29.506,0.174,23.711,23.51,-0.201
texas_1,texas,1,Southern California MT,Michigan State BS,Neg,25.063,24.244,-0.819,26.803,27.26,0.458
texas_1,texas,1,North Texas JW (Jones/Wofford),Wake Forest EP,Aff,20.949,22.886,1.936,29.931,29.018,-0.913
texas_1,texas,1,UTD KP,Emory FW,Aff,30.069,30.139,0.07,20.566,20.474,-0.092
texas_1,texas,1,Macalester/Michigan WG,Wake Forest BM,Neg,25.0,22.217,-2.783,32.189,32.274,0.085
texas_1,texas,1,UTD KS,Dartmouth BJ,Aff,28.783,28.861,0.078,19.514,19.43,-0.084
texas_1,texas,1,Dartmouth KR,Texas AF,Neg,25.371,25.095,-0.276,30.966,31.086,0.121
texas_1,texas,1,Navy CR,Kansas EM,Aff,28.338,28.587,0.25,25.0,20.961,-4.039
texas_1,texas,1,Iowa AP,NYU MS,Aff,30.497,30.98,0.482,33.422,32.941,-0.48
texas_1,texas,1,Southern California BR,Kansas State RS,Aff,29.709,29.728,0.019,13.677,13.625,-0.052
texas_1,texas,1,Minnesota HU,Kansas LS,Neg,25.0,22.904,-2.096,34.671,34.741,0.069
texas_1,texas,1,Wake Forest LS,Emory CP,Aff,32.366,32.713,0.347,34.046,33.702,-0.343
texas_1,texas,1,Wake Forest BW,Navy LS,Aff,31.221,31.224,0.002,11.517,11.511,-0.006
texas_1,texas,1,Baylor DL,NYU JT,Aff,28.564,29.221,0.657,25.0,21.132,-3.868
texas_1,texas,1,Kansas SH,Emory GY,Aff,27.254,29.192,1.938,30.872,30.312,-0.56
texas_1,texas,1,UTD HR,Oklahoma LM,Aff,27.411,27.611,0.2,25.0,20.603,-4.397
texas_1,texas,1,Northwestern HL,CSU Long Beach OM,Neg,25.724,25.497,-0.227,35.396,35.44,0.044
texas_1,texas,1,Houston DF,Michigan State MM,Neg,24.225,24.127,-0.098,34.412,34.465,0.054
texas_1,texas,1,Minnesota PW,Purdue AH,Aff,25.0,29.205,4.205,25.0,20.795,-4.205
texas_1,texas,1,Michigan DS,Macalester KP,Neg,22.915,22.864,-0.051,37.158,37.186,0.027
texas_1,texas,1,Harvard AB,James Madison BR,Aff,27.939,28.411,0.472,26.17,25.809,-0.361
texas_1,texas,1,Kansas BW,Kentucky RS,Neg,25.165,24.872,-0.293,30.025,30.255,0.231
texas_1,texas,1,George Mason DF,Wake Forest HN,Aff,24.747,25.02,0.273,25.0,19.555,-5.445
texas_1,texas,1,Michigan AO,Southern Nazarene BS,Aff,24.978,25.192,0.214,25.0,19.632,-5.368
texas_1,texas,1,George Mason RW,Michigan ES (Esmailzadeh/Shetty),Neg,29.521,29.371,-0.15,35.921,36.159,0.238
texas_1,texas,1,Kansas AS,Binghamton TP,Aff,25.0,29.205,4.205,25.0,20.795,-4.205
texas_1,texas,1,Harvard DS,Michigan SS,Neg,29.327,29.064,-0.264,34.165,34.288,0.123
texas_1,texas,1,Houston KY,Dartmouth ML,Aff,25.0,29.205,4.205,25.0,20.795,-4.205
texas_1,texas,1,Houston AS,Michigan State GL,Neg,25.0,23.279,-1.721,36.231,36.275,0.044
texas_1,texas,1,Kansas HW,Harvard FK,Aff,29.378,29.382,0.004,11.604,11.595,-0.009
texas_1,texas,1,Binghamton KR,Georgetown CS,Neg,26.222,25.762,-0.46,34.355,34.435,0.08
texas_1,texas,1,Liberty CL,Arizona State SS,Aff,30.185,30.261,0.076,15.832,15.764,-0.067
texas_1,texas,1,Samford GP,Emory LY,Neg,20.705,20.672,-0.033,36.364,36.372,0.009
texas_1,texas,1,Dartmouth CaGu,Iowa KS,Aff,29.434,30.045,0.611,25.0,21.418,-3.582
texas_1,texas,1,Emory RT,Northwestern DR,Neg,20.231,20.215,-0.016,36.256,36.261,0.005
texas_1,texas,1,Kansas BP,Binghamton CT,Neg,25.0,22.999,-2.001,35.044,35.094,0.05
texas_1,texas,1,Dartmouth CG,Kansas HM (Martinez/Hernandez),Aff,25.798,25.991,0.193,25.0,19.965,-5.035
texas_1,texas,1,Macalester HD,Dartmouth BC,Neg,18.874,18.865,-0.009,39.338,39.34,0.001
texas_1,texas,1,Kentucky AM,Kansas State AD,Aff,38.06,38.061,0.001,17.31,17.299,-0.011
texas_1,texas,1,Iowa BW,Northern Iowa DV,Aff,27.89,28.06,0.17,25.0,20.777,-4.223
texas_1,texas,1,James Madison MO,Michigan State AG,Aff,22.424,22.963,0.54,22.685,21.865,-0.821
texas_1,texas,1,Wichita State GM,Michigan BP,Neg,19.266,19.264,-0.002,39.281,39.282,0.001
texas_1,texas,1,James Madison CP,Kansas State SS,Aff,23.328,23.589,0.261,20.14,18.845,-1.295
texas_1,texas,1,Michigan State JS,Georgetown PV,Aff,24.675,25.018,0.342,22.321,21.966,-0.355
texas_1,texas,1,Southern California BrRe,Emory GH,Neg,25.688,25.673,-0.015,41.681,41.687,0.005
texas_1,texas,1,Northwestern AL (Arney/Lundberg),Kansas MR,Neg,28.556,28.541,-0.015,42.218,42.229,0.011
texas_1,texas,1,Stanford LL,Kansas HB,Aff,29.941,30.068,0.127,20.056,19.7,-0.356
texas_1,texas,1,Emory OP,Indiana FM,Aff,24.627,24.643,0.016,7.447,7.406,-0.041
texas_2,texas,2,Indiana FM,Wake Forest LS,Neg,7.406,7.405,-0.001,32.713,32.713,0.0
texas_2,texas,2,Kansas MR,Emory OP,Aff,42.229,42.232,0.003,24.643,24.636,-0.007
texas_2,texas,2,Kansas HB,Southern California BrRe,Neg,19.7,19.03,-0.67,25.673,25.925,0.251
texas_2,texas,2,Emory GH,Stanford LL,Aff,41.687,41.71,0.023,30.068,30.003,-0.065
texas_2,texas,2,Northern Iowa DV,Wichita State GM,Neg,20.777,16.425,-4.351,19.264,19.709,0.445
texas_2,texas,2,Michigan BP,Iowa BW,Aff,39.282,39.302,0.02,28.06,28.024,-0.036
texas_2,texas,2,Kansas State SS,Kansas BP,Aff,18.845,20.416,1.571,22.999,17.415,-5.583
texas_2,texas,2,Kansas State AD,Macalester HD,Neg,17.299,16.105,-1.195,18.865,19.899,1.034
texas_2,texas,2,Dartmouth BC,Kentucky AM,Aff,39.34,39.509,0.169,38.061,37.877,-0.184
texas_2,texas,2,Binghamton CT,James Madison CP,Aff,35.094,35.115,0.021,23.589,23.546,-0.043
texas_2,texas,2,Kansas HM (Martinez/Hernandez),Emory RT,Neg,19.965,16.384,-3.581,20.215,20.693,0.478
texas_2,texas,2,Iowa KS,Samford GP,Aff,21.418,25.134,3.717,20.672,20.025,-0.647
texas_2,texas,2,Northwestern DR,Dartmouth CaGu,Aff,36.261,36.337,0.077,30.045,29.516,-0.529
texas_2,texas,2,Arizona State SS,Binghamton KR,Neg,15.764,15.566,-0.198,25.762,26.062,0.3
texas_2,texas,2,Emory LY,Dartmouth CG,Aff,36.372,36.409,0.037,25.991,25.946,-0.045
texas_2,texas,2,Harvard FK,Houston AS,Neg,11.595,11.462,-0.133,23.279,24.49,1.212
texas_2,texas,2,Georgetown CS,Liberty CL,Aff,34.435,34.591,0.157,30.261,29.642,-0.619
texas_2,texas,2,Michigan State GL,Kansas HW,Aff,36.275,36.345,0.071,29.382,29.282,-0.1
texas_2,texas,2,Dartmouth ML,Kansas BW,Neg,20.795,17.826,-2.968,24.872,25.138,0.266
texas_2,texas,2,Binghamton TP,Harvard DS,Neg,20.795,18.952,-1.843,29.064,29.212,0.148
texas_2,texas,2,Michigan SS,Kansas AS,Neg,34.288,34.04,-0.248,29.205,35.649,6.443
texas_2,texas,2,Southern Nazarene BS,George Mason RW,Neg,19.632,18.472,-1.16,29.371,29.463,0.092
texas_2,texas,2,Michigan ES (Esmailzadeh/Shetty),Minnesota PW,Neg,36.159,35.471,-0.689,29.205,36.301,7.095
texas_2,texas,2,Wake Forest HN,Michigan DS,Neg,19.555,16.954,-2.601,22.864,23.342,0.478
texas_2,texas,2,Kentucky RS,Houston KY,Neg,30.255,29.916,-0.339,29.205,33.946,4.74
texas_2,texas,2,Wake Forest EP,Iowa AP,Neg,29.018,28.709,-0.309,30.98,31.232,0.252
texas_2,texas,2,Macalester KP,George Mason DF,Aff,37.186,37.23,0.045,25.02,24.983,-0.038
texas_2,texas,2,Purdue AH,Houston DF,Neg,20.795,17.6,-3.194,24.127,24.434,0.308
texas_2,texas,2,Michigan State MM,Michigan AO,Aff,34.465,34.529,0.064,25.192,25.129,-0.063
texas_2,texas,2,Oklahoma LM,Missouri State BN,Neg,20.603,17.878,-2.725,22.219,25.285,3.065
texas_2,texas,2,CSU Long Beach OM,UTD HR,Aff,35.44,35.502,0.062,27.611,27.509,-0.102
texas_2,texas,2,NYU JT,Kansas SH,Neg,21.132,19.442,-1.69,29.192,29.552,0.36
texas_2,texas,2,Emory GY,Baylor DL,Aff,30.312,30.64,0.328,29.221,28.106,-1.115
texas_2,texas,2,Emory CP,Kansas LM,Aff,33.702,33.741,0.038,20.795,19.858,-0.937
texas_2,texas,2,Navy LS,Minnesota HU,Aff,11.511,12.786,1.275,22.904,13.988,-8.916
texas_2,texas,2,Kansas LS,Wake Forest BW,Aff,34.741,34.915,0.174,31.224,30.991,-0.232
texas_2,texas,2,Kansas State RS,Harvard AB,Neg,13.625,13.548,-0.076,28.411,28.442,0.03
texas_2,texas,2,NYU MS,Northwestern AL (Arney/Lundberg),Neg,32.941,32.409,-0.532,28.541,29.06,0.519
texas_2,texas,2,Kansas EM,Dartmouth KR,Neg,20.961,18.366,-2.595,25.095,25.385,0.29
texas_2,texas,2,Dartmouth BJ,Macalester/Michigan WG,Neg,19.43,19.2,-0.229,22.217,25.441,3.225
texas_2,texas,2,Texas AF,Southern California BR,Aff,31.086,31.321,0.234,29.728,29.295,-0.433
texas_2,texas,2,Emory FW,Texas NS,Neg,20.474,20.187,-0.287,22.346,25.893,3.547
texas_2,texas,2,Wake Forest BM,Navy CR,Aff,32.274,32.429,0.156,28.587,28.278,-0.309
texas_2,texas,2,West Georgia DK,UTD KP,Aff,32.723,32.949,0.226,30.139,29.87,-0.269
texas_2,texas,2,Wichita State MW,Southern California MT,Neg,23.51,23.113,-0.397,24.244,25.093,0.849
texas_2,texas,2,Kansas WW,North Texas JW (Jones/Wofford),Aff,31.87,31.93,0.06,22.886,22.721,-0.164
texas_2,texas,2,Emory SW,Northwestern HL,Neg,20.551,19.889,-0.663,25.497,26.031,0.534
texas_2,texas,2,Emory KP,UC Berkeley BT,Aff,32.288,32.483,0.195,29.506,29.231,-0.275
texas_2,texas,2,Dartmouth GM,Emory MR,Neg,29.205,25.584,-3.622,31.345,31.507,0.162
texas_2,texas,2,Georgetown PV,James Madison MO,Neg,21.966,21.561,-0.406,22.963,23.413,0.45
texas_2,texas,2,Michigan State AG,Kentucky GS,Neg,21.865,21.61,-0.255,28.701,28.81,0.109
texas_2,texas,2,James Madison BR,Michigan State JS,Neg,25.809,25.327,-0.482,25.018,25.511,0.494
texas_2,texas,2,Michigan State BS,UTD KS,Aff,27.26,27.945,0.684,28.861,28.389,-0.472
texas_3,texas,3,Navy CR,Kansas HW,Neg,28.278,27.841,-0.437,29.282,29.548,0.266
texas_3,texas,3,Iowa KS,UTD KS,Neg,25.134,22.969,-2.166,28.389,28.596,0.207
texas_3,texas,3,Kansas BP,Kansas State AD,Neg,17.415,14.109,-3.306,16.105,17.299,1.194
texas_3,texas,3,Emory FW,Kansas HB,Aff,20.187,20.567,0.38,19.03,17.841,-1.188
texas_3,texas,3,Kentucky GS,Michigan State GL,Neg,28.81,28.72,-0.09,36.345,36.406,0.061
texas_3,texas,3,Wake Forest HN,Wichita State MW,Aff,16.954,21.736,4.781,23.113,22.545,-0.567
texas_3,texas,3,North Texas JW (Jones/Wofford),Stanford LL,Neg,22.721,22.488,-0.233,30.003,30.196,0.193
texas_3,texas,3,Southern California MT,Emory CP,Neg,25.093,24.891,-0.201,33.741,33.801,0.06
texas_3,texas,3,Arizona State SS,Georgetown PV,Neg,15.566,15.175,-0.391,21.561,21.736,0.175
texas_3,texas,3,Kansas AS,Texas AF,Aff,35.649,37.43,1.782,31.321,31.188,-0.132
texas_3,texas,3,Texas NS,Macalester/Michigan WG,Aff,25.893,28.418,2.525,25.441,22.897,-2.544
texas_3,texas,3,Purdue AH,Michigan State AG,Aff,17.6,22.131,4.531,21.61,20.867,-0.742
texas_3,texas,3,Emory SW,Wake Forest EP,Neg,19.889,19.592,-0.297,28.709,28.796,0.088
texas_3,texas,3,Kansas WW,Emory GY,Neg,31.93,31.596,-0.334,30.64,31.104,0.464
texas_3,texas,3,Emory GH,James Madison MO,Aff,41.71,41.711,0.002,23.413,23.409,-0.004
texas_3,texas,3,Dartmouth GM,Liberty CL,Neg,25.584,23.529,-2.055,29.642,30.148,0.506
texas_3,texas,3,Dartmouth CaGu,George Mason RW,Neg,29.516,28.341,-1.176,29.463,29.831,0.368
texas_3,texas,3,Houston DF,Michigan ES (Esmailzadeh/Shetty),Neg,24.434,24.357,-0.077,35.471,35.548,0.077
texas_3,texas,3,Michigan State MM,Wake Forest LS,Aff,34.529,34.799,0.269,32.713,32.5,-0.213
texas_3,texas,3,Minnesota HU,Kansas HM (Martinez/Hernandez),Aff,13.988,16.852,2.864,16.384,13.537,-2.847
texas_3,texas,3,Harvard DS,Emory RT,Aff,29.212,29.332,0.12,20.693,20.538,-0.156
texas_3,texas,3,Kentucky AM,Binghamton KR,Aff,37.877,37.9,0.023,26.062,25.895,-0.166
texas_3,texas,3,CSU Long Beach OM,Emory MR,Aff,35.502,35.634,0.132,31.507,31.346,-0.161
texas_3,texas,3,Dartmouth KR,Southern California BR,Neg,25.385,25.046,-0.339,29.295,29.569,0.275
texas_3,texas,3,Kansas LM,Kansas State RS,Aff,19.858,21.836,1.979,13.548,13.04,-0.508
texas_3,texas,3,Emory KP,Kansas LS,Neg,32.483,32.281,-0.202,34.915,35.117,0.202
texas_3,texas,3,Michigan State JS,Georgetown CS,Neg,25.511,25.427,-0.084,34.591,34.648,0.057
texas_3,texas,3,Kansas EM,George Mason DF,Neg,18.366,16.94,-1.426,24.983,25.133,0.15
texas_3,texas,3,Harvard FK,Dartmouth BJ,Neg,11.462,11.261,-0.201,19.2,19.318,0.117
texas_3,texas,3,Houston KY,Michigan BP,Neg,33.946,32.249,-1.697,39.302,39.383,0.081
texas_3,texas,3,Northwestern HL,Dartmouth CG,Neg,26.031,25.013,-1.018,25.946,26.256,0.309
texas_3,texas,3,Binghamton TP,Dartmouth ML,Neg,18.952,15.678,-3.274,17.826,20.804,2.978
texas_3,texas,3,Wake Forest BW,Michigan AO,Aff,30.991,31.138,0.147,25.129,24.994,-0.134
texas_3,texas,3,West Georgia DK,Binghamton CT,Neg,32.949,32.713,-0.236,35.115,35.278,0.163
texas_3,texas,3,Macalester KP,Harvard AB,Aff,37.23,37.34,0.11,28.442,28.317,-0.124
texas_3,texas,3,Iowa AP,Michigan State BS,Aff,31.232,31.43,0.198,27.945,27.608,-0.337
texas_3,texas,3,Northwestern DR,Baylor DL,Aff,36.337,36.388,0.051,28.106,27.801,-0.305
texas_3,texas,3,Michigan SS,Navy LS,Aff,34.04,34.041,0.001,12.786,12.784,-0.002
texas_3,texas,3,Kansas BW,Northwestern AL (Arney/Lundberg),Neg,25.138,24.819,-0.319,29.06,29.231,0.171
texas_3,texas,3,Kentucky RS,Kansas State SS,Aff,29.916,30.008,0.092,20.416,20.08,-0.337
texas_3,texas,3,NYU MS,Northern Iowa DV,Aff,32.409,32.427,0.018,16.425,16.223,-0.203
texas_3,texas,3,Dartmouth BC,Wake Forest BM,Neg,39.509,39.105,-0.404,32.429,32.978,0.549
texas_3,texas,3,UTD HR,Emory OP,Aff,27.509,27.761,0.252,24.636,24.23,-0.406
texas_3,texas,3,James Madison CP,Macalester HD,Neg,23.546,22.98,-0.566,19.899,21.647,1.748
texas_3,texas,3,Michigan DS,Wichita State GM,Aff,23.342,23.857,0.515,19.709,19.397,-0.312
texas_3,texas,3,Southern Nazarene BS,Samford GP,Neg,18.472,15.825,-2.647,20.025,20.636,0.611
texas_3,texas,3,Kansas MR,Minnesota PW,Aff,42.232,42.319,0.087,36.301,34.861,-1.439
texas_3,texas,3,UTD KP,Southern California BrRe,Neg,29.87,29.321,-0.549,25.925,26.839,0.915
texas_3,texas,3,Iowa BW,Houston AS,Neg,28.024,27.702,-0.322,24.49,29.694,5.204
texas_3,texas,3,Oklahoma LM,James Madison BR,Neg,17.878,16.522,-1.356,25.327,25.46,0.133
texas_3,texas,3,Kansas SH,Emory LY,Aff,29.552,31.672,2.12,36.409,35.924,-0.486
texas_4,texas,4,Dartmouth BJ,Iowa BW,Aff,19.318,20.243,0.925,27.702,26.953,-0.749
texas_4,texas,4,Navy LS,Kansas BW,Neg,12.784,12.696,-0.088,24.819,24.873,0.054
texas_4,texas,4,Kansas HM (Martinez/Hernandez),Harvard FK,Aff,13.537,15.292,1.755,11.261,10.822,-0.439
texas_4,texas,4,Wake Forest EP,Navy CR,Neg,28.796,28.376,-0.42,27.841,28.365,0.524
texas_4,texas,4,Emory MR,UTD HR,Aff,31.346,31.513,0.167,27.761,27.54,-0.221
texas_4,texas,4,Minnesota PW,Texas NS,Neg,34.861,31.561,-3.3,28.418,32.104,3.686
texas_4,texas,4,Liberty CL,Kentucky AM,Neg,30.148,29.873,-0.275,37.9,37.957,0.057
texas_4,texas,4,Houston AS,Wake Forest BW,Aff,29.694,32.787,3.093,31.138,30.812,-0.327
texas_4,texas,4,Emory CP,Houston KY,Aff,33.801,33.981,0.18,32.249,30.096,-2.153
texas_4,texas,4,Macalester HD,Emory KP,Neg,21.647,21.486,-0.161,32.281,32.321,0.039
texas_4,texas,4,James Madison MO,Michigan SS,Neg,23.409,23.345,-0.064,34.041,34.073,0.032
texas_4,texas,4,Binghamton CT,Kansas SH,Aff,35.278,35.402,0.124,31.672,31.094,-0.578
texas_4,texas,4,Wichita State GM,Dartmouth GM,Aff,19.397,19.984,0.587,23.529,19.788,-3.741
texas_4,texas,4,Wake Forest BM,CSU Long Beach OM,Neg,32.978,32.803,-0.175,35.634,35.796,0.162
texas_4,texas,4,Michigan State AG,Kansas EM,Aff,20.867,21.218,0.351,16.94,15.298,-1.643
texas_4,texas,4,Emory LY,Purdue AH,Aff,35.924,35.947,0.023,22.131,21.871,-0.259
texas_4,texas,4,Missouri State BN,Dartmouth BC,Neg,25.285,24.783,-0.502,39.105,39.124,0.02
texas_4,texas,4,Texas AF,Minnesota HU,Aff,31.188,31.209,0.02,16.852,16.642,-0.211
texas_4,texas,4,Michigan AO,Kansas WW,Aff,24.994,25.648,0.654,31.596,31.052,-0.545
texas_4,texas,4,Baylor DL,Southern Nazarene BS,Aff,27.801,27.966,0.165,15.825,15.374,-0.452
texas_4,texas,4,Georgetown CS,Michigan State MM,Aff,34.648,34.943,0.295,34.799,34.46,-0.338
texas_4,texas,4,Kansas State AD,Dartmouth KR,Neg,17.299,16.913,-0.385,25.046,25.21,0.164
texas_4,texas,4,Kansas HB,Oklahoma LM,Aff,17.841,18.697,0.856,16.522,14.241,-2.281
texas_4,texas,4,Southern California BR,Kentucky GS,Neg,29.569,29.052,-0.518,28.72,29.07,0.35
texas_4,texas,4,Kansas HW,Michigan DS,Aff,29.548,29.67,0.122,23.857,23.517,-0.34
texas_4,texas,4,Kansas State SS,Houston DF,Aff,20.08,22.145,2.065,24.357,23.557,-0.8
texas_4,texas,4,Emory GY,Southern California MT,Aff,31.104,31.245,0.141,24.891,24.573,-0.318
texas_4,texas,4,Northern Iowa DV,Binghamton TP,Aff,16.223,18.355,2.132,15.678,13.269,-2.409
texas_4,texas,4,Kansas State RS,Kansas BP,Neg,13.04,12.124,-0.915,14.109,16.171,2.062
texas_4,texas,4,Kansas LS,Iowa AP,Aff,35.117,35.278,0.161,31.43,31.247,-0.182
texas_4,texas,4,Macalester/Michigan WG,Iowa KS,Neg,22.897,20.63,-2.267,22.969,25.028,2.059
texas_4,texas,4,Emory OP,Arizona State SS,Aff,24.23,24.353,0.124,15.175,14.977,-0.198
texas_4,texas,4,Dartmouth ML,James Madison CP,Aff,20.804,24.198,3.394,22.98,22.592,-0.389
texas_4,texas,4,UTD KS,Kansas MR,Neg,28.596,28.579,-0.018,42.319,42.329,0.01
texas_4,texas,4,Michigan ES (Esmailzadeh/Shetty),Kentucky RS,Aff,35.548,35.799,0.251,30.008,29.82,-0.189
texas_4,texas,4,Michigan State GL,Northwestern DR,Neg,36.406,36.182,-0.224,36.388,36.595,0.207
texas_4,texas,4,George Mason RW,Macalester KP,Neg,29.831,29.722,-0.109,37.34,37.481,0.141
texas_4,texas,4,Dartmouth CG,Emory GH,Neg,26.256,26.248,-0.008,41.711,41.717,0.005
texas_4,texas,4,Michigan State BS,Emory FW,Aff,27.608,27.77,0.162,20.567,20.42,-0.147
texas_4,texas,4,James Madison BR,NYU MS,Neg,25.46,25.328,-0.132,32.427,32.526,0.099
texas_4,texas,4,George Mason DF,Harvard DS,Neg,25.133,24.91,-0.224,29.332,29.601,0.269
texas_4,texas,4,Georgetown PV,Dartmouth CaGu,Neg,21.736,21.583,-0.153,28.341,28.727,0.386
texas_4,texas,4,Northwestern AL (Arney/Lundberg),UC Berkeley BT,Neg,29.231,28.934,-0.298,29.231,29.621,0.39
texas_4,texas,4,Binghamton KR,Emory SW,Aff,25.895,26.423,0.527,19.592,19.136,-0.456
texas_4,texas,4,Southern California BrRe,West Georgia DK,Neg,26.839,26.616,-0.224,32.713,32.833,0.12
texas_4,texas,4,Stanford LL,Wake Forest HN,Aff,30.196,30.354,0.158,21.736,21.089,-0.647
texas_4,texas,4,Michigan BP,Kansas AS,Neg,39.383,39.191,-0.192,37.43,40.301,2.871
texas_4,texas,4,Emory RT,North Texas JW (Jones/Wofford),Neg,20.538,20.063,-0.474,22.488,23.022,0.534
texas_4,texas,4,NYU JT,Northwestern HL,Neg,19.442,17.611,-1.831,25.013,25.392,0.379
texas_4,texas,4,Samford GP,UTD KP,Neg,20.636,20.429,-0.207,29.321,29.401,0.079
texas_4,texas,4,Harvard AB,Michigan State JS,Neg,28.317,27.57,-0.747,25.427,25.996,0.569
texas_5,texas,5,NYU MS,Wake Forest BW,Aff,32.526,32.77,0.244,30.812,30.532,-0.28
texas_5,texas,5,Houston DF,Northern Iowa DV,Aff,23.557,23.8,0.243,18.355,17.154,-1.201
texas_5,texas,5,Kansas HW,Wake Forest BM,Neg,29.67,29.482,-0.188,32.803,32.961,0.158
texas_5,texas,5,Emory OP,Kentucky RS,Aff,24.353,25.315,0.962,29.82,29.085,-0.734
texas_5,texas,5,Missouri State BN,Southern California BrRe,Neg,24.783,22.155,-2.628,26.616,26.952,0.336
texas_5,texas,5,North Texas JW (Jones/Wofford),Minnesota PW,Neg,23.022,22.849,-0.173,31.561,32.158,0.597
texas_5,texas,5,Michigan State AG,Emory RT,Aff,21.218,21.763,0.545,20.063,19.566,-0.497
texas_5,texas,5,Binghamton TP,Oklahoma LM,Neg,13.269,11.307,-1.962,14.241,15.985,1.743
texas_5,texas,5,Emory FW,Navy LS,Aff,20.42,20.546,0.126,12.696,12.459,-0.238
texas_5,texas,5,Texas AF,Emory GY,Neg,31.209,30.938,-0.271,31.245,31.613,0.368
texas_5,texas,5,Southern California BR,Dartmouth ML,Aff,29.052,29.256,0.204,24.198,23.042,-1.156
texas_5,texas,5,Northwestern AL (Arney/Lundberg),Dartmouth BJ,Aff,28.934,28.995,0.061,20.243,20.16,-0.083
texas_5,texas,5,Dartmouth BC,Emory MR,Neg,39.124,38.715,-0.41,31.513,32.113,0.599
texas_5,texas,5,Kansas HM (Martinez/Hernandez),James Madison CP,Neg,15.292,14.589,-0.703,22.592,22.716,0.124
texas_5,texas,5,UC Berkeley BT,UTD KP,Aff,29.621,29.981,0.36,29.401,29.065,-0.336
texas_5,texas,5,Wichita State GM,Harvard AB,Neg,19.984,19.844,-0.14,27.57,27.716,0.146
texas_5,texas,5,Macalester/Michigan WG,NYU JT,Aff,20.63,22.016,1.387,17.611,15.753,-1.858
texas_5,texas,5,Dartmouth KR,Liberty CL,Neg,25.21,24.937,-0.273,29.873,30.333,0.46
texas_5,texas,5,Kansas State SS,Binghamton KR,Neg,22.145,21.504,-0.64,26.423,27.078,0.656
texas_5,texas,5,Indiana FM,Kansas WW,Neg,7.405,7.403,-0.002,31.052,31.052,0.0
texas_5,texas,5,Wichita State MW,Iowa BW,Neg,22.545,22.324,-0.221,26.953,27.119,0.166
texas_5,texas,5,Kansas State RS,Emory SW,Neg,12.124,11.725,-0.399,19.136,19.511,0.375
texas_5,texas,5,Harvard DS,Michigan BP,Neg,29.601,29.519,-0.082,39.191,39.223,0.032
texas_5,texas,5,Georgetown CS,Emory CP,Aff,34.943,35.191,0.248,33.981,33.749,-0.232
texas_5,texas,5,Michigan SS,Emory KP,Aff,34.073,34.271,0.198,32.321,32.104,-0.217
texas_5,texas,5,Iowa AP,Houston AS,Aff,31.247,31.544,0.296,32.787,30.369,-2.417
texas_5,texas,5,Kansas BP,Southern California MT,Neg,16.171,15.543,-0.627,24.573,24.785,0.212
texas_5,texas,5,Michigan State GL,Texas NS,Aff,36.182,36.292,0.109,32.104,30.805,-1.299
texas_5,texas,5,Samford GP,Purdue AH,Aff,20.429,21.227,0.798,21.871,19.339,-2.532
texas_5,texas,5,Michigan ES (Esmailzadeh/Shetty),Michigan State MM,Neg,35.799,35.146,-0.654,34.46,34.824,0.364
texas_5,texas,5,Minnesota HU,Dartmouth GM,Aff,16.642,19.202,2.56,19.788,17.55,-2.238
texas_5,texas,5,UTD KS,Kansas LM,Neg,28.579,28.099,-0.479,21.836,27.298,5.462
texas_5,texas,5,George Mason DF,Wake Forest LS,Aff,24.91,25.765,0.855,32.5,31.942,-0.558
texas_5,texas,5,Wake Forest HN,Kansas HB,Neg,21.089,18.859,-2.23,18.697,19.91,1.213
texas_5,texas,5,Iowa KS,Dartmouth CG,Neg,25.028,23.208,-1.82,26.248,26.48,0.232
texas_5,texas,5,Dartmouth CaGu,Michigan DS,Aff,28.727,29.184,0.457,23.517,23.171,-0.345
texas_5,texas,5,Kansas AS,Macalester KP,Neg,40.301,37.925,-2.376,37.481,38.022,0.541
texas_5,texas,5,Georgetown PV,Kansas State AD,Aff,21.583,21.79,0.207,16.913,16.304,-0.609
texas_5,texas,5,Kansas LS,Northwestern DR,Aff,35.278,35.598,0.32,36.595,36.359,-0.236
texas_5,texas,5,Michigan AO,Houston KY,Neg,25.648,25.495,-0.154,30.096,31.27,1.174
texas_5,texas,5,Navy CR,George Mason RW,Neg,28.365,27.995,-0.37,29.722,30.032,0.311
texas_5,texas,5,West Georgia DK,Michigan State JS,Neg,32.833,32.242,-0.591,25.996,26.794,0.798
texas_5,texas,5,Arizona State SS,Harvard FK,Aff,14.977,15.449,0.472,10.822,10.471,-0.352
texas_5,texas,5,Binghamton CT,CSU Long Beach OM,Neg,35.402,35.198,-0.204,35.796,36.016,0.22
texas_5,texas,5,Kansas SH,Kentucky GS,Aff,31.094,31.758,0.664,29.07,28.845,-0.225
texas_5,texas,5,Northwestern HL,Baylor DL,Neg,25.392,24.802,-0.59,27.966,28.681,0.715
texas_5,texas,5,Michigan State BS,Kentucky AM,Aff,27.77,29.034,1.264,37.957,37.433,-0.524
texas_5,texas,5,Macalester HD,UTD HR,Neg,21.486,21.073,-0.413,27.54,27.678,0.138
texas_5,texas,5,Kansas EM,Southern Nazarene BS,Neg,15.298,13.451,-1.847,15.374,17.401,2.027
texas_5,texas,5,Kansas MR,Emory GH,Aff,42.329,42.539,0.21,41.717,41.501,-0.216
texas_5,texas,5,Emory LY,Stanford LL,Aff,35.947,36.056,0.109,30.354,30.107,-0.247
texas_6,texas,6,Kansas State AD,UTD KS,Neg,16.304,16.181,-0.123,28.099,28.139,0.039
texas_6,texas,6,Harvard AB,NYU MS,Neg,27.716,27.485,-0.231,32.77,32.907,0.137
texas_6,texas,6,Emory KP,Michigan State AG,Aff,32.104,32.142,0.038,21.763,21.674,-0.089
texas_6,texas,6,Northwestern DR,Emory LY,Neg,36.359,36.155,-0.204,36.056,36.33,0.274
texas_6,texas,6,Southern California BrRe,Harvard DS,Aff,26.952,27.629,0.677,29.519,28.908,-0.611
texas_6,texas,6,Wake Forest BW,Macalester HD,Aff,30.532,30.596,0.064,21.073,20.883,-0.189
texas_6,texas,6,Emory GY,Kansas AS,Aff,31.613,32.176,0.563,37.925,35.272,-2.653
texas_6,texas,6,Michigan BP,Michigan State BS,Aff,39.223,39.251,0.027,29.034,28.968,-0.066
texas_6,texas,6,James Madison CP,Michigan AO,Neg,22.716,22.453,-0.263,25.495,25.703,0.209
texas_6,texas,6,Emory CP,George Mason DF,Neg,33.749,33.196,-0.553,25.765,26.595,0.83
texas_6,texas,6,Liberty CL,Texas AF,Aff,30.333,31.232,0.899,30.938,30.668,-0.27
texas_6,texas,6,Michigan State MM,Kansas MR,Neg,34.824,34.743,-0.081,42.539,42.596,0.057
texas_6,texas,6,Kansas HB,North Texas JW (Jones/Wofford),Aff,19.91,21.235,1.325,22.849,22.036,-0.813
texas_6,texas,6,Houston AS,Samford GP,Aff,30.369,30.795,0.425,21.227,21.044,-0.183
texas_6,texas,6,Oklahoma LM,Wake Forest HN,Neg,15.985,14.696,-1.289,18.859,19.87,1.012
texas_6,texas,6,Texas NS,Northwestern AL (Arney/Lundberg),Neg,30.805,28.639,-2.166,28.995,29.292,0.297
texas_6,texas,6,Kentucky RS,Minnesota HU,Aff,29.085,29.164,0.078,19.202,18.791,-0.411
texas_6,texas,6,Kansas WW,Dartmouth KR,Aff,31.052,31.152,0.1,24.937,24.735,-0.202
texas_6,texas,6,Wake Forest BM,Kansas SH,Aff,32.961,33.158,0.198,31.758,31.076,-0.682
texas_6,texas,6,Dartmouth CG,Michigan ES (Esmailzadeh/Shetty),Neg,26.48,26.413,-0.067,35.146,35.261,0.115
texas_6,texas,6,Wake Forest LS,Missouri State BN,Aff,31.942,31.995,0.052,22.155,21.517,-0.638
texas_6,texas,6,Purdue AH,Kansas EM,Aff,19.339,20.17,0.831,13.451,12.61,-0.841
texas_6,texas,6,Indiana FM,Binghamton TP,Aff,7.403,9.099,1.696,11.307,8.6,-2.707
texas_6,texas,6,Binghamton KR,Kansas BW,Neg,27.078,25.714,-1.364,24.873,25.489,0.616
texas_6,texas,6,Navy LS,Wichita State MW,Neg,12.459,12.32,-0.139,22.324,22.394,0.07
texas_6,texas,6,UTD HR,Dartmouth BC,Neg,27.678,27.639,-0.039,38.715,38.735,0.02
texas_6,texas,6,UTD KP,Macalester/Michigan WG,Aff,29.065,29.174,0.109,22.016,21.263,-0.753
texas_6,texas,6,Dartmouth ML,Emory FW,Aff,23.042,24.387,1.345,20.546,20.263,-0.283
texas_6,texas,6,Michigan DS,Wake Forest EP,Neg,23.171,22.842,-0.329,28.376,28.539,0.163
texas_6,texas,6,Kentucky AM,Georgetown PV,Aff,37.433,37.438,0.005,21.79,21.781,-0.01
texas_6,texas,6,George Mason RW,Kansas HW,Neg,30.032,29.644,-0.388,29.482,29.786,0.304
texas_6,texas,6,Kansas LM,Michigan State GL,Neg,27.298,26.665,-0.634,36.292,36.341,0.049
texas_6,texas,6,Minnesota PW,Southern California BR,Neg,32.158,29.779,-2.379,29.256,29.75,0.494
texas_6,texas,6,Michigan State JS,Binghamton CT,Neg,26.794,26.709,-0.085,35.198,35.244,0.046
texas_6,texas,6,Baylor DL,Emory OP,Aff,28.681,29.275,0.594,25.315,25.005,-0.31
texas_6,texas,6,Kentucky GS,Dartmouth CaGu,Neg,28.845,28.574,-0.271,29.184,30.052,0.868
texas_6,texas,6,NYU JT,Arizona State SS,Aff,15.753,17.976,2.224,15.449,14.813,-0.636
texas_6,texas,6,Houston KY,West Georgia DK,Neg,31.27,29.707,-1.563,32.242,32.464,0.222
texas_6,texas,6,Dartmouth BJ,Houston DF,Neg,20.16,19.936,-0.224,23.8,24.116,0.316
texas_6,texas,6,Stanford LL,UC Berkeley BT,Aff,30.107,30.651,0.544,29.981,29.639,-0.342
texas_6,texas,6,Macalester KP,Georgetown CS,Aff,38.022,38.329,0.307,35.191,35.01,-0.181
texas_6,texas,6,CSU Long Beach OM,Kansas LS,Aff,36.016,36.229,0.213,35.598,35.349,-0.249
texas_6,texas,6,Emory SW,Wichita State GM,Aff,19.511,20.536,1.024,19.844,19.382,-0.462
texas_6,texas,6,Emory GH,Michigan SS,Aff,41.501,41.567,0.066,34.271,34.2,-0.071
texas_6,texas,6,Harvard FK,Kansas State RS,Neg,10.471,9.978,-0.493,11.725,12.609,0.883
texas_6,texas,6,Southern Nazarene BS,Kansas BP,Neg,17.401,15.321,-2.08,15.543,17.445,1.901
texas_6,texas,6,Southern California MT,Northwestern HL,Neg,24.785,24.074,-0.71,24.802,25.57,0.768
texas_6,texas,6,Emory MR,Iowa AP,Neg,32.113,31.828,-0.284,31.544,31.863,0.319
texas_6,texas,6,Northern Iowa DV,Kansas State SS,Neg,17.154,16.036,-1.118,21.504,22.067,0.563
texas_6,texas,6,Dartmouth GM,Kansas HM (Martinez/Hernandez),Aff,17.55,18.643,1.093,14.589,13.47,-1.12
texas_6,texas,6,Iowa BW,Navy CR,Aff,27.119,27.464,0.345,27.995,27.524,-0.471
texas_7,texas,7,Houston DF,Texas NS,Neg,24.116,23.864,-0.252,28.639,29.443,0.804
texas_7,texas,7,Dartmouth ML,Texas AF,Aff,24.387,27.183,2.796,30.668,30.26,-0.408
texas_7,texas,7,Michigan State GL,Wake Forest BM,Aff,36.341,36.475,0.134,33.158,33.008,-0.15
texas_7,texas,7,Dartmouth BC,Northwestern AL (Arney/Lundberg),Aff,38.735,38.766,0.031,29.292,29.245,-0.047
texas_7,texas,7,Southern California BrRe,Kentucky AM,Neg,27.629,27.55,-0.078,37.438,37.47,0.032
texas_7,texas,7,UTD HR,Wake Forest BW,Aff,27.639,28.125,0.485,30.596,30.128,-0.468
texas_7,texas,7,Southern Nazarene BS,Northern Iowa DV,Neg,15.321,13.933,-1.388,16.036,17.466,1.43
texas_7,texas,7,North Texas JW (Jones/Wofford),Indiana FM,Aff,22.036,22.089,0.053,9.099,8.982,-0.117
texas_7,texas,7,Purdue AH,Emory SW,Neg,20.17,18.645,-1.525,20.536,21.295,0.76
texas_7,texas,7,Wichita State GM,Macalester HD,Neg,19.382,19.027,-0.355,20.883,21.621,0.738
texas_7,texas,7,Macalester/Michigan WG,Dartmouth GM,Neg,21.263,19.238,-2.025,18.643,20.335,1.693
texas_7,texas,7,Michigan BP,CSU Long Beach OM,Neg,39.251,38.975,-0.276,36.229,36.544,0.315
texas_7,texas,7,Wake Forest LS,UTD KS,Aff,31.995,32.138,0.144,28.139,27.933,-0.206
texas_7,texas,7,Stanford LL,Michigan ES (Esmailzadeh/Shetty),Neg,30.651,30.389,-0.263,35.261,35.517,0.256
texas_7,texas,7,Dartmouth KR,James Madison CP,Aff,24.735,25.107,0.372,22.453,22.184,-0.269
texas_7,texas,7,Kansas State AD,Kansas HM (Martinez/Hernandez),Aff,16.181,16.855,0.674,13.47,12.419,-1.051
texas_7,texas,7,Kansas BP,Michigan DS,Aff,17.445,19.958,2.514,22.842,21.861,-0.982
texas_7,texas,7,UC Berkeley BT,Emory OP,Neg,29.639,29.089,-0.55,25.005,25.807,0.803
texas_7,texas,7,Kansas MR,Macalester KP,Aff,42.596,42.71,0.114,38.329,38.097,-0.232
texas_7,texas,7,Kansas State RS,Arizona State SS,Aff,12.609,13.762,1.153,14.813,13.923,-0.89
texas_7,texas,7,Dartmouth CaGu,Michigan SS,Neg,30.052,29.594,-0.458,34.2,34.327,0.128
texas_7,texas,7,Emory LY,Kansas LS,Neg,36.33,36.043,-0.287,35.349,35.637,0.287
texas_7,texas,7,Binghamton CT,Iowa AP,Aff,35.244,35.37,0.126,31.863,31.687,-0.176
texas_7,texas,7,Emory GH,Southern California BR,Aff,41.567,41.586,0.02,29.75,29.713,-0.037
texas_7,texas,7,Dartmouth CG,Iowa BW,Neg,26.413,26.146,-0.267,27.464,27.727,0.263
texas_7,texas,7,Dartmouth BJ,Minnesota HU,Aff,19.936,20.218,0.282,18.791,17.303,-1.488
texas_7,texas,7,Oklahoma LM,Navy LS,Aff,14.696,15.931,1.236,12.32,11.814,-0.506
texas_7,texas,7,Harvard DS,Kansas HB,Aff,28.908,29.033,0.125,21.235,20.97,-0.264
texas_7,texas,7,Binghamton KR,Iowa KS,Neg,25.714,24.633,-1.081,23.208,25.284,2.077
texas_7,texas,7,Houston AS,Northwestern DR,Neg,30.795,30.045,-0.75,36.155,36.236,0.081
texas_7,texas,7,Liberty CL,Kansas SH,Neg,31.232,30.494,-0.738,31.076,31.783,0.707
texas_7,texas,7,Kansas State SS,Minnesota PW,Neg,22.067,21.752,-0.315,29.779,30.259,0.48
texas_7,texas,7,UTD KP,Houston KY,Aff,29.174,29.484,0.31,29.707,28.155,-1.552
texas_7,texas,7,Southern California MT,Wake Forest HN,Aff,24.074,24.439,0.365,19.87,19.068,-0.803
texas_7,texas,7,Michigan State JS,NYU MS,Aff,26.709,27.411,0.701,32.907,32.357,-0.551
texas_7,texas,7,Kansas AS,George Mason DF,Aff,35.272,35.58,0.308,26.595,26.512,-0.083
texas_7,texas,7,Wake Forest EP,George Mason RW,Aff,28.539,28.943,0.404,29.644,29.251,-0.394
texas_7,texas,7,Harvard AB,Kansas LM,Aff,27.485,27.853,0.368,26.665,24.842,-1.823
texas_7,texas,7,Missouri State BN,Emory FW,Aff,21.517,23.466,1.949,20.263,19.956,-0.307
texas_7,texas,7,Wichita State MW,Michigan State AG,Neg,22.394,21.966,-0.428,21.674,22.313,0.639
texas_7,texas,7,NYU JT,Georgetown PV,Aff,17.976,20.72,2.744,21.781,21.278,-0.502
texas_7,texas,7,Emory CP,Northwestern HL,Aff,33.196,33.264,0.068,25.57,25.356,-0.213
texas_7,texas,7,Harvard FK,Binghamton TP,Aff,9.978,10.412,0.434,8.6,7.175,-1.424
texas_7,texas,7,Kansas HW,West Georgia DK,Neg,29.786,29.596,-0.19,32.464,32.657,0.193
texas_7,texas,7,Baylor DL,Emory MR,Neg,29.275,28.653,-0.621,31.828,32.001,0.173
texas_7,texas,7,Michigan State BS,Emory KP,Aff,28.968,29.609,0.641,32.142,31.769,-0.373
texas_7,texas,7,Michigan State MM,Kansas BW,Aff,34.743,34.8,0.056,25.489,25.395,-0.095
texas_7,texas,7,Kansas WW,Kentucky RS,Neg,31.152,30.822,-0.33,29.164,29.671,0.507
texas_7,texas,7,Michigan AO,Kentucky GS,Neg,25.703,25.502,-0.201,28.574,28.768,0.194
texas_7,texas,7,Georgetown CS,Emory GY,Aff,35.01,35.187,0.177,32.176,31.948,-0.228
texas_8,texas,8,NYU MS,Dartmouth CaGu,Neg,32.357,31.993,-0.364,29.594,30.629,1.034
texas_8,texas,8,Kansas SH,Dartmouth BC,Neg,31.783,31.563,-0.219,38.766,38.823,0.057
texas_8,texas,8,Iowa KS,Harvard DS,Neg,25.284,24.402,-0.882,29.033,29.272,0.239
texas_8,texas,8,Kansas LS,Michigan State GL,Aff,35.637,35.912,0.275,36.475,36.242,-0.233
texas_8,texas,8,Georgetown PV,Wichita State MW,Aff,21.278,21.704,0.425,21.966,21.55,-0.416
texas_8,texas,8,Texas AF,Kansas BP,Aff,30.26,30.301,0.04,19.958,19.727,-0.231
texas_8,texas,8,Emory OP,Stanford LL,Neg,25.807,25.576,-0.231,30.389,30.642,0.253
texas_8,texas,8,Kansas HB,Houston DF,Neg,20.97,20.401,-0.57,23.864,24.182,0.318
texas_8,texas,8,Kansas BW,Emory CP,Neg,25.395,25.267,-0.128,33.264,33.326,0.062
texas_8,texas,8,CSU Long Beach OM,Kansas MR,Neg,36.544,36.466,-0.077,42.71,42.789,0.078
texas_8,texas,8,Emory MR,Michigan BP,Neg,32.001,31.924,-0.077,38.975,39.032,0.057
texas_8,texas,8,Wake Forest BM,Michigan State BS,Aff,33.008,33.149,0.141,29.609,29.35,-0.26
texas_8,texas,8,Kentucky GS,Harvard AB,Neg,28.768,28.456,-0.312,27.853,28.367,0.514
texas_8,texas,8,Iowa BW,Baylor DL,Neg,27.727,27.479,-0.248,28.653,29.362,0.709
texas_8,texas,8,Michigan SS,Emory LY,Neg,34.327,34.139,-0.189,36.043,36.238,0.195
texas_8,texas,8,Arizona State SS,Purdue AH,Neg,13.923,13.586,-0.337,18.645,19.398,0.753
texas_8,texas,8,Minnesota PW,Liberty CL,Aff,30.259,31.606,1.348,30.494,29.849,-0.645
texas_8,texas,8,Michigan DS,Oklahoma LM,Aff,21.861,22.113,0.252,15.931,15.289,-0.642
texas_8,texas,8,Wake Forest BW,Missouri State BN,Aff,30.128,30.24,0.112,23.466,22.721,-0.745
texas_8,texas,8,George Mason RW,NYU JT,Aff,29.251,29.332,0.081,20.72,20.296,-0.424
texas_8,texas,8,Emory FW,Kansas State AD,Aff,19.956,20.214,0.258,16.855,16.229,-0.626
texas_8,texas,8,Macalester HD,North Texas JW (Jones/Wofford),Neg,21.621,20.864,-0.757,22.089,22.617,0.528
texas_8,texas,8,UTD KS,Michigan AO,Aff,27.933,28.183,0.25,25.502,25.294,-0.208
texas_8,texas,8,Kentucky AM,Georgetown CS,Aff,37.47,37.619,0.148,35.187,34.997,-0.19
texas_8,texas,8,Iowa AP,Kansas AS,Neg,31.687,31.535,-0.152,35.58,36.26,0.68
texas_8,texas,8,Michigan ES (Esmailzadeh/Shetty),Emory GH,Neg,35.517,35.329,-0.188,41.586,41.67,0.084
texas_8,texas,8,Northern Iowa DV,Dartmouth CG,Neg,17.466,17.068,-0.398,26.146,26.216,0.07
texas_8,texas,8,Binghamton TP,Southern Nazarene BS,Neg,7.175,6.615,-0.56,13.933,14.498,0.565
texas_8,texas,8,Northwestern DR,Dartmouth ML,Aff,36.236,36.276,0.04,27.183,26.89,-0.293
texas_8,texas,8,Dartmouth GM,Kansas HW,Neg,20.335,20.04,-0.295,29.596,29.651,0.055
texas_8,texas,8,Kansas LM,Kansas State SS,Aff,24.842,25.951,1.11,21.752,21.16,-0.592
texas_8,texas,8,Emory SW,Southern California MT,Aff,21.295,22.412,1.116,24.439,23.57,-0.869
texas_8,texas,8,Houston KY,Dartmouth KR,Aff,28.155,28.992,0.837,25.107,24.807,-0.3
texas_8,texas,8,Emory KP,Wake Forest LS,Aff,31.769,32.039,0.27,32.138,31.876,-0.263
texas_8,texas,8,Emory GY,Michigan State JS,Aff,31.948,32.114,0.165,27.411,27.234,-0.177
texas_8,texas,8,Kentucky RS,Southern California BrRe,Aff,29.671,29.952,0.281,27.55,27.196,-0.354
texas_8,texas,8,Michigan State AG,Dartmouth BJ,Neg,22.313,21.616,-0.697,20.218,20.664,0.445
texas_8,texas,8,Indiana FM,Macalester/Michigan WG,Neg,8.982,8.742,-0.24,19.238,19.544,0.306
texas_8,texas,8,Wake Forest HN,UC Berkeley BT,Neg,19.068,18.827,-0.241,29.089,29.145,0.057
texas_8,texas,8,West Georgia DK,Michigan State MM,Neg,32.657,32.453,-0.204,34.8,35.023,0.223
texas_8,texas,8,Minnesota HU,Binghamton KR,Neg,17.303,16.8,-0.503,24.633,24.921,0.289
texas_8,texas,8,Kansas HM (Martinez/Hernandez),Wichita State GM,Neg,12.419,11.897,-0.522,19.027,19.18,0.153
texas_8,texas,8,James Madison CP,Kansas WW,Neg,22.184,22.107,-0.077,30.822,30.876,0.054
texas_8,texas,8,Southern California BR,UTD KP,Neg,29.713,29.293,-0.42,29.484,29.809,0.325
texas_8,texas,8,Macalester KP,Binghamton CT,Neg,38.097,37.518,-0.579,35.37,35.645,0.275
texas_8,texas,8,Northwestern HL,Samford GP,Neg,25.356,24.307,-1.049,21.044,22.171,1.128
texas_8,texas,8,Navy LS,Kansas State RS,Aff,11.814,12.65,0.837,13.762,12.75,-1.012
texas_8,texas,8,Kansas EM,Harvard FK,Neg,12.61,10.556,-2.053,10.412,11.017,0.605
texas_8,texas,8,Northwestern AL (Arney/Lundberg),UTD HR,Aff,29.245,29.483,0.238,28.125,27.838,-0.287
texas_8,texas,8,George Mason DF,Wake Forest EP,Aff,26.512,26.975,0.463,28.943,28.495,-0.448
texas_8,texas,8,Texas NS,Houston AS,Neg,29.443,28.321,-1.121,30.045,31.229,1.185
texas_dubs,texas,dubs,Houston AS,Kansas MR,Neg,31.229,31.075,-0.155,42.789,42.813,0.024
texas_dubs,texas,dubs,Harvard DS,Emory GH,Neg,29.272,29.241,-0.031,41.67,41.686,0.016
texas_dubs,texas,dubs,Michigan State JS,CSU Long Beach OM,Neg,27.234,27.172,-0.062,36.466,36.504,0.038
texas_dubs,texas,dubs,Binghamton CT,Emory CP,Aff,35.645,35.789,0.144,33.326,33.151,-0.175
texas_dubs,texas,dubs,Michigan BP,Dartmouth CaGu,Neg,39.032,38.635,-0.397,30.629,32.17,1.541
texas_dubs,texas,dubs,George Mason DF,Macalester KP,Neg,26.975,26.931,-0.044,37.518,37.57,0.053
texas_dubs,texas,dubs,Northwestern DR,Michigan ES (Esmailzadeh/Shetty),Aff,36.276,36.44,0.164,35.329,34.908,-0.421
texas_dubs,texas,dubs,Kentucky AM,West Georgia DK,Neg,37.619,37.268,-0.351,32.453,32.923,0.47
texas_dubs,texas,dubs,Michigan State MM,Emory KP,Aff,35.023,35.213,0.19,32.039,31.876,-0.162
texas_dubs,texas,dubs,Kansas SH,Michigan State GL,Neg,31.563,31.238,-0.325,36.242,36.341,0.099
texas_dubs,texas,dubs,Georgetown CS,Stanford LL,Aff,34.997,35.128,0.13,30.642,30.388,-0.253
texas_dubs,texas,dubs,Dartmouth BC,Michigan SS,Aff,38.823,38.912,0.089,34.139,34.025,-0.113
texas_dubs,texas,dubs,Baylor DL,Wake Forest BM,Neg,29.362,28.932,-0.431,33.149,33.277,0.128
texas_dubs,texas,dubs,Iowa AP,Emory LY,Aff,31.535,31.994,0.459,36.238,35.838,-0.401
texas_dubs,texas,dubs,Kansas AS,Emory GY,Aff,36.26,36.848,0.588,32.114,31.945,-0.169
texas_octas,texas,octas,Iowa AP,Emory GH,Neg,31.994,31.953,-0.042,41.686,41.721,0.035
texas_octas,texas,octas,CSU Long Beach OM,Wake Forest BM,Neg,36.504,36.198,-0.306,33.277,33.605,0.328
texas_octas,texas,octas,Binghamton CT,Dartmouth BC,Aff,35.789,36.073,0.284,38.912,38.649,-0.264
texas_octas,texas,octas,Georgetown CS,Kansas LS,Aff,35.128,35.403,0.275,35.912,35.648,-0.264
texas_octas,texas,octas,Michigan State GL,Dartmouth CaGu,Neg,36.341,36.035,-0.305,32.17,33.145,0.975
texas_octas,texas,octas,Macalester KP,Michigan State MM,Aff,37.57,37.853,0.283,35.213,35.011,-0.202
texas_octas,texas,octas,Northwestern DR,West Georgia DK,Aff,36.44,36.551,0.111,32.923,32.769,-0.154
texas_quarters,texas,quarters,Kansas MR,Northwestern DR,Aff,42.813,42.888,0.076,36.551,36.486,-0.065
texas_quarters,texas,quarters,Emory GH,Macalester KP,Aff,41.721,41.844,0.123,37.853,37.639,-0.214
texas_quarters,texas,quarters,Dartmouth CaGu,Wake Forest BM,Neg,33.145,32.61,-0.536,33.605,33.804,0.2
texas_quarters,texas,quarters,Georgetown CS,Binghamton CT,Neg,35.403,35.18,-0.223,36.073,36.248,0.175
texas_semis,texas,semis,Kansas MR,Binghamton CT,Aff,42.888,42.957,0.069,36.248,36.187,-0.061
texas_semis,texas,semis,Wake Forest BM,Emory GH,Aff,33.804,34.281,0.477,41.844,41.36,-0.484
texas_finals,texas,finals,Wake Forest BM,Kansas MR,Neg,34.281,34.239,-0.042,42.957,42.999,0.042
ada_1,ada,1,Indiana FM,Liberty CL,Neg,8.742,8.735,-0.006,29.849,29.852,0.003
ada_1,ada,1,Iowa PS,George Mason DF,Neg,25.0,20.411,-4.589,26.931,27.104,0.173
ada_1,ada,1,Emory KP,Northwestern AL (Lee/Arney),Aff,31.876,31.955,0.079,25.0,22.121,-2.879
ada_1,ada,1,Cal State Fullerton DV,Houston KY,Neg,25.0,21.25,-3.75,28.992,29.509,0.517
ada_1,ada,1,Emory CP,Kansas LM,Aff,33.151,33.224,0.073,25.951,25.436,-0.516
ada_1,ada,1,Michigan SS,George Mason RW,Aff,34.025,34.136,0.111,29.332,29.171,-0.161
ada_1,ada,1,Kansas LD,Emory ST,Neg,15.012,14.957,-0.055,28.686,28.726,0.04
ada_1,ada,1,Wyoming HL,Michigan AO,Neg,25.0,19.75,-5.25,25.294,25.463,0.169
ada_1,ada,1,Northwestern DR,Kentucky GS,Aff,36.486,36.53,0.044,28.456,28.389,-0.066
ada_1,ada,1,Michigan ES (Esmailzadeh/Shetty),Gonzaga WW,Neg,34.908,34.396,-0.512,25.0,34.962,9.962
ada_1,ada,1,Kentucky AM,Michigan DS,Aff,37.268,37.274,0.006,22.113,22.094,-0.019
ada_1,ada,1,Kansas HW,Kentucky RS,Neg,29.651,29.396,-0.255,29.952,30.304,0.353
ada_1,ada,1,Liberty FH,Kentucky AE,Neg,25.0,17.773,-7.227,19.452,21.196,1.745
ada_1,ada,1,Emory PS,UTD KP,Neg,25.0,21.456,-3.544,29.809,29.933,0.124
ada_1,ada,1,Michigan BP,Minnesota HU,Aff,38.635,38.636,0.001,16.8,16.795,-0.005
ada_1,ada,1,Macalester KP,Kansas WW,Aff,37.639,37.758,0.119,30.876,30.794,-0.082
ada_1,ada,1,Wyoming CG,Emory RY,Neg,25.0,20.795,-4.205,25.0,29.205,4.205
ada_1,ada,1,CSU Long Beach OM,Iowa KS,Aff,36.198,36.221,0.022,24.402,24.247,-0.155
ada_1,ada,1,Wake Forest HN,Kansas AS,Neg,18.827,18.8,-0.027,36.848,36.869,0.021
ada_1,ada,1,Michigan State MM,Emory FW,Aff,35.011,35.02,0.009,20.214,20.201,-0.013
ada_1,ada,1,Houston DF,Emory RT,Aff,24.182,24.417,0.235,19.566,19.284,-0.282
ada_1,ada,1,Southern Nazarene HC,Emory BS (Bellam/Shirts),Neg,25.0,21.136,-3.864,28.614,29.208,0.594
ada_1,ada,1,Southwestern SS,Emory MW,Neg,25.0,20.795,-4.205,25.0,29.205,4.205
ada_1,ada,1,Wake Forest BM,UTD HR,Aff,34.239,34.31,0.071,27.838,27.725,-0.113
ada_1,ada,1,Emory LY,Wake Forest DE,Aff,35.838,35.885,0.047,25.0,23.189,-1.811
ada_1,ada,1,Georgetown CS,Samford GP,Aff,35.18,35.196,0.015,22.171,22.124,-0.047
ada_1,ada,1,Boston College CS,Michigan State BS,Neg,25.0,21.305,-3.695,29.35,29.521,0.171
ada_1,ada,1,Cal State Fullerton AG,Minnesota PW,Neg,25.0,22.074,-2.926,31.606,32.035,0.429
ada_2,ada,2,Michigan AO,Northwestern DR,Neg,25.463,25.433,-0.03,36.53,36.549,0.019
ada_2,ada,2,Emory FW,Wyoming CG,Aff,20.201,20.481,0.28,20.795,16.211,-4.583
ada_2,ada,2,Kansas AS,Michigan State MM,Neg,36.869,35.704,-1.164,35.02,35.336,0.317
ada_2,ada,2,Emory RY,CSU Long Beach OM,Aff,29.205,36.525,7.32,36.221,35.997,-0.224
ada_2,ada,2,Minnesota HU,Emory PS,Aff,16.795,18.168,1.373,21.456,16.064,-5.392
ada_2,ada,2,Kansas WW,Houston DF,Aff,30.794,30.882,0.088,24.417,24.254,-0.163
ada_2,ada,2,Kentucky AE,Macalester KP,Neg,21.196,21.135,-0.062,37.758,37.77,0.012
ada_2,ada,2,UTD KP,Michigan BP,Neg,29.933,29.87,-0.063,38.636,38.673,0.037
ada_2,ada,2,Kentucky RS,Liberty FH,Aff,30.304,30.354,0.049,17.773,17.054,-0.719
ada_2,ada,2,Michigan DS,Kansas LD,Aff,22.094,22.287,0.192,14.957,14.691,-0.266
ada_2,ada,2,Gonzaga WW,Cal State Fullerton AG,Aff,34.962,35.658,0.696,22.074,21.062,-1.011
ada_2,ada,2,Southern California BR,Kentucky AM,Neg,29.293,29.195,-0.097,37.274,37.322,0.048
ada_2,ada,2,George Mason DF,Emory KP,Aff,27.104,27.662,0.558,31.955,31.548,-0.407
ada_2,ada,2,Kentucky GS,Wyoming HL,Aff,28.389,28.461,0.071,19.75,18.381,-1.368
ada_2,ada,2,Emory ST,Michigan ES (Esmailzadeh/Shetty),Aff,28.726,29.795,1.069,34.396,33.645,-0.751
ada_2,ada,2,Kansas LM,Cal State Fullerton DV,Aff,25.436,26.099,0.664,21.25,18.64,-2.61
ada_2,ada,2,Northwestern AL (Lee/Arney),Iowa PS,Neg,22.121,18.26,-3.862,20.411,23.826,3.415
ada_2,ada,2,George Mason RW,Southwestern SS,Aff,29.171,29.259,0.088,20.795,18.978,-1.816
ada_2,ada,2,Houston KY,Emory CP,Neg,29.509,28.855,-0.654,33.224,33.354,0.13
ada_2,ada,2,Liberty CL,Emory LY,Neg,29.852,29.595,-0.257,35.885,35.972,0.087
ada_2,ada,2,Samford GP,Boston College CS,Aff,22.124,22.568,0.444,21.305,17.662,-3.643
ada_2,ada,2,Wake Forest DE,Indiana FM,Aff,23.189,23.986,0.797,8.735,8.588,-0.147
ada_2,ada,2,Michigan State BS,Georgetown CS,Neg,29.521,29.357,-0.164,35.196,35.29,0.095
ada_2,ada,2,UTD HR,Southern Nazarene HC,Aff,27.725,27.834,0.109,21.136,19.106,-2.029
ada_2,ada,2,Minnesota PW,Kansas HW,Neg,32.035,30.521,-1.514,29.396,29.712,0.316
ada_2,ada,2,Emory BS (Bellam/Shirts),Michigan SS,Neg,29.208,28.612,-0.596,34.136,34.239,0.103
ada_2,ada,2,Emory MW,Wake Forest BM,Aff,29.205,35.679,6.473,34.31,34.113,-0.198
ada_2,ada,2,Emory RT,Wake Forest HN,Aff,19.284,19.746,0.462,18.8,17.694,-1.106
ada_3,ada,3,Kansas WW,Liberty CL,Neg,30.882,30.605,-0.277,29.595,30.322,0.727
ada_3,ada,3,Emory CP,Kentucky RS,Neg,33.354,33.033,-0.322,30.354,30.848,0.494
ada_3,ada,3,Emory BS (Bellam/Shirts),Minnesota PW,Neg,28.612,27.805,-0.807,30.521,31.253,0.732
ada_3,ada,3,Iowa PS,Kansas HW,Neg,23.826,22.208,-1.618,29.712,29.809,0.097
ada_3,ada,3,Emory MW,Michigan State MM,Aff,35.679,38.458,2.779,35.336,35.138,-0.199
ada_3,ada,3,Emory RY,Kentucky AM,Neg,36.525,33.926,-2.599,37.322,37.46,0.138
ada_3,ada,3,Michigan State BS,Wake Forest DE,Aff,29.357,29.513,0.156,23.986,21.627,-2.358
ada_3,ada,3,Emory KP,Kansas AS,Aff,31.548,31.891,0.343,35.704,34.396,-1.308
ada_3,ada,3,Liberty FH,Wyoming CG,Aff,17.054,19.641,2.588,16.211,13.825,-2.386
ada_3,ada,3,Emory PS,Boston College CS,Aff,16.064,18.785,2.721,17.662,14.815,-2.847
ada_3,ada,3,Kentucky GS,UTD KP,Neg,28.461,28.238,-0.223,29.87,30.12,0.25
ada_3,ada,3,Emory RT,Macalester KP,Neg,19.746,19.741,-0.005,37.77,37.773,0.004
ada_3,ada,3,Kentucky AE,Kansas LM,Neg,21.135,20.297,-0.838,26.099,26.721,0.622
ada_3,ada,3,Cal State Fullerton DV,Michigan ES (Esmailzadeh/Shetty),Neg,18.64,18.292,-0.348,33.645,33.678,0.033
ada_3,ada,3,Kansas LD,Southwestern SS,Aff,14.691,15.489,0.798,18.978,14.019,-4.96
ada_3,ada,3,Southern Nazarene HC,Wake Forest HN,Neg,19.106,15.581,-3.526,17.694,18.608,0.915
ada_3,ada,3,CSU Long Beach OM,Michigan AO,Aff,35.997,36.021,0.025,25.433,25.399,-0.035
ada_3,ada,3,Southern California BR,Indiana FM,Aff,29.195,29.197,0.002,8.588,8.582,-0.006
ada_3,ada,3,Northwestern AL (Lee/Arney),Cal State Fullerton AG,Aff,18.26,21.536,3.276,21.062,17.16,-3.902
ada_3,ada,3,Gonzaga WW,Georgetown CS,Neg,35.658,32.556,-3.102,35.29,35.472,0.182
ada_3,ada,3,Minnesota HU,Houston DF,Aff,18.168,20.324,2.157,24.254,23.541,-0.713
ada_3,ada,3,Emory ST,Michigan SS,Neg,29.795,29.503,-0.293,34.239,34.351,0.112
ada_3,ada,3,Michigan DS,Houston KY,Aff,22.287,23.294,1.008,28.855,27.083,-1.772
ada_3,ada,3,Emory LY,Northwestern DR,Neg,35.972,35.758,-0.214,36.549,36.717,0.169
ada_3,ada,3,Iowa KS,Samford GP,Neg,24.247,22.821,-1.426,22.568,23.281,0.713
ada_3,ada,3,Michigan BP,George Mason DF,Aff,38.673,38.693,0.02,27.662,27.628,-0.034
ada_3,ada,3,Emory FW,Wake Forest BM,Neg,20.481,20.462,-0.019,34.113,34.122,0.01
ada_4,ada,4,Samford GP,Michigan DS,Neg,23.281,22.687,-0.594,23.294,23.813,0.519
ada_4,ada,4,Kentucky RS,Emory MW,Aff,30.848,31.369,0.521,38.458,34.25,-4.208
ada_4,ada,4,Georgetown CS,CSU Long Beach OM,Aff,35.472,35.719,0.247,36.021,35.805,-0.217
ada_4,ada,4,Michigan SS,Emory KP,Neg,34.351,34.057,-0.294,31.891,32.198,0.307
ada_4,ada,4,Kentucky AM,Gonzaga WW,Aff,37.46,37.546,0.086,32.556,31.308,-1.248
ada_4,ada,4,UTD KP,Emory ST,Neg,30.12,29.813,-0.307,29.503,30.077,0.575
ada_4,ada,4,George Mason DF,Southern California BR,Aff,27.628,27.999,0.371,29.197,28.737,-0.46
ada_4,ada,4,Indiana FM,Emory BS (Bellam/Shirts),Neg,8.582,8.566,-0.016,27.805,27.818,0.013
ada_4,ada,4,Macalester KP,Michigan BP,Neg,37.773,37.455,-0.318,38.693,38.853,0.16
ada_4,ada,4,Wake Forest BM,Wyoming HL,Aff,34.122,34.135,0.013,18.381,18.111,-0.27
ada_4,ada,4,Michigan State MM,Minnesota HU,Aff,35.138,35.149,0.011,20.324,20.277,-0.047
ada_4,ada,4,Minnesota PW,Emory RY,Aff,31.253,32.226,0.973,33.926,31.252,-2.674
ada_4,ada,4,Kansas AS,Liberty FH,Aff,34.396,34.459,0.063,19.641,19.359,-0.282
ada_4,ada,4,UTD HR,Kansas LD,Aff,27.834,27.86,0.026,15.489,15.424,-0.065
ada_4,ada,4,Boston College CS,Iowa KS,Neg,14.815,13.949,-0.866,22.821,23.151,0.33
ada_4,ada,4,Kansas LM,Emory LY,Neg,26.721,26.453,-0.269,35.758,35.805,0.047
ada_4,ada,4,Southwestern SS,Cal State Fullerton DV,Neg,14.019,12.589,-1.43,18.292,20.055,1.763
ada_4,ada,4,Michigan ES (Esmailzadeh/Shetty),Kentucky GS,Neg,33.678,32.952,-0.727,28.238,28.697,0.459
ada_4,ada,4,Michigan AO,Emory PS,Aff,25.399,25.496,0.097,18.785,17.753,-1.031
ada_4,ada,4,Wake Forest DE,Emory RT,Aff,21.627,24.26,2.633,19.741,19.424,-0.317
ada_4,ada,4,Houston DF,Iowa PS,Aff,23.541,23.829,0.288,22.208,19.961,-2.247
ada_4,ada,4,Cal State Fullerton AG,Southern Nazarene HC,Neg,17.16,14.152,-3.008,15.581,17.898,2.317
ada_4,ada,4,Wake Forest HN,Kentucky AE,Aff,18.608,19.656,1.048,20.297,18.645,-1.652
ada_4,ada,4,Northwestern DR,Michigan State BS,Aff,36.717,36.769,0.052,29.513,29.4,-0.114
ada_4,ada,4,Liberty CL,Emory CP,Aff,30.322,31.108,0.786,33.033,32.738,-0.294
ada_4,ada,4,Houston KY,Emory FW,Neg,27.083,25.476,-1.607,20.462,21.16,0.698
ada_4,ada,4,Kansas HW,Northwestern AL (Lee/Arney),Aff,29.809,29.876,0.067,21.536,20.57,-0.966
ada_4,ada,4,Wyoming CG,Kansas WW,Neg,13.825,13.684,-0.141,30.605,30.615,0.01
ada_5,ada,5,Minnesota HU,Kansas WW,Aff,20.277,22.813,2.536,30.615,30.066,-0.549
ada_5,ada,5,Kentucky AM,Northwestern DR,Aff,37.546,37.72,0.174,36.769,36.608,-0.161
ada_5,ada,5,Georgetown CS,Kentucky RS,Neg,35.719,35.362,-0.358,31.369,31.892,0.522
ada_5,ada,5,Emory BS (Bellam/Shirts),Kentucky GS,Neg,27.818,26.942,-0.876,28.697,28.909,0.212
ada_5,ada,5,Emory FW,CSU Long Beach OM,Neg,21.16,21.148,-0.012,35.805,35.811,0.006
ada_5,ada,5,Michigan ES (Esmailzadeh/Shetty),Iowa PS,Aff,32.952,32.99,0.039,19.961,19.713,-0.248
ada_5,ada,5,Wyoming CG,Indiana FM,Aff,13.684,15.043,1.359,8.566,8.049,-0.518
ada_5,ada,5,Emory CP,Cal State Fullerton DV,Aff,32.738,32.763,0.025,20.055,19.678,-0.377
ada_5,ada,5,Houston DF,Kansas AS,Neg,23.829,23.772,-0.057,34.459,34.566,0.107
ada_5,ada,5,Emory MW,Liberty CL,Aff,34.25,35.369,1.12,31.108,30.79,-0.318
ada_5,ada,5,Wake Forest HN,Michigan SS,Neg,19.656,19.613,-0.043,34.057,34.067,0.01
ada_5,ada,5,Southern California BR,Michigan AO,Aff,28.737,28.966,0.23,25.496,25.324,-0.172
ada_5,ada,5,Emory RY,Iowa KS,Aff,31.252,31.808,0.556,23.151,22.849,-0.302
ada_5,ada,5,Wake Forest BM,Kansas HW,Aff,34.135,34.241,0.106,29.876,29.745,-0.131
ada_5,ada,5,Houston KY,Boston College CS,Aff,25.476,25.592,0.116,13.949,13.562,-0.386
ada_5,ada,5,Wyoming HL,Kansas LD,Aff,18.111,20.319,2.208,15.424,15.0,-0.425
ada_5,ada,5,Emory PS,Kentucky AE,Neg,17.753,15.995,-1.758,18.645,19.638,0.993
ada_5,ada,5,Samford GP,Wake Forest DE,Aff,22.687,23.22,0.533,24.26,21.404,-2.856
ada_5,ada,5,Emory KP,Michigan DS,Aff,32.198,32.248,0.05,23.813,23.695,-0.118
ada_5,ada,5,Kansas LM,Michigan State BS,Neg,26.453,25.701,-0.752,29.4,29.635,0.235
ada_5,ada,5,Southern Nazarene HC,Northwestern AL (Lee/Arney),Neg,17.898,16.508,-1.39,20.57,22.216,1.646
ada_5,ada,5,Michigan BP,UTD HR,Aff,38.853,38.872,0.019,27.86,27.826,-0.034
ada_5,ada,5,Emory RT,Liberty FH,Aff,19.424,19.814,0.39,19.359,16.805,-2.554
ada_5,ada,5,Emory LY,Minnesota PW,Aff,35.805,35.932,0.128,32.226,31.715,-0.511
ada_5,ada,5,Cal State Fullerton AG,Southwestern SS,Neg,14.152,11.694,-2.458,12.589,14.797,2.207
ada_5,ada,5,Emory ST,Macalester KP,Neg,30.077,29.93,-0.147,37.455,37.554,0.099
ada_5,ada,5,George Mason DF,Michigan State MM,Neg,27.999,27.91,-0.089,35.149,35.227,0.078
ada_5,ada,5,UTD KP,Gonzaga WW,Aff,29.813,30.092,0.279,31.308,29.064,-2.245
ada_6,ada,6,Iowa KS,Houston KY,Neg,22.849,22.184,-0.665,25.592,26.083,0.491
ada_6,ada,6,Wake Forest DE,Michigan ES (Esmailzadeh/Shetty),Neg,21.404,21.092,-0.312,32.99,33.042,0.052
ada_6,ada,6,Kentucky AE,Emory FW,Aff,19.638,20.987,1.349,21.148,20.749,-0.399
ada_6,ada,6,Kansas LD,Wake Forest HN,Neg,15.0,14.651,-0.349,19.613,20.068,0.455
ada_6,ada,6,UTD HR,Minnesota HU,Aff,27.826,27.967,0.141,22.813,22.39,-0.423
ada_6,ada,6,Northwestern AL (Lee/Arney),Emory CP,Aff,22.216,27.093,4.878,32.763,32.342,-0.421
ada_6,ada,6,Michigan State BS,Emory MW,Neg,29.635,29.488,-0.147,35.369,36.027,0.658
ada_6,ada,6,Kentucky RS,Michigan BP,Neg,31.892,31.797,-0.095,38.872,38.927,0.055
ada_6,ada,6,Kentucky GS,Samford GP,Neg,28.909,28.475,-0.433,23.22,24.202,0.982
ada_6,ada,6,Michigan State MM,Emory KP,Aff,35.227,35.397,0.17,32.248,32.105,-0.143
ada_6,ada,6,Macalester KP,Kentucky AM,Aff,37.554,37.9,0.346,37.72,37.53,-0.19
ada_6,ada,6,Kansas WW,Wyoming HL,Aff,30.066,30.113,0.047,20.319,19.713,-0.606
ada_6,ada,6,Gonzaga WW,Houston DF,Neg,29.064,26.517,-2.546,23.772,24.353,0.581
ada_6,ada,6,Michigan AO,Emory RT,Neg,25.324,24.854,-0.469,19.814,20.659,0.845
ada_6,ada,6,Northwestern DR,Georgetown CS,Neg,36.608,36.404,-0.204,35.362,35.617,0.255
ada_6,ada,6,Michigan DS,Emory ST,Aff,23.695,24.597,0.902,29.93,29.042,-0.888
ada_6,ada,6,Kansas HW,UTD KP,Neg,29.745,29.512,-0.233,30.092,30.357,0.265
ada_6,ada,6,Michigan SS,Emory LY,Aff,34.067,34.335,0.269,35.932,35.657,-0.275
ada_6,ada,6,Liberty CL,Emory RY,Aff,30.79,31.289,0.499,31.808,30.051,-1.757
ada_6,ada,6,Kansas AS,Southern California BR,Neg,34.566,33.307,-1.259,28.966,29.561,0.594
ada_6,ada,6,Cal State Fullerton DV,Emory BS (Bellam/Shirts),Neg,19.678,18.723,-0.955,26.942,27.237,0.295
ada_6,ada,6,Southwestern SS,Kansas LM,Neg,14.797,14.423,-0.374,25.701,25.878,0.177
ada_6,ada,6,CSU Long Beach OM,Wake Forest BM,Neg,35.811,35.57,-0.241,34.241,34.485,0.243
ada_6,ada,6,Indiana FM,Southern Nazarene HC,Aff,8.049,9.871,1.822,16.508,13.011,-3.497
ada_6,ada,6,Liberty FH,Emory PS,Neg,16.805,14.819,-1.986,15.995,17.633,1.638
ada_6,ada,6,Minnesota PW,George Mason DF,Neg,31.715,30.557,-1.158,27.91,28.331,0.421
ada_6,ada,6,Boston College CS,Cal State Fullerton AG,Neg,13.562,11.458,-2.104,11.694,13.823,2.129
ada_dubs,ada,dubs,Houston KY,Michigan SS,Neg,26.083,25.91,-0.173,34.335,34.385,0.049
ada_dubs,ada,dubs,Kentucky GS,Michigan State MM,Neg,28.475,28.401,-0.074,35.397,35.476,0.079
ada_dubs,ada,dubs,Kansas WW,Wake Forest BM,Neg,30.113,29.994,-0.119,34.485,34.584,0.1
ada_dubs,ada,dubs,Emory MW,Kansas AS,Neg,36.027,34.347,-1.68,33.307,34.082,0.776
ada_dubs,ada,dubs,Wake Forest HN,Kentucky RS,Neg,20.068,19.978,-0.089,31.797,31.828,0.031
ada_dubs,ada,dubs,Emory BS (Bellam/Shirts),Northwestern DR,Neg,27.237,27.063,-0.174,36.404,36.437,0.033
ada_dubs,ada,dubs,UTD HR,CSU Long Beach OM,Neg,27.967,27.886,-0.081,35.57,35.621,0.051
ada_dubs,ada,dubs,Samford GP,Emory RY,Neg,24.202,24.0,-0.202,30.051,30.647,0.595
ada_dubs,ada,dubs,Emory KP,George Mason DF,Aff,32.105,32.228,0.123,28.331,28.167,-0.163
ada_dubs,ada,dubs,Southern California BR,UTD KP,Aff,29.561,29.932,0.372,30.357,30.063,-0.294
ada_dubs,ada,dubs,Michigan DS,Liberty CL,Neg,24.597,24.441,-0.156,31.289,31.455,0.166
ada_octas,ada,octas,Michigan BP,Liberty CL,Aff,38.927,38.976,0.049,31.455,31.321,-0.134
ada_octas,ada,octas,Kentucky AM,Southern California BR,Aff,37.53,37.579,0.049,29.932,29.845,-0.087
ada_octas,ada,octas,Georgetown CS,Emory KP,Neg,35.617,35.304,-0.313,32.228,32.543,0.315
ada_octas,ada,octas,Macalester KP,Emory RY,Neg,37.9,37.327,-0.573,30.647,33.056,2.409
ada_octas,ada,octas,Michigan SS,CSU Long Beach OM,Neg,34.385,34.209,-0.176,35.621,35.784,0.163
ada_octas,ada,octas,Emory LY,Michigan State MM,Aff,35.657,35.865,0.208,35.476,35.23,-0.246
ada_octas,ada,octas,Northwestern DR,Wake Forest BM,Aff,36.437,36.57,0.133,34.584,34.435,-0.15
ada_octas,ada,octas,Kansas AS,Kentucky RS,Neg,34.082,33.302,-0.78,31.828,32.203,0.375
ada_quarters,ada,quarters,Michigan BP,Kentucky RS,Aff,38.976,39.032,0.056,32.203,32.11,-0.093
ada_quarters,ada,quarters,Northwestern DR,Kentucky AM,Aff,36.57,36.762,0.192,37.579,37.369,-0.21
ada_quarters,ada,quarters,CSU Long Beach OM,Emory RY,Neg,35.784,35.55,-0.234,33.056,34.459,1.403
ada_semis,ada,semis,Michigan BP,Emory RY,Aff,39.032,39.117,0.086,34.459,33.984,-0.474
ada_semis,ada,semis,Northwestern DR,Emory LY,Aff,36.762,36.909,0.147,35.865,35.679,-0.186
ada_finals,ada,finals,Michigan BP,Northwestern DR,Aff,39.117,39.246,0.129,36.909,36.789,-0.12
ndt_1,ndt,1,Wake Forest LS,Central Oklahoma WS,Aff,31.876,31.954,0.079,25.0,22.121,-2.879
ndt_1,ndt,1,Cal State Fullerton PP,Liberty CL,Neg,25.0,21.957,-3.043,31.321,31.481,0.161
ndt_1,ndt,1,Baylor BL,Michigan State MM,Neg,20.202,20.131,-0.071,35.23,35.241,0.011
ndt_1,ndt,1,Binghamton CT,Michigan State BS,Aff,36.187,36.247,0.06,29.488,29.37,-0.117
ndt_1,ndt,1,Harvard AB,Iowa BW,Aff,28.367,28.753,0.387,27.479,27.229,-0.25
ndt_1,ndt,1,Baylor CK,Georgetown CS,Neg,21.917,21.795,-0.122,35.304,35.319,0.015
ndt_1,ndt,1,Northwestern PS,Minnesota HU,Aff,33.786,33.82,0.033,22.39,22.294,-0.096
ndt_1,ndt,1,Michigan SS,Trinity KP,Aff,34.209,34.229,0.021,22.641,22.559,-0.082
ndt_1,ndt,1,Cornell DK,UC Berkeley BT,Neg,19.185,18.911,-0.274,29.145,29.203,0.058
ndt_1,ndt,1,CSU Long Beach OM,Samford GP,Aff,35.55,35.568,0.018,24.0,23.952,-0.048
ndt_1,ndt,1,Dartmouth BC,Northwestern AL (Arney/Lundberg),Aff,38.649,38.681,0.032,29.483,29.434,-0.049
ndt_1,ndt,1,Navy CR,Emory GH,Neg,27.524,27.506,-0.018,41.36,41.37,0.009
ndt_1,ndt,1,Georgia IP,Southern California BrRe,Neg,30.618,29.99,-0.628,27.196,27.845,0.649
ndt_1,ndt,1,North Texas JW (Jones/Wofford),Kansas LS,Neg,22.617,22.581,-0.036,35.648,35.662,0.015
ndt_1,ndt,1,Kansas State SS,Emory CP,Neg,21.16,21.047,-0.113,32.342,32.368,0.025
ndt_1,ndt,1,Gonzaga WW,Emory LY,Neg,26.517,26.227,-0.291,35.679,35.721,0.042
ndt_1,ndt,1,Harvard DS,Southern Nazarene HC,Aff,29.241,29.255,0.014,13.011,12.955,-0.057
ndt_1,ndt,1,Houston KY,Binghamton KR,Aff,25.91,26.473,0.563,24.921,24.202,-0.72
ndt_1,ndt,1,James Madison BR,Michigan State GL,Neg,25.328,25.277,-0.05,36.035,36.059,0.024
ndt_1,ndt,1,Kansas MR,Minnesota PW,Aff,42.999,43.015,0.016,30.557,30.5,-0.057
ndt_1,ndt,1,Kentucky GS,Arizona State SS,Aff,28.401,28.409,0.008,13.586,13.561,-0.024
ndt_1,ndt,1,Macalester KP,James Madison CP,Aff,37.327,37.336,0.009,22.107,22.097,-0.01
ndt_1,ndt,1,Michigan ES (Esmailzadeh/Shetty),CSU Long Beach EG,Aff,33.042,33.047,0.005,15.237,15.225,-0.012
ndt_1,ndt,1,Missouri State BK (Burns/Kimmerle),Iowa AP,Neg,18.083,17.972,-0.11,31.953,31.97,0.017
ndt_1,ndt,1,George Mason RW,Kansas State AD,Aff,29.259,29.282,0.023,16.229,16.163,-0.066
ndt_1,ndt,1,Northern Iowa DV,George Mason DF,Neg,17.068,16.858,-0.211,28.167,28.205,0.037
ndt_1,ndt,1,Northwestern DR,Houston DF,Aff,36.789,36.8,0.011,24.353,24.326,-0.027
ndt_1,ndt,1,NYU MS,Wyoming CH,Aff,31.993,32.017,0.025,18.981,18.794,-0.186
ndt_1,ndt,1,Oklahoma SW,Dartmouth CaGu,Neg,21.298,21.105,-0.193,32.61,32.681,0.071
ndt_1,ndt,1,Southern California BR,Oklahoma AT,Aff,29.845,29.878,0.033,17.678,17.518,-0.159
ndt_1,ndt,1,Southwestern SS,Kentucky RS,Neg,14.423,14.374,-0.049,32.11,32.116,0.007
ndt_1,ndt,1,Texas AF,Missouri State GB,Aff,30.301,30.396,0.095,25.0,21.618,-3.382
ndt_1,ndt,1,Towson CP,Kansas HW,Neg,25.0,21.348,-3.652,29.512,29.609,0.097
ndt_1,ndt,1,UTD HR,Michigan BP,Neg,27.886,27.857,-0.029,39.246,39.263,0.016
ndt_1,ndt,1,UTD KP,Fullerton MM,Aff,30.063,30.068,0.005,12.101,12.061,-0.041
ndt_1,ndt,1,Wake Forest BM,Texas NS,Aff,34.435,34.505,0.07,28.321,27.839,-0.483
ndt_1,ndt,1,West Point OS,UC Berkeley MR,Neg,25.0,21.809,-3.191,30.864,30.998,0.134
ndt_1,ndt,1,Western Kentucky CF,Kentucky AM,Aff,24.714,26.491,1.777,37.369,36.858,-0.511
ndt_1,ndt,1,Wichita State GM,West Georgia DK,Neg,19.18,19.159,-0.022,32.769,32.782,0.013
ndt_2,ndt,2,Central Oklahoma WS,Wichita State GM,Neg,22.121,16.872,-5.249,19.159,19.525,0.366
ndt_2,ndt,2,Minnesota HU,Baylor BL,Neg,22.294,21.399,-0.895,20.131,21.775,1.644
ndt_2,ndt,2,Missouri State GB,Baylor CK,Neg,21.618,17.853,-3.764,21.795,22.808,1.013
ndt_2,ndt,2,Kentucky RS,Binghamton CT,Neg,32.116,31.962,-0.154,36.247,36.346,0.098
ndt_2,ndt,2,Iowa BW,Georgia IP,Neg,27.229,27.043,-0.186,29.99,30.272,0.281
ndt_2,ndt,2,Liberty CL,Kansas MR,Neg,31.481,31.437,-0.045,43.015,43.035,0.02
ndt_2,ndt,2,Michigan State MM,Northwestern PS,Neg,35.241,34.952,-0.289,33.82,34.172,0.353
ndt_2,ndt,2,Trinity KP,Oklahoma SW,Aff,22.559,23.127,0.569,21.105,20.077,-1.028
ndt_2,ndt,2,Minnesota PW,Cal State Fullerton PP,Aff,30.5,30.692,0.192,21.957,20.317,-1.641
ndt_2,ndt,2,Houston DF,Cornell DK,Aff,24.326,24.489,0.163,18.911,18.294,-0.617
ndt_2,ndt,2,Kansas HW,CSU Long Beach OM,Neg,29.609,29.519,-0.09,35.568,35.638,0.07
ndt_2,ndt,2,Southern Nazarene HC,Navy CR,Neg,12.955,12.862,-0.092,27.506,27.529,0.023
ndt_2,ndt,2,Kentucky AM,George Mason RW,Aff,36.858,36.904,0.047,29.282,29.197,-0.085
ndt_2,ndt,2,Kansas LS,Michigan ES (Esmailzadeh/Shetty),Aff,35.662,35.822,0.159,33.047,32.783,-0.264
ndt_2,ndt,2,Wyoming CH,Kansas State SS,Neg,18.794,17.537,-1.258,21.047,21.639,0.592
ndt_2,ndt,2,Fullerton MM,Gonzaga WW,Neg,12.061,11.902,-0.158,26.227,26.332,0.105
ndt_2,ndt,2,Binghamton KR,Harvard AB,Aff,24.202,25.422,1.22,28.753,28.123,-0.631
ndt_2,ndt,2,Emory GH,Harvard DS,Aff,41.37,41.386,0.017,29.255,29.222,-0.034
ndt_2,ndt,2,Southern California BrRe,Houston KY,Neg,27.845,27.363,-0.482,26.473,27.196,0.723
ndt_2,ndt,2,Arizona State SS,James Madison BR,Neg,13.561,13.493,-0.068,25.277,25.318,0.041
ndt_2,ndt,2,Michigan State GL,Kentucky GS,Aff,36.059,36.11,0.051,28.409,28.347,-0.062
ndt_2,ndt,2,UC Berkeley MR,Macalester KP,Neg,30.998,30.867,-0.131,37.336,37.446,0.11
ndt_2,ndt,2,Dartmouth CaGu,Michigan SS,Neg,32.681,32.254,-0.427,34.229,34.389,0.16
ndt_2,ndt,2,Texas NS,Missouri State BK (Burns/Kimmerle),Neg,27.839,25.666,-2.173,17.972,20.977,3.004
ndt_2,ndt,2,George Mason DF,Dartmouth BC,Aff,28.205,28.94,0.735,38.681,38.213,-0.467
ndt_2,ndt,2,CSU Long Beach EG,North Texas JW (Jones/Wofford),Neg,15.225,14.965,-0.26,22.581,22.748,0.168
ndt_2,ndt,2,Northwestern AL (Arney/Lundberg),Northern Iowa DV,Aff,29.434,29.458,0.024,16.858,16.723,-0.135
ndt_2,ndt,2,UC Berkeley BT,Northwestern DR,Neg,29.203,29.116,-0.086,36.8,36.843,0.042
ndt_2,ndt,2,Emory CP,NYU MS,Aff,32.368,32.57,0.203,32.017,31.756,-0.261
ndt_2,ndt,2,Michigan BP,Southern California BR,Aff,39.263,39.292,0.029,29.878,29.824,-0.054
ndt_2,ndt,2,Michigan State BS,Southwestern SS,Aff,29.37,29.389,0.019,14.374,14.263,-0.111
ndt_2,ndt,2,Georgetown CS,Texas AF,Aff,35.319,35.414,0.095,30.396,30.28,-0.116
ndt_2,ndt,2,Samford GP,Towson CP,Aff,23.952,24.214,0.263,21.348,18.249,-3.099
ndt_2,ndt,2,Oklahoma AT,UTD HR,Neg,17.518,17.282,-0.237,27.857,27.905,0.047
ndt_2,ndt,2,Emory LY,UTD KP,Aff,35.721,35.802,0.081,30.068,29.963,-0.105
ndt_2,ndt,2,Iowa AP,Wake Forest BM,Aff,31.97,32.325,0.355,34.505,34.252,-0.253
ndt_2,ndt,2,West Georgia DK,Wake Forest LS,Aff,32.782,33.008,0.226,31.954,31.737,-0.217
ndt_2,ndt,2,James Madison CP,West Point OS,Aff,22.097,22.334,0.237,21.809,17.823,-3.986
ndt_2,ndt,2,Kansas State AD,Western Kentucky CF,Neg,16.163,16.022,-0.141,26.491,26.577,0.086
ndt_3,ndt,3,Central Oklahoma WS,Fullerton MM,Neg,16.872,12.962,-3.91,11.902,13.9,1.997
ndt_3,ndt,3,CSU Long Beach EG,Southwestern SS,Aff,14.965,15.604,0.639,14.263,12.723,-1.54
ndt_3,ndt,3,Arizona State SS,Kansas State AD,Aff,13.493,14.292,0.799,16.022,14.968,-1.054
ndt_3,ndt,3,Western Kentucky CF,Binghamton CT,Neg,26.577,26.489,-0.087,36.346,36.375,0.029
ndt_3,ndt,3,Iowa BW,Missouri State GB,Aff,27.043,27.107,0.063,17.853,16.898,-0.955
ndt_3,ndt,3,Cal State Fullerton PP,Wyoming CH,Neg,20.317,16.258,-4.058,17.537,18.949,1.412
ndt_3,ndt,3,Georgetown CS,Northwestern PS,Aff,35.414,35.585,0.171,34.172,33.929,-0.243
ndt_3,ndt,3,Trinity KP,Kentucky GS,Neg,23.127,22.809,-0.319,28.347,28.45,0.103
ndt_3,ndt,3,CSU Long Beach OM,George Mason DF,Aff,35.638,35.697,0.059,28.94,28.854,-0.086
ndt_3,ndt,3,Michigan State GL,Michigan BP,Neg,36.11,35.987,-0.123,39.292,39.4,0.108
ndt_3,ndt,3,Emory CP,Michigan SS,Neg,32.57,32.408,-0.162,34.389,34.544,0.155
ndt_3,ndt,3,Navy CR,Kansas HW,Neg,27.529,27.223,-0.306,29.519,29.695,0.175
ndt_3,ndt,3,Emory LY,Northwestern DR,Neg,35.802,35.626,-0.176,36.843,36.983,0.14
ndt_3,ndt,3,Kansas LS,Northwestern AL (Arney/Lundberg),Aff,35.822,35.901,0.08,29.458,29.365,-0.094
ndt_3,ndt,3,Texas AF,Kansas State SS,Aff,30.28,30.334,0.054,21.639,21.448,-0.19
ndt_3,ndt,3,Kansas MR,Emory GH,Neg,43.035,42.782,-0.254,41.386,41.644,0.258
ndt_3,ndt,3,Houston KY,West Georgia DK,Aff,27.196,28.252,1.055,33.008,32.578,-0.43
ndt_3,ndt,3,Dartmouth BC,West Point OS,Aff,38.213,38.216,0.003,17.823,17.756,-0.067
ndt_3,ndt,3,Baylor BL,Kentucky AM,Neg,21.775,21.724,-0.051,36.904,36.911,0.007
ndt_3,ndt,3,Houston DF,Michigan ES (Esmailzadeh/Shetty),Neg,24.489,24.402,-0.087,32.783,32.869,0.086
ndt_3,ndt,3,James Madison BR,Binghamton KR,Neg,25.318,24.942,-0.377,25.422,26.099,0.678
ndt_3,ndt,3,Iowa AP,Macalester KP,Neg,32.325,32.212,-0.113,37.446,37.583,0.137
ndt_3,ndt,3,Wake Forest BM,Georgia IP,Neg,34.252,33.971,-0.281,30.272,30.895,0.624
ndt_3,ndt,3,Southern California BrRe,Missouri State BK (Burns/Kimmerle),Aff,27.363,27.51,0.147,20.977,20.503,-0.474
ndt_3,ndt,3,Baylor CK,UC Berkeley BT,Neg,22.808,22.277,-0.531,29.116,29.232,0.116
ndt_3,ndt,3,Wake Forest LS,UTD HR,Aff,31.737,31.87,0.133,27.905,27.738,-0.167
ndt_3,ndt,3,Gonzaga WW,Kentucky RS,Neg,26.332,25.804,-0.528,31.962,32.076,0.114
ndt_3,ndt,3,NYU MS,George Mason RW,Aff,31.756,31.939,0.183,29.197,28.98,-0.217
ndt_3,ndt,3,Michigan State MM,UC Berkeley MR,Aff,34.952,35.08,0.128,30.867,30.671,-0.196
ndt_3,ndt,3,Dartmouth CaGu,Liberty CL,Aff,32.254,32.69,0.436,31.437,31.041,-0.396
ndt_3,ndt,3,Wichita State GM,Southern California BR,Neg,19.525,19.466,-0.058,29.824,29.868,0.044
ndt_3,ndt,3,Minnesota PW,Harvard AB,Neg,30.692,29.811,-0.88,28.123,28.625,0.502
ndt_3,ndt,3,Samford GP,UTD KP,Neg,24.214,24.023,-0.191,29.963,30.065,0.102
ndt_3,ndt,3,North Texas JW (Jones/Wofford),James Madison CP,Neg,22.748,22.193,-0.556,22.334,22.691,0.357
ndt_3,ndt,3,Michigan State BS,Harvard DS,Neg,29.389,29.04,-0.349,29.222,29.638,0.417
ndt_3,ndt,3,Texas NS,Southern Nazarene HC,Aff,25.666,25.767,0.101,12.862,12.702,-0.161
ndt_3,ndt,3,Oklahoma AT,Minnesota HU,Neg,17.282,16.563,-0.719,21.399,21.794,0.395
ndt_3,ndt,3,Northern Iowa DV,Cornell DK,Aff,16.723,18.121,1.399,18.294,17.014,-1.28
ndt_3,ndt,3,Oklahoma SW,Towson CP,Aff,20.077,20.816,0.739,18.249,15.836,-2.413
ndt_4,ndt,4,Binghamton CT,Kansas LS,Aff,36.375,36.546,0.171,35.901,35.688,-0.213
ndt_4,ndt,4,Southwestern SS,Central Oklahoma WS,Aff,12.723,14.005,1.282,12.962,10.871,-2.091
ndt_4,ndt,4,Binghamton KR,Iowa BW,Neg,26.099,25.535,-0.564,27.107,27.334,0.227
ndt_4,ndt,4,Kansas State SS,Minnesota PW,Neg,21.448,21.249,-0.199,29.811,29.965,0.154
ndt_4,ndt,4,Northwestern PS,CSU Long Beach EG,Aff,33.929,33.932,0.003,15.604,15.596,-0.007
ndt_4,ndt,4,Kansas State AD,Trinity KP,Neg,14.968,14.755,-0.213,22.809,22.993,0.184
ndt_4,ndt,4,Fullerton MM,Houston DF,Neg,13.9,13.639,-0.261,24.402,24.46,0.058
ndt_4,ndt,4,Towson CP,Michigan State BS,Aff,15.836,22.217,6.381,29.04,28.336,-0.705
ndt_4,ndt,4,Cornell DK,North Texas JW (Jones/Wofford),Neg,17.014,16.507,-0.507,22.193,22.418,0.226
ndt_4,ndt,4,Northwestern DR,Michigan State MM,Aff,36.983,37.104,0.121,35.08,34.9,-0.18
ndt_4,ndt,4,Michigan SS,Wake Forest LS,Aff,34.544,34.678,0.133,31.87,31.711,-0.159
ndt_4,ndt,4,Michigan BP,Georgetown CS,Neg,39.4,39.137,-0.263,35.585,35.894,0.31
ndt_4,ndt,4,Emory GH,CSU Long Beach OM,Neg,41.644,41.257,-0.388,35.697,36.04,0.343
ndt_4,ndt,4,Missouri State GB,Oklahoma AT,Aff,16.898,19.352,2.454,16.563,15.667,-0.896
ndt_4,ndt,4,West Georgia DK,Northern Iowa DV,Aff,32.578,32.589,0.011,18.121,18.061,-0.06
ndt_4,ndt,4,Michigan ES (Esmailzadeh/Shetty),Texas NS,Aff,32.869,32.981,0.113,25.767,25.459,-0.309
ndt_4,ndt,4,Kansas HW,Arizona State SS,Aff,29.695,29.701,0.006,14.292,14.275,-0.017
ndt_4,ndt,4,George Mason DF,Dartmouth CaGu,Aff,28.854,29.242,0.388,32.69,31.978,-0.712
ndt_4,ndt,4,Kentucky AM,Emory CP,Aff,36.911,36.998,0.087,32.408,32.306,-0.102
ndt_4,ndt,4,UC Berkeley BT,Western Kentucky CF,Aff,29.232,29.44,0.208,26.489,26.135,-0.354
ndt_4,ndt,4,Southern California BR,Texas AF,Neg,29.868,29.576,-0.292,30.334,30.561,0.228
ndt_4,ndt,4,Kentucky GS,Dartmouth BC,Neg,28.45,28.415,-0.035,38.216,38.242,0.026
ndt_4,ndt,4,Georgia IP,NYU MS,Aff,30.895,31.322,0.427,31.939,31.65,-0.289
ndt_4,ndt,4,Harvard AB,Iowa AP,Neg,28.625,28.402,-0.223,32.212,32.357,0.146
ndt_4,ndt,4,UTD KP,Southern California BrRe,Aff,30.065,30.239,0.174,27.51,27.232,-0.278
ndt_4,ndt,4,James Madison CP,Michigan State GL,Neg,22.691,22.673,-0.018,35.987,35.997,0.01
ndt_4,ndt,4,Kentucky RS,Kansas MR,Neg,32.076,32.044,-0.032,42.782,42.805,0.024
ndt_4,ndt,4,Harvard DS,Emory LY,Neg,29.638,29.488,-0.151,35.626,35.7,0.074
ndt_4,ndt,4,Northwestern AL (Arney/Lundberg),Oklahoma SW,Aff,29.365,29.425,0.061,20.816,20.553,-0.263
ndt_4,ndt,4,George Mason RW,Navy CR,Neg,28.98,28.612,-0.367,27.223,27.693,0.471
ndt_4,ndt,4,UTD HR,Baylor BL,Aff,27.738,27.848,0.109,21.724,21.235,-0.489
ndt_4,ndt,4,Missouri State BK (Burns/Kimmerle),Wichita State GM,Neg,20.503,19.271,-1.232,19.466,19.887,0.421
ndt_4,ndt,4,Wyoming CH,Baylor CK,Neg,18.949,18.113,-0.836,22.277,23.018,0.741
ndt_4,ndt,4,Southern Nazarene HC,Wake Forest BM,Neg,12.702,12.695,-0.006,33.971,33.972,0.001
ndt_4,ndt,4,UC Berkeley MR,James Madison BR,Aff,30.671,30.811,0.14,24.942,24.787,-0.155
ndt_4,ndt,4,Liberty CL,Gonzaga WW,Aff,31.041,31.231,0.19,25.804,25.29,-0.513
ndt_4,ndt,4,Minnesota HU,Samford GP,Aff,21.794,22.669,0.875,24.023,23.465,-0.558
ndt_4,ndt,4,West Point OS,Cal State Fullerton PP,Aff,17.756,19.962,2.206,16.258,14.344,-1.914
ndt_4,ndt,4,Macalester KP,Houston KY,Aff,37.583,37.638,0.054,28.252,28.152,-0.1
ndt_5,ndt,5,Georgetown CS,Binghamton CT,Neg,35.894,35.715,-0.179,36.546,36.711,0.165
ndt_5,ndt,5,Cornell DK,Central Oklahoma WS,Aff,16.507,16.932,0.425,10.871,9.991,-0.88
ndt_5,ndt,5,Iowa BW,Emory CP,Neg,27.334,27.213,-0.121,32.306,32.398,0.092
ndt_5,ndt,5,George Mason RW,Kansas State SS,Aff,28.612,28.697,0.085,21.249,21.019,-0.231
ndt_5,ndt,5,George Mason DF,Northwestern PS,Neg,29.242,29.12,-0.122,33.932,34.067,0.135
ndt_5,ndt,5,Trinity KP,Harvard DS,Aff,22.993,24.186,1.193,29.488,28.789,-0.699
ndt_5,ndt,5,UTD HR,Michigan State MM,Aff,27.848,28.426,0.578,34.9,34.436,-0.464
ndt_5,ndt,5,West Point OS,Northern Iowa DV,Aff,19.962,21.875,1.913,18.061,17.304,-0.757
ndt_5,ndt,5,Oklahoma AT,Cal State Fullerton PP,Aff,15.667,16.44,0.773,14.344,12.486,-1.859
ndt_5,ndt,5,Michigan SS,CSU Long Beach OM,Aff,34.678,34.907,0.229,36.04,35.829,-0.211
ndt_5,ndt,5,Macalester KP,Northwestern DR,Neg,37.638,37.319,-0.318,37.104,37.271,0.166
ndt_5,ndt,5,Minnesota HU,Michigan BP,Neg,22.669,22.657,-0.012,39.137,39.14,0.003
ndt_5,ndt,5,Emory GH,Kentucky AM,Aff,41.257,41.361,0.104,36.998,36.908,-0.09
ndt_5,ndt,5,West Georgia DK,Kansas MR,Neg,32.589,32.557,-0.032,42.805,42.832,0.027
ndt_5,ndt,5,Iowa AP,Texas AF,Neg,32.357,32.055,-0.303,30.561,30.856,0.295
ndt_5,ndt,5,UC Berkeley BT,Kansas HW,Neg,29.44,29.147,-0.293,29.701,29.921,0.22
ndt_5,ndt,5,Michigan ES (Esmailzadeh/Shetty),Emory LY,Neg,32.981,32.74,-0.242,35.7,35.831,0.131
ndt_5,ndt,5,Dartmouth BC,Georgia IP,Aff,38.242,38.296,0.053,31.322,31.21,-0.113
ndt_5,ndt,5,Southwestern SS,Wake Forest LS,Aff,14.005,18.767,4.762,31.711,30.978,-0.733
ndt_5,ndt,5,Southern California BrRe,Wichita State GM,Aff,27.232,27.343,0.111,19.887,19.773,-0.114
ndt_5,ndt,5,Liberty CL,James Madison CP,Aff,31.231,31.323,0.092,22.673,22.6,-0.073
ndt_5,ndt,5,James Madison BR,Missouri State BK (Burns/Kimmerle),Aff,24.787,24.944,0.157,19.271,18.833,-0.438
ndt_5,ndt,5,Southern California BR,North Texas JW (Jones/Wofford),Aff,29.576,29.666,0.09,22.418,22.27,-0.148
ndt_5,ndt,5,Navy CR,Wake Forest BM,Neg,27.693,27.562,-0.132,33.972,34.036,0.064
ndt_5,ndt,5,Dartmouth CaGu,UC Berkeley MR,Neg,31.978,31.479,-0.498,30.811,31.194,0.383
ndt_5,ndt,5,Houston DF,Harvard AB,Aff,24.46,25.012,0.552,28.402,27.85,-0.552
ndt_5,ndt,5,Binghamton KR,Kentucky RS,Neg,25.535,25.322,-0.213,32.044,32.138,0.094
ndt_5,ndt,5,Baylor CK,NYU MS,Neg,23.018,22.746,-0.273,31.65,31.707,0.057
ndt_5,ndt,5,Western Kentucky CF,Northwestern AL (Arney/Lundberg),Neg,26.135,25.825,-0.31,29.425,29.585,0.16
ndt_5,ndt,5,Fullerton MM,Samford GP,Aff,13.639,16.791,3.152,23.465,22.578,-0.887
ndt_5,ndt,5,Michigan State BS,Missouri State GB,Aff,28.336,28.411,0.075,19.352,18.745,-0.607
ndt_5,ndt,5,Oklahoma SW,CSU Long Beach EG,Neg,20.553,19.001,-1.552,15.596,16.715,1.118
ndt_5,ndt,5,Wyoming CH,Texas NS,Neg,18.113,17.707,-0.406,25.459,25.743,0.284
ndt_5,ndt,5,UTD KP,Kansas LS,Neg,30.239,30.135,-0.104,35.688,35.78,0.092
ndt_5,ndt,5,Kansas State AD,Southern Nazarene HC,Aff,14.755,15.265,0.51,12.695,11.651,-1.044
ndt_5,ndt,5,Towson CP,Baylor BL,Neg,22.217,20.42,-1.797,21.235,22.278,1.043
ndt_5,ndt,5,Arizona State SS,Gonzaga WW,Neg,14.275,14.192,-0.082,25.29,25.435,0.145
ndt_5,ndt,5,Houston KY,Michigan State GL,Neg,28.152,28.015,-0.137,35.997,36.046,0.049
ndt_5,ndt,5,Kentucky GS,Minnesota PW,Aff,28.415,28.681,0.266,29.965,29.248,-0.717
ndt_6,ndt,6,Binghamton CT,Michigan SS,Aff,36.711,36.848,0.137,34.907,34.759,-0.147
ndt_6,ndt,6,Central Oklahoma WS,Arizona State SS,Neg,9.991,9.033,-0.958,14.192,14.494,0.302
ndt_6,ndt,6,North Texas JW (Jones/Wofford),Iowa BW,Neg,22.27,22.048,-0.222,27.213,27.332,0.119
ndt_6,ndt,6,Kansas State SS,Oklahoma AT,Aff,21.019,21.383,0.365,16.44,15.93,-0.509
ndt_6,ndt,6,Northwestern PS,Emory GH,Neg,34.067,33.99,-0.078,41.361,41.416,0.056
ndt_6,ndt,6,CSU Long Beach OM,Trinity KP,Aff,35.829,35.845,0.016,24.186,24.129,-0.057
ndt_6,ndt,6,Kansas LS,Southern California BrRe,Aff,35.78,35.828,0.048,27.343,27.26,-0.083
ndt_6,ndt,6,Missouri State BK (Burns/Kimmerle),Wyoming CH,Aff,18.833,19.572,0.739,17.707,16.768,-0.94
ndt_6,ndt,6,Northern Iowa DV,Oklahoma SW,Neg,17.304,16.504,-0.801,19.001,19.671,0.67
ndt_6,ndt,6,Northwestern DR,Dartmouth BC,Neg,37.271,37.136,-0.135,38.296,38.447,0.151
ndt_6,ndt,6,Michigan BP,Liberty CL,Aff,39.14,39.182,0.042,31.323,31.217,-0.106
ndt_6,ndt,6,Kansas MR,UTD HR,Aff,42.832,42.839,0.007,28.426,28.417,-0.009
ndt_6,ndt,6,Emory LY,West Georgia DK,Neg,35.831,35.552,-0.28,32.557,32.904,0.346
ndt_6,ndt,6,Michigan State GL,Southern California BR,Aff,36.046,36.112,0.066,29.666,29.562,-0.103
ndt_6,ndt,6,Texas AF,Macalester KP,Neg,30.856,30.777,-0.079,37.319,37.417,0.098
ndt_6,ndt,6,Kansas HW,Georgetown CS,Neg,29.921,29.834,-0.087,35.715,35.789,0.074
ndt_6,ndt,6,Georgia IP,Houston DF,Neg,31.21,30.553,-0.657,25.012,25.656,0.644
ndt_6,ndt,6,Kentucky AM,UTD KP,Aff,36.908,36.962,0.054,30.135,30.058,-0.077
ndt_6,ndt,6,Emory CP,Kentucky GS,Neg,32.398,32.094,-0.304,28.681,29.025,0.344
ndt_6,ndt,6,Kentucky RS,George Mason DF,Neg,32.138,31.757,-0.381,29.12,29.47,0.349
ndt_6,ndt,6,NYU MS,UC Berkeley BT,Aff,31.707,31.879,0.172,29.147,28.943,-0.204
ndt_6,ndt,6,UC Berkeley MR,Michigan ES (Esmailzadeh/Shetty),Neg,31.194,30.932,-0.263,32.74,33.015,0.275
ndt_6,ndt,6,Northwestern AL (Arney/Lundberg),Iowa AP,Neg,29.585,29.405,-0.18,32.055,32.221,0.166
ndt_6,ndt,6,Michigan State MM,Southwestern SS,Aff,34.436,34.443,0.007,18.767,18.732,-0.036
ndt_6,ndt,6,James Madison CP,Fullerton MM,Neg,22.6,22.069,-0.531,16.791,18.774,1.983
ndt_6,ndt,6,Harvard DS,West Point OS,Aff,28.789,28.909,0.121,21.875,21.066,-0.809
ndt_6,ndt,6,Wake Forest LS,James Madison BR,Aff,30.978,31.061,0.082,24.944,24.806,-0.138
ndt_6,ndt,6,Harvard AB,George Mason RW,Neg,27.85,27.543,-0.307,28.697,28.952,0.254
ndt_6,ndt,6,Gonzaga WW,Minnesota HU,Aff,25.435,26.093,0.658,22.657,22.24,-0.417
ndt_6,ndt,6,Texas NS,Baylor CK,Aff,25.743,26.28,0.537,22.746,22.064,-0.682
ndt_6,ndt,6,Baylor BL,Navy CR,Aff,22.278,23.922,1.644,27.562,26.999,-0.562
ndt_6,ndt,6,CSU Long Beach EG,Western Kentucky CF,Neg,16.715,16.574,-0.14,25.825,25.921,0.096
ndt_6,ndt,6,Wichita State GM,Binghamton KR,Neg,19.773,19.613,-0.16,25.322,25.568,0.246
ndt_6,ndt,6,Southern Nazarene HC,Cornell DK,Aff,11.651,13.545,1.895,16.932,15.539,-1.393
ndt_6,ndt,6,Missouri State GB,Dartmouth CaGu,Neg,18.745,18.506,-0.24,31.479,31.522,0.043
ndt_6,ndt,6,Samford GP,Kansas State AD,Neg,22.578,21.788,-0.789,15.265,16.621,1.356
ndt_6,ndt,6,Cal State Fullerton PP,Towson CP,Neg,12.486,11.856,-0.629,20.42,20.893,0.473
ndt_6,ndt,6,Wake Forest BM,Houston KY,Aff,34.036,34.103,0.067,28.015,27.819,-0.196
ndt_6,ndt,6,Minnesota PW,Michigan State BS,Aff,29.248,29.741,0.493,28.411,28.133,-0.278
ndt_7,ndt,7,Binghamton CT,Kansas MR,Neg,36.848,36.783,-0.065,42.839,42.914,0.075
ndt_7,ndt,7,Central Oklahoma WS,Cal State Fullerton PP,Aff,9.033,10.714,1.681,11.856,9.825,-2.031
ndt_7,ndt,7,Emory LY,Iowa BW,Aff,35.552,35.594,0.042,27.332,27.274,-0.058
ndt_7,ndt,7,Kansas State SS,James Madison BR,Aff,21.383,22.364,0.981,24.806,24.315,-0.492
ndt_7,ndt,7,Northwestern PS,Kentucky AM,Neg,33.99,33.814,-0.176,36.962,37.072,0.11
ndt_7,ndt,7,Southern California BrRe,Trinity KP,Aff,27.26,27.491,0.231,24.129,23.763,-0.366
ndt_7,ndt,7,Texas AF,Wake Forest BM,Neg,30.777,30.637,-0.14,34.103,34.211,0.109
ndt_7,ndt,7,Baylor CK,Oklahoma SW,Neg,22.064,20.896,-1.167,19.671,20.65,0.979
ndt_7,ndt,7,Oklahoma AT,Samford GP,Neg,15.93,15.549,-0.381,21.788,21.941,0.153
ndt_7,ndt,7,Michigan State GL,Emory GH,Neg,36.112,36.031,-0.082,41.416,41.5,0.084
ndt_7,ndt,7,Dartmouth BC,Georgetown CS,Neg,38.447,38.213,-0.234,35.789,36.049,0.26
ndt_7,ndt,7,Michigan SS,Macalester KP,Neg,34.759,34.634,-0.126,37.417,37.61,0.193
ndt_7,ndt,7,CSU Long Beach OM,Michigan BP,Neg,35.845,35.739,-0.107,39.182,39.284,0.102
ndt_7,ndt,7,Houston DF,Iowa AP,Neg,25.656,25.545,-0.111,32.221,32.298,0.077
ndt_7,ndt,7,Missouri State GB,Southern Nazarene HC,Aff,18.506,19.478,0.972,13.545,13.039,-0.506
ndt_7,ndt,7,West Georgia DK,Michigan ES (Esmailzadeh/Shetty),Neg,32.904,32.68,-0.224,33.015,33.34,0.325
ndt_7,ndt,7,Kentucky GS,NYU MS,Aff,29.025,29.329,0.304,31.879,31.54,-0.339
ndt_7,ndt,7,George Mason DF,Kansas HW,Neg,29.47,29.241,-0.229,29.834,30.044,0.21
ndt_7,ndt,7,UC Berkeley BT,Baylor BL,Aff,28.943,29.072,0.129,23.922,23.509,-0.413
ndt_7,ndt,7,Fullerton MM,Michigan State MM,Neg,18.774,18.742,-0.031,34.443,34.449,0.007
ndt_7,ndt,7,George Mason RW,Southern California BR,Neg,28.952,28.696,-0.256,29.562,29.829,0.266
ndt_7,ndt,7,UC Berkeley MR,Texas NS,Aff,30.932,31.085,0.153,26.28,25.881,-0.399
ndt_7,ndt,7,Western Kentucky CF,Kentucky RS,Neg,25.921,25.737,-0.185,31.757,31.859,0.101
ndt_7,ndt,7,Georgia IP,Liberty CL,Neg,30.553,30.251,-0.301,31.217,31.581,0.364
ndt_7,ndt,7,Gonzaga WW,Northwestern AL (Arney/Lundberg),Neg,26.093,25.526,-0.567,29.405,29.554,0.149
ndt_7,ndt,7,Emory CP,Binghamton KR,Aff,32.094,32.16,0.066,25.568,25.374,-0.194
ndt_7,ndt,7,Harvard DS,UTD HR,Neg,28.909,28.532,-0.378,28.417,28.7,0.284
ndt_7,ndt,7,Wake Forest LS,Dartmouth CaGu,Aff,31.061,31.288,0.227,31.522,31.086,-0.437
ndt_7,ndt,7,Harvard AB,Cornell DK,Aff,27.543,27.574,0.032,15.539,15.455,-0.084
ndt_7,ndt,7,Towson CP,James Madison CP,Neg,20.893,19.703,-1.191,22.069,22.315,0.246
ndt_7,ndt,7,Navy CR,Southwestern SS,Aff,26.999,27.084,0.085,18.732,18.452,-0.28
ndt_7,ndt,7,Wyoming CH,Northern Iowa DV,Aff,16.768,17.697,0.93,16.504,15.651,-0.852
ndt_7,ndt,7,Missouri State BK (Burns/Kimmerle),Michigan State BS,Neg,19.572,19.37,-0.201,28.133,28.203,0.07
ndt_7,ndt,7,Northwestern DR,Kansas LS,Neg,37.136,36.956,-0.179,35.828,36.083,0.256
ndt_7,ndt,7,Minnesota HU,West Point OS,Neg,22.24,21.657,-0.583,21.066,23.057,1.991
ndt_7,ndt,7,Wichita State GM,North Texas JW (Jones/Wofford),Aff,19.613,20.095,0.482,22.048,21.458,-0.59
ndt_7,ndt,7,Arizona State SS,CSU Long Beach EG,Neg,14.494,14.082,-0.412,16.574,17.061,0.487
ndt_7,ndt,7,Kansas State AD,Houston KY,Neg,16.621,16.547,-0.075,27.819,27.878,0.059
ndt_7,ndt,7,UTD KP,Minnesota PW,Aff,30.058,30.282,0.224,29.741,29.241,-0.499
ndt_8,ndt,8,Emory GH,Kentucky GS,Aff,41.5,41.514,0.014,29.329,29.314,-0.015
ndt_8,ndt,8,Georgetown CS,Emory LY,Aff,36.049,36.223,0.174,35.594,35.418,-0.176
ndt_8,ndt,8,Kansas MR,Michigan State GL,Aff,42.914,42.975,0.061,36.031,35.973,-0.058
ndt_8,ndt,8,Macalester KP,Dartmouth BC,Aff,37.61,37.906,0.296,38.213,38.034,-0.179
ndt_8,ndt,8,Kansas LS,Michigan SS,Aff,36.083,36.257,0.173,34.634,34.484,-0.15
ndt_8,ndt,8,Michigan BP,Binghamton CT,Aff,39.284,39.399,0.115,36.783,36.663,-0.121
ndt_8,ndt,8,Iowa AP,Wake Forest LS,Neg,32.298,32.039,-0.26,31.288,31.53,0.242
ndt_8,ndt,8,Michigan ES (Esmailzadeh/Shetty),Southern California BrRe,Aff,33.34,33.465,0.124,27.491,27.351,-0.14
ndt_8,ndt,8,Kansas HW,Northwestern DR,Neg,30.044,29.978,-0.066,36.956,37.002,0.046
ndt_8,ndt,8,Kentucky AM,UC Berkeley BT,Aff,37.072,37.113,0.04,29.072,29.005,-0.067
ndt_8,ndt,8,Wake Forest BM,CSU Long Beach OM,Aff,34.211,34.425,0.213,35.739,35.53,-0.209
ndt_8,ndt,8,NYU MS,Houston DF,Aff,31.54,31.629,0.089,25.545,25.423,-0.122
ndt_8,ndt,8,Michigan State MM,Emory CP,Aff,34.449,34.61,0.161,32.16,32.02,-0.139
ndt_8,ndt,8,Houston KY,George Mason DF,Neg,27.878,27.475,-0.403,29.241,29.431,0.19
ndt_8,ndt,8,Southern California BR,UC Berkeley MR,Neg,29.829,29.593,-0.236,31.085,31.345,0.26
ndt_8,ndt,8,Northwestern AL (Arney/Lundberg),UTD KP,Aff,29.554,29.822,0.268,30.282,30.026,-0.256
ndt_8,ndt,8,Kentucky RS,Northwestern PS,Neg,31.859,31.664,-0.195,33.814,34.013,0.2
ndt_8,ndt,8,UTD HR,West Georgia DK,Neg,28.7,28.556,-0.144,32.68,32.803,0.123
ndt_8,ndt,8,Liberty CL,Texas AF,Aff,31.581,31.919,0.338,30.637,30.443,-0.194
ndt_8,ndt,8,Dartmouth CaGu,Kansas State AD,Aff,31.086,31.102,0.016,16.547,16.521,-0.025
ndt_8,ndt,8,Trinity KP,Wyoming CH,Aff,23.763,23.973,0.21,17.697,17.325,-0.373
ndt_8,ndt,8,Binghamton KR,Kansas State SS,Aff,25.374,25.717,0.342,22.364,21.959,-0.405
ndt_8,ndt,8,James Madison CP,Wichita State GM,Neg,22.315,21.919,-0.396,20.095,20.553,0.458
ndt_8,ndt,8,Iowa BW,Western Kentucky CF,Aff,27.274,27.474,0.199,25.737,25.372,-0.364
ndt_8,ndt,8,Michigan State BS,Gonzaga WW,Aff,28.203,28.404,0.202,25.526,24.955,-0.57
ndt_8,ndt,8,Texas NS,Navy CR,Aff,25.881,26.717,0.837,27.084,26.715,-0.368
ndt_8,ndt,8,Baylor BL,George Mason RW,Neg,23.509,23.136,-0.373,28.696,28.815,0.119
ndt_8,ndt,8,West Point OS,Harvard AB,Neg,23.057,22.23,-0.827,27.574,27.735,0.161
ndt_8,ndt,8,CSU Long Beach EG,Harvard DS,Neg,17.061,16.994,-0.067,28.532,28.568,0.036
ndt_8,ndt,8,Oklahoma SW,Georgia IP,Neg,20.65,20.513,-0.137,30.251,30.308,0.057
ndt_8,ndt,8,James Madison BR,Missouri State GB,Aff,24.315,24.472,0.157,19.478,18.602,-0.876
ndt_8,ndt,8,North Texas JW (Jones/Wofford),Towson CP,Aff,21.458,21.771,0.313,19.703,18.75,-0.953
ndt_8,ndt,8,Southwestern SS,Missouri State BK (Burns/Kimmerle),Neg,18.452,17.602,-0.849,19.37,20.044,0.674
ndt_8,ndt,8,Samford GP,Arizona State SS,Neg,21.941,21.164,-0.777,14.082,15.198,1.116
ndt_8,ndt,8,Cornell DK,Minnesota HU,Neg,15.455,15.138,-0.318,21.657,21.873,0.216
ndt_8,ndt,8,Southern Nazarene HC,Oklahoma AT,Aff,13.039,14.257,1.218,15.549,14.514,-1.035
ndt_8,ndt,8,Northern Iowa DV,Central Oklahoma WS,Neg,15.651,14.403,-1.248,10.714,12.648,1.934
ndt_8,ndt,8,Cal State Fullerton PP,Baylor CK,Neg,9.825,9.583,-0.243,20.896,21.03,0.134
ndt_dubs,ndt,dubs,Liberty CL,Macalester KP,Neg,31.919,31.779,-0.14,37.906,38.006,0.1
ndt_dubs,ndt,dubs,Georgetown CS,George Mason DF,Aff,36.223,36.28,0.057,29.431,29.359,-0.072
ndt_dubs,ndt,dubs,Michigan State GL,Binghamton CT,Neg,35.973,35.802,-0.171,36.663,36.818,0.155
ndt_dubs,ndt,dubs,Kentucky AM,Northwestern PS,Aff,37.113,37.219,0.106,34.013,33.85,-0.164
ndt_dubs,ndt,dubs,Northwestern AL (Arney/Lundberg),Wake Forest BM,Neg,29.822,29.705,-0.117,34.425,34.509,0.084
ndt_dubs,ndt,dubs,Michigan ES (Esmailzadeh/Shetty),Kentucky GS,Aff,33.465,33.631,0.167,29.314,29.201,-0.113
ndt_dubs,ndt,dubs,Michigan State MM,Northwestern DR,Neg,34.61,34.455,-0.155,37.002,37.108,0.106
ndt_dubs,ndt,dubs,NYU MS,West Georgia DK,Neg,31.629,31.43,-0.198,32.803,32.99,0.188
ndt_dubs,ndt,dubs,Dartmouth BC,Wake Forest LS,Aff,38.034,38.089,0.055,31.53,31.46,-0.07
ndt_dubs,ndt,dubs,Iowa AP,CSU Long Beach OM,Neg,32.039,31.905,-0.133,35.53,35.63,0.101
ndt_dubs,ndt,dubs,UC Berkeley MR,Emory LY,Neg,31.345,31.182,-0.162,35.418,35.516,0.098
ndt_dubs,ndt,dubs,Kansas HW,Michigan SS,Neg,29.978,29.871,-0.107,34.484,34.573,0.089
ndt_octas,ndt,octas,Michigan SS,Kansas MR,Neg,34.573,34.535,-0.038,42.975,43.018,0.042
ndt_octas,ndt,octas,Kansas LS,CSU Long Beach OM,Neg,36.257,36.032,-0.225,35.63,35.811,0.181
ndt_octas,ndt,octas,Dartmouth BC,Michigan BP,Aff,38.089,38.282,0.193,39.399,39.207,-0.192
ndt_octas,ndt,octas,Macalester KP,West Georgia DK,Aff,38.006,38.124,0.118,32.99,32.893,-0.098
ndt_octas,ndt,octas,Georgetown CS,Northwestern DR,Aff,36.28,36.481,0.201,37.108,36.943,-0.165
ndt_octas,ndt,octas,Binghamton CT,Michigan ES (Esmailzadeh/Shetty),Aff,36.818,36.922,0.104,33.631,33.44,-0.192
ndt_octas,ndt,octas,Kentucky AM,Wake Forest BM,Neg,37.219,36.989,-0.23,34.509,34.745,0.236
ndt_quarters,ndt,quarters,Kansas MR,Wake Forest BM,Aff,43.018,43.061,0.044,34.745,34.708,-0.037
ndt_quarters,ndt,quarters,Binghamton CT,Emory GH,Aff,36.922,37.198,0.276,41.514,41.191,-0.323
ndt_quarters,ndt,quarters,Georgetown CS,CSU Long Beach OM,Neg,36.481,36.288,-0.193,35.811,35.991,0.18
ndt_quarters,ndt,quarters,Dartmouth BC,Macalester KP,Aff,38.282,38.439,0.156,38.124,37.873,-0.251
ndt_semis,ndt,semis,Binghamton CT,CSU Long Beach OM,Aff,37.198,37.336,0.138,35.991,35.853,-0.138
ndt_semis,ndt,semis,Dartmouth BC,Kansas MR,Neg,38.439,38.362,-0.077,43.061,43.157,0.095
ndt_finals,ndt,finals,Kansas MR,Binghamton CT,Neg,43.157,42.796,-0.361,37.336,37.634,0.298
