Round,Tournament,Round_Label,Aff,Neg,Win,Aff_Mu_Before,Aff_Mu_After,Aff_Mu_Delta,Neg_Mu_Before,Neg_Mu_After,Neg_Mu_Delta
nu_1,nu,1,Cal State Fullerton MW,Texas AF,Neg,25.0,20.795,-4.205,25.0,29.205,4.205
nu_1,nu,1,Houston AK,Missouri State CN,Neg,25.0,20.795,-4.205,25.0,29.205,4.205
nu_1,nu,1,Iowa BW,Michigan State MM,Neg,25.0,20.795,-4.205,25.0,29.205,4.205
nu_1,nu,1,Wichita State MW,Baylor LC,Neg,25.0,20.795,-4.205,25.0,29.205,4.205
nu_1,nu,1,Emory SW,Northwestern PS,Neg,25.0,20.795,-4.205,25.0,29.205,4.205
nu_1,nu,1,Binghamton TC,Northwestern AL,Aff,25.0,29.205,4.205,25.0,20.795,-4.205
nu_1,nu,1,Emory FW,Michigan SG,Neg,25.0,20.795,-4.205,25.0,29.205,4.205
nu_1,nu,1,West Georgia DK,Oklahoma DT,Aff,25.0,29.205,4.205,25.0,20.795,-4.205
nu_1,nu,1,Missouri State BG,George Mason DF,Neg,25.0,20.795,-4.205,25.0,29.205,4.205
nu_1,nu,1,Kentucky AM,Kansas FS,Aff,25.0,29.205,4.205,25.0,20.795,-4.205
nu_1,nu,1,Indiana FM,Southern California BrRe,Neg,25.0,20.795,-4.205,25.0,29.205,4.205
nu_1,nu,1,NYU MS,Michigan BH,Aff,25.0,29.205,4.205,25.0,20.795,-4.205
nu_1,nu,1,CSU Long Beach OM,Oklahoma AW,Aff,25.0,29.205,4.205,25.0,20.795,-4.205
nu_1,nu,1,UC Berkeley TB,Dartmouth BJ,Aff,25.0,29.205,4.205,25.0,20.795,-4.205
nu_1,nu,1,Emory BS (Bennett/Sanneh),Dartmouth BC,Neg,25.0,20.795,-4.205,25.0,29.205,4.205
nu_1,nu,1,Michigan State AZ,George Mason WR,Neg,25.0,20.795,-4.205,25.0,29.205,4.205
nu_1,nu,1,Emory MR,UTD HR,Aff,25.0,29.205,4.205,25.0,20.795,-4.205
nu_1,nu,1,Kansas HP,Southern Nazarene YH,Aff,25.0,29.205,4.205,25.0,20.795,-4.205
nu_1,nu,1,Baylor LP,UTD KP,Neg,25.0,20.795,-4.205,25.0,29.205,4.205
nu_1,nu,1,Western Kentucky FC,Southern California BR,Aff,25.0,29.205,4.205,25.0,20.795,-4.205
nu_1,nu,1,Kansas LS,Macalester DD,Aff,25.0,29.205,4.205,25.0,20.795,-4.205
nu_1,nu,1,Southern California ZM,Wake Forest LS,Neg,25.0,20.795,-4.205,25.0,29.205,4.205
nu_1,nu,1,Emory PO,Houston KS,Aff,25.0,29.205,4.205,25.0,20.795,-4.205
nu_1,nu,1,Michigan State BS,North Texas JW (Jones/Wofford),Aff,25.0,29.205,4.205,25.0,20.795,-4.205
nu_1,nu,1,Iowa AP,Michigan DS,Aff,25.0,29.205,4.205,25.0,20.795,-4.205
nu_1,nu,1,Dartmouth MM,Wake Forest CS,Neg,25.0,20.795,-4.205,25.0,29.205,4.205
nu_1,nu,1,Missouri State BK (Bodenhorn/Kimmerle),Kentucky GS,Neg,25.0,20.795,-4.205,25.0,29.205,4.205
nu_1,nu,1,Emory ST,Kansas WH,Neg,25.0,20.795,-4.205,25.0,29.205,4.205
nu_1,nu,1,Western Kentucky SS,UTD KS,Neg,25.0,20.795,-4.205,25.0,29.205,4.205
nu_1,nu,1,Georgetown RS,Western Kentucky CS,Aff,25.0,29.205,4.205,25.0,20.795,-4.205
nu_1,nu,1,Trinity KM,Kansas MR,Neg,25.0,20.795,-4.205,25.0,29.205,4.205
nu_1,nu,1,Northwestern DR,Emory RT,Aff,25.0,29.205,4.205,25.0,20.795,-4.205
nu_1,nu,1,Emory LY,Gonzaga DW,Aff,25.0,29.205,4.205,25.0,20.795,-4.205
nu_1,nu,1,Michigan AO,Georgetown CW,Neg,25.0,20.795,-4.205,25.0,29.205,4.205
nu_1,nu,1,Macalester HK,Harvard AB,Aff,25.0,29.205,4.205,25.0,20.795,-4.205
nu_1,nu,1,Michigan BP,Gonzaga RW,Aff,25.0,29.205,4.205,25.0,20.795,-4.205
nu_1,nu,1,Dartmouth CG,Michigan State GL,Neg,25.0,20.795,-4.205,25.0,29.205,4.205
nu_1,nu,1,Michigan State JS,Wake Forest BM,Neg,25.0,20.795,-4.205,25.0,29.205,4.205
nu_1,nu,1,UC Berkeley MR,Kansas BW,Neg,25.0,20.795,-4.205,25.0,29.205,4.205
nu_1,nu,1,Michigan ShSi,Emory KP,Neg,25.0,20.795,-4.205,25.0,29.205,4.205
nu_1,nu,1,Southern California LK,Harvard GY,Neg,25.0,20.795,-4.205,25.0,29.205,4.205
nu_1,nu,1,Baylor KB,Emory GY,Neg,25.0,20.795,-4.205,25.0,29.205,4.205
nu_1,nu,1,Kansas WW,Dartmouth KR,Aff,25.0,29.205,4.205,25.0,20.795,-4.205
nu_1,nu,1,Houston TY,Missouri State CT,Aff,25.0,29.205,4.205,25.0,20.795,-4.205
nu_1,nu,1,Southern California CS,Trinity PW,Neg,25.0,20.795,-4.205,25.0,29.205,4.205
nu_1,nu,1,Emory CP,Wichita State GM,Aff,25.0,29.205,4.205,25.0,20.795,-4.205
nu_1,nu,1,Georgetown/American University (Policy Debate) VY,Wake Forest EP,Neg,25.0,20.795,-4.205,25.0,29.205,4.205
nu_1,nu,1,Michigan ES (Esmailzadeh/Sharma),Houston DF,Aff,25.0,29.205,4.205,25.0,20.795,-4.205
nu_1,nu,1,Wake Forest BH,Dartmouth CW,Neg,25.0,20.795,-4.205,25.0,29.205,4.205
nu_1,nu,1,Cal State Fullerton AM,Michigan SS,Neg,25.0,20.795,-4.205,25.0,29.205,4.205
nu_1,nu,1,Emory GH,Wake Forest DS,Aff,25.0,29.205,4.205,25.0,20.795,-4.205
nu_1,nu,1,Georgia IP,Southern California/UC Berkeley OM,Aff,25.0,29.205,4.205,25.0,20.795,-4.205
nu_2,nu,2,UTD KP,Emory CP,Aff,29.205,32.718,3.513,29.205,25.692,-3.513
nu_2,nu,2,Western Kentucky CS,Iowa BW,Neg,20.795,17.282,-3.513,20.795,24.308,3.513
nu_2,nu,2,Wake Forest CS,Emory MR,Neg,29.205,25.692,-3.513,29.205,32.718,3.513
nu_2,nu,2,Northwestern PS,Michigan ES (Esmailzadeh/Sharma),Aff,29.205,32.718,3.513,29.205,25.692,-3.513
nu_2,nu,2,Michigan SG,Binghamton TC,Neg,29.205,25.692,-3.513,29.205,32.718,3.513
nu_2,nu,2,George Mason DF,UC Berkeley TB,Neg,29.205,25.692,-3.513,29.205,32.718,3.513
nu_2,nu,2,Macalester DD,Wake Forest BH,Neg,20.795,17.282,-3.513,20.795,24.308,3.513
nu_2,nu,2,Dartmouth CW,Kansas LS,Neg,29.205,25.692,-3.513,29.205,32.718,3.513
nu_2,nu,2,Wichita State GM,Baylor LP,Aff,20.795,24.308,3.513,20.795,17.282,-3.513
nu_2,nu,2,Southern California BrRe,Macalester HK,Neg,29.205,25.692,-3.513,29.205,32.718,3.513
nu_2,nu,2,Missouri State CT,Southern California ZM,Neg,20.795,17.282,-3.513,20.795,24.308,3.513
nu_2,nu,2,Harvard AB,Indiana FM,Aff,20.795,24.308,3.513,20.795,17.282,-3.513
nu_2,nu,2,Houston DF,Emory SW,Neg,20.795,17.282,-3.513,20.795,24.308,3.513
nu_2,nu,2,Northwestern AL,Emory FW,Aff,20.795,24.308,3.513,20.795,17.282,-3.513
nu_2,nu,2,Michigan State MM,Georgetown RS,Neg,29.205,25.692,-3.513,29.205,32.718,3.513
nu_2,nu,2,UTD HR,Dartmouth MM,Aff,20.795,24.308,3.513,20.795,17.282,-3.513
nu_2,nu,2,Wake Forest LS,Houston TY,Neg,29.205,25.692,-3.513,29.205,32.718,3.513
nu_2,nu,2,Dartmouth BJ,Missouri State BG,Aff,20.795,24.308,3.513,20.795,17.282,-3.513
nu_2,nu,2,Southern California/UC Berkeley OM,Michigan AO,Aff,20.795,24.308,3.513,20.795,17.282,-3.513
nu_2,nu,2,Georgetown CW,Georgia IP,Aff,29.205,32.718,3.513,29.205,25.692,-3.513
nu_2,nu,2,Emory GY,Kentucky AM,Neg,29.205,25.692,-3.513,29.205,32.718,3.513
nu_2,nu,2,Kansas FS,Baylor KB,Aff,20.795,24.308,3.513,20.795,17.282,-3.513
nu_2,nu,2,Michigan BH,Trinity KM,Neg,20.795,17.282,-3.513,20.795,24.308,3.513
nu_2,nu,2,Kansas MR,NYU MS,Aff,29.205,32.718,3.513,29.205,25.692,-3.513
nu_2,nu,2,Michigan DS,Emory ST,Neg,20.795,17.282,-3.513,20.795,24.308,3.513
nu_2,nu,2,Kansas WH,Iowa AP,Neg,29.205,25.692,-3.513,29.205,32.718,3.513
nu_2,nu,2,George Mason WR,Emory LY,Neg,29.205,25.692,-3.513,29.205,32.718,3.513
nu_2,nu,2,Gonzaga DW,Michigan State AZ,Aff,20.795,24.308,3.513,20.795,17.282,-3.513
nu_2,nu,2,Baylor LC,Northwestern DR,Neg,29.205,25.692,-3.513,29.205,32.718,3.513
nu_2,nu,2,Emory RT,Wichita State MW,Neg,20.795,17.282,-3.513,20.795,24.308,3.513
nu_2,nu,2,Missouri State CN,Dartmouth CG,Neg,29.205,23.472,-5.733,20.795,26.528,5.733
nu_2,nu,2,Michigan State GL,Houston AK,Neg,29.205,23.472,-5.733,20.795,26.528,5.733
nu_2,nu,2,Kentucky GS,UC Berkeley MR,Neg,29.205,23.472,-5.733,20.795,26.528,5.733
nu_2,nu,2,Kansas BW,Missouri State BK (Bodenhorn/Kimmerle),Aff,29.205,30.988,1.783,20.795,19.012,-1.783
nu_2,nu,2,Trinity PW,Michigan ShSi,Neg,29.205,23.472,-5.733,20.795,26.528,5.733
nu_2,nu,2,Emory KP,Southern California CS,Aff,29.205,30.988,1.783,20.795,19.012,-1.783
nu_2,nu,2,Wake Forest EP,Kansas HP,Neg,29.205,25.692,-3.513,29.205,32.718,3.513
nu_2,nu,2,Southern Nazarene YH,Georgetown/American University (Policy Debate) VY,Aff,20.795,24.308,3.513,20.795,17.282,-3.513
nu_2,nu,2,North Texas JW (Jones/Wofford),Emory BS (Bennett/Sanneh),Aff,20.795,24.308,3.513,20.795,17.282,-3.513
nu_2,nu,2,Dartmouth BC,Michigan State BS,Aff,29.205,32.718,3.513,29.205,25.692,-3.513
nu_2,nu,2,Southern California BR,Michigan BP,Neg,20.795,19.012,-1.783,29.205,30.988,1.783
nu_2,nu,2,Gonzaga RW,Western Kentucky FC,Aff,20.795,26.528,5.733,29.205,23.472,-5.733
nu_2,nu,2,Dartmouth KR,Southern California LK,Aff,20.795,24.308,3.513,20.795,17.282,-3.513
nu_2,nu,2,Harvard GY,Kansas WW,Aff,29.205,32.718,3.513,29.205,25.692,-3.513
nu_2,nu,2,UTD KS,Emory GH,Neg,29.205,25.692,-3.513,29.205,32.718,3.513
nu_2,nu,2,Wake Forest DS,Western Kentucky SS,Neg,20.795,17.282,-3.513,20.795,24.308,3.513
nu_2,nu,2,Houston KS,Michigan State JS,Neg,20.795,17.282,-3.513,20.795,24.308,3.513
nu_2,nu,2,Wake Forest BM,Emory PO,Aff,29.205,32.718,3.513,29.205,25.692,-3.513
nu_2,nu,2,Texas AF,CSU Long Beach OM,Neg,29.205,25.692,-3.513,29.205,32.718,3.513
nu_2,nu,2,Kansas BS,Cal State Fullerton AM,Neg,25.0,19.305,-5.695,20.795,25.039,4.245
nu_2,nu,2,Michigan SS,West Georgia DK,Aff,29.205,32.718,3.513,29.205,25.692,-3.513
nu_2,nu,2,Oklahoma AW,Cal State Fullerton MW,Neg,20.795,17.282,-3.513,20.795,24.308,3.513
nu_3,nu,3,Dartmouth BC,UTD KP,Aff,32.718,35.671,2.952,32.718,29.766,-2.952
nu_3,nu,3,Iowa BW,Georgia IP,Neg,24.308,21.654,-2.653,25.692,28.346,2.653
nu_3,nu,3,Wake Forest CS,Kansas FS,Aff,25.692,28.346,2.653,24.308,21.654,-2.653
nu_3,nu,3,Macalester HK,Northwestern PS,Neg,32.718,29.766,-2.952,32.718,35.671,2.952
nu_3,nu,3,Binghamton TC,Kansas BW,Aff,32.718,35.265,2.547,30.988,28.212,-2.776
nu_3,nu,3,George Mason WR,Wichita State GM,Aff,25.692,28.346,2.653,24.308,21.654,-2.653
nu_3,nu,3,Georgetown RS,Kansas LS,Aff,32.718,35.671,2.952,32.718,29.766,-2.952
nu_3,nu,3,Wake Forest BH,Michigan State JS,Neg,24.308,21.355,-2.952,24.308,27.26,2.952
nu_3,nu,3,Kentucky AM,CSU Long Beach OM,Aff,32.718,35.671,2.952,32.718,29.766,-2.952
nu_3,nu,3,Wake Forest BM,Houston TY,Aff,32.718,35.671,2.952,32.718,29.766,-2.952
nu_3,nu,3,Iowa AP,Kansas MR,Neg,32.718,29.766,-2.952,32.718,35.671,2.952
nu_3,nu,3,Emory KP,Michigan SS,Neg,30.988,28.212,-2.776,32.718,35.265,2.547
nu_3,nu,3,Emory LY,Kansas HP,Aff,32.718,35.671,2.952,32.718,29.766,-2.952
nu_3,nu,3,Southern California ZM,Emory MR,Neg,24.308,22.93,-1.377,32.718,34.096,1.377
nu_3,nu,3,UC Berkeley TB,Emory GH,Neg,32.718,29.766,-2.952,32.718,35.671,2.952
nu_3,nu,3,Northwestern DR,Harvard GY,Neg,32.718,29.766,-2.952,32.718,35.671,2.952
nu_3,nu,3,Michigan BP,Georgetown CW,Neg,30.988,28.212,-2.776,32.718,35.265,2.547
nu_3,nu,3,Dartmouth CW,Georgetown/American University (Policy Debate) VY,Aff,25.692,27.07,1.377,17.282,15.904,-1.377
nu_3,nu,3,Wichita State MW,Kansas WW,Neg,24.308,21.654,-2.653,25.692,28.346,2.653
nu_3,nu,3,Michigan State BS,Kansas BS,Aff,25.692,27.37,1.678,19.305,17.276,-2.029
nu_3,nu,3,Southern Nazarene YH,Emory CP,Neg,24.308,21.654,-2.653,25.692,28.346,2.653
nu_3,nu,3,UTD KS,George Mason DF,Aff,25.692,28.645,2.952,25.692,22.74,-2.952
nu_3,nu,3,Western Kentucky SS,West Georgia DK,Neg,24.308,21.654,-2.653,25.692,28.346,2.653
nu_3,nu,3,Michigan State MM,Oklahoma DT,Aff,25.692,27.598,1.906,20.795,18.292,-2.502
nu_3,nu,3,Michigan State GL,Western Kentucky FC,Aff,23.472,26.302,2.829,23.472,20.643,-2.829
nu_3,nu,3,Emory ST,NYU MS,Aff,24.308,27.573,3.265,25.692,22.427,-3.265
nu_3,nu,3,Texas AF,Trinity PW,Aff,25.692,28.195,2.502,23.472,21.127,-2.345
nu_3,nu,3,Kentucky GS,Emory GY,Neg,23.472,21.127,-2.345,25.692,28.195,2.502
nu_3,nu,3,Baylor LC,Harvard AB,Neg,25.692,22.427,-3.265,24.308,27.573,3.265
nu_3,nu,3,Dartmouth KR,UTD HR,Neg,24.308,21.355,-2.952,24.308,27.26,2.952
nu_3,nu,3,Cal State Fullerton MW,Emory PO,Neg,24.308,21.654,-2.653,25.692,28.346,2.653
nu_3,nu,3,Wake Forest LS,Houston AK,Neg,25.692,22.894,-2.799,26.528,29.151,2.623
nu_3,nu,3,Northwestern AL,North Texas JW (Jones/Wofford),Aff,24.308,27.26,2.952,24.308,21.355,-2.952
nu_3,nu,3,Trinity KM,Gonzaga RW,Neg,24.308,21.805,-2.502,26.528,28.873,2.345
nu_3,nu,3,Dartmouth CG,Emory SW,Aff,26.528,28.873,2.345,24.308,21.805,-2.502
nu_3,nu,3,Kansas WH,Wake Forest EP,Aff,25.692,28.645,2.952,25.692,22.74,-2.952
nu_3,nu,3,Southern California/UC Berkeley OM,Michigan ES (Esmailzadeh/Sharma),Neg,24.308,21.654,-2.653,25.692,28.346,2.653
nu_3,nu,3,Dartmouth BJ,Missouri State CN,Neg,24.308,21.131,-3.176,23.472,26.449,2.977
nu_3,nu,3,Michigan ShSi,UC Berkeley MR,Neg,26.528,23.698,-2.829,26.528,29.357,2.829
nu_3,nu,3,Southern California BrRe,Michigan SG,Neg,25.692,22.74,-2.952,25.692,28.645,2.952
nu_3,nu,3,Michigan AO,Indiana FM,Aff,17.282,20.234,2.952,17.282,14.329,-2.952
nu_3,nu,3,Missouri State BG,Southern California CS,Neg,17.282,14.735,-2.547,19.012,21.788,2.776
nu_3,nu,3,Southern California BR,Missouri State CT,Aff,19.012,21.788,2.776,17.282,14.735,-2.547
nu_3,nu,3,Western Kentucky CS,Emory BS (Bennett/Sanneh),Aff,17.282,20.234,2.952,17.282,14.329,-2.952
nu_3,nu,3,Macalester DD,Houston DF,Neg,17.282,14.329,-2.952,17.282,20.234,2.952
nu_3,nu,3,Michigan DS,Emory FW,Aff,17.282,20.234,2.952,17.282,14.329,-2.952
nu_3,nu,3,Michigan BH,Baylor LP,Aff,17.282,20.234,2.952,17.282,14.329,-2.952
nu_3,nu,3,Oklahoma AW,Baylor KB,Neg,17.282,14.329,-2.952,17.282,20.234,2.952
nu_3,nu,3,Michigan State AZ,Missouri State BK (Bodenhorn/Kimmerle),Aff,17.282,20.569,3.288,19.012,15.428,-3.584
nu_3,nu,3,Wake Forest DS,Southern California LK,Aff,17.282,20.234,2.952,17.282,14.329,-2.952
nu_3,nu,3,Dartmouth MM,Houston KS,Neg,17.282,14.329,-2.952,17.282,20.234,2.952
nu_3,nu,3,Cal State Fullerton AM,Gonzaga DW,Neg,25.039,21.907,-3.132,24.308,27.42,3.112
nu_4,nu,4,UTD KP,Southern California BrRe,Aff,29.766,31.033,1.267,22.74,21.473,-1.267
nu_4,nu,4,Kansas BS,Iowa BW,Aff,17.276,21.383,4.106,21.654,18.335,-3.319
nu_4,nu,4,Georgetown CW,Wake Forest CS,Aff,35.265,36.578,1.312,28.346,27.048,-1.298
nu_4,nu,4,Northwestern PS,Wake Forest BM,Aff,35.671,38.171,2.5,35.671,33.171,-2.5
nu_4,nu,4,Emory MR,Binghamton TC,Neg,34.096,31.662,-2.433,35.265,37.55,2.285
nu_4,nu,4,Oklahoma DT,Kentucky GS,Neg,18.292,15.801,-2.491,21.127,22.957,1.83
nu_4,nu,4,Kansas LS,Michigan BH,Aff,29.766,30.7,0.934,20.234,19.3,-0.934
nu_4,nu,4,CSU Long Beach OM,Michigan State AZ,Aff,29.766,30.741,0.975,20.569,19.6,-0.969
nu_4,nu,4,Emory GH,Kentucky AM,Aff,35.671,38.171,2.5,35.671,33.171,-2.5
nu_4,nu,4,Harvard GY,Emory LY,Aff,35.671,38.171,2.5,35.671,33.171,-2.5
nu_4,nu,4,Michigan SS,Dartmouth BC,Neg,35.265,32.798,-2.468,35.671,38.08,2.409
nu_4,nu,4,Kansas MR,Georgetown RS,Aff,35.671,38.171,2.5,35.671,33.171,-2.5
nu_4,nu,4,Southern California LK,Macalester DD,Aff,14.329,16.829,2.5,14.329,11.829,-2.5
nu_4,nu,4,Emory PO,Wake Forest DS,Aff,28.346,29.476,1.13,20.234,19.118,-1.115
nu_4,nu,4,Emory GY,Southern California BR,Aff,28.195,29.568,1.373,21.788,20.313,-1.475
nu_4,nu,4,Houston AK,Dartmouth CG,Aff,29.151,31.515,2.363,28.873,26.479,-2.394
nu_4,nu,4,Kansas WW,Northwestern AL,Aff,28.346,30.655,2.309,27.26,24.981,-2.279
nu_4,nu,4,Georgia IP,George Mason WR,Aff,28.346,30.868,2.522,28.346,25.824,-2.522
nu_4,nu,4,Emory CP,Macalester HK,Neg,28.346,26.102,-2.243,29.766,31.981,2.214
nu_4,nu,4,Gonzaga RW,Emory KP,Aff,28.873,31.144,2.271,28.212,25.652,-2.56
nu_4,nu,4,Michigan State JS,Emory ST,Neg,27.26,24.819,-2.441,27.573,29.984,2.412
nu_4,nu,4,UTD HR,Iowa AP,Aff,27.26,30.291,3.031,29.766,26.735,-3.031
nu_4,nu,4,Michigan ES (Esmailzadeh/Sharma),UC Berkeley TB,Neg,28.346,26.102,-2.243,29.766,31.981,2.214
nu_4,nu,4,West Georgia DK,UTD KS,Neg,28.346,25.879,-2.466,28.645,31.079,2.435
nu_4,nu,4,Missouri State CN,Michigan State MM,Neg,26.449,24.314,-2.135,27.598,30.025,2.427
nu_4,nu,4,Michigan SG,Texas AF,Neg,28.645,26.059,-2.586,28.195,30.821,2.626
nu_4,nu,4,Kansas BW,Dartmouth CW,Neg,28.212,25.317,-2.896,27.07,29.966,2.896
nu_4,nu,4,Kansas HP,Michigan State GL,Neg,29.766,26.484,-3.282,26.302,29.395,3.094
nu_4,nu,4,UC Berkeley MR,Kansas WH,Neg,29.357,26.838,-2.519,28.645,31.318,2.673
nu_4,nu,4,Houston TY,Michigan State BS,Aff,29.766,31.78,2.014,27.37,25.197,-2.174
nu_4,nu,4,Gonzaga DW,Northwestern DR,Neg,27.42,25.387,-2.033,29.766,31.811,2.045
nu_4,nu,4,Harvard AB,Michigan BP,Neg,27.573,25.258,-2.315,28.212,30.769,2.557
nu_4,nu,4,NYU MS,Western Kentucky CS,Aff,22.427,24.477,2.05,20.234,18.159,-2.075
nu_4,nu,4,Western Kentucky FC,Southern California ZM,Aff,20.643,23.437,2.794,22.93,19.696,-3.234
nu_4,nu,4,Wake Forest EP,Southern Nazarene YH,Aff,22.74,25.019,2.279,21.654,19.345,-2.309
nu_4,nu,4,Wichita State GM,Michigan DS,Neg,21.654,18.828,-2.826,20.234,23.023,2.789
nu_4,nu,4,North Texas JW (Jones/Wofford),Western Kentucky SS,Neg,21.355,18.921,-2.435,21.654,24.121,2.466
nu_4,nu,4,Trinity PW,Wichita State MW,Aff,21.127,23.659,2.532,21.654,19.004,-2.651
nu_4,nu,4,Emory SW,Michigan ShSi,Neg,21.805,19.632,-2.174,23.698,25.716,2.017
nu_4,nu,4,Houston KS,Michigan AO,Neg,20.234,17.734,-2.5,20.234,22.734,2.5
nu_4,nu,4,Southern California CS,Wake Forest LS,Neg,21.788,19.333,-2.454,22.894,25.147,2.253
nu_4,nu,4,Kansas FS,Dartmouth KR,Neg,21.654,19.065,-2.589,21.355,23.911,2.556
nu_4,nu,4,Emory RT,Dartmouth BJ,Neg,17.282,15.064,-2.217,21.131,22.834,1.703
nu_4,nu,4,George Mason DF,Wake Forest BH,Aff,22.74,24.965,2.225,21.355,19.13,-2.225
nu_4,nu,4,Baylor KB,Cal State Fullerton AM,Aff,20.234,23.085,2.851,21.907,19.061,-2.847
nu_4,nu,4,Baylor LP,Oklahoma AW,Neg,14.329,11.829,-2.5,14.329,16.829,2.5
nu_4,nu,4,Houston DF,Southern California/UC Berkeley OM,Aff,20.234,23.023,2.789,21.654,18.828,-2.826
nu_4,nu,4,Missouri State CT,Trinity KM,Neg,14.735,13.445,-1.29,21.805,23.084,1.279
nu_4,nu,4,Indiana FM,Baylor LC,Neg,14.329,13.212,-1.117,22.427,23.531,1.104
nu_4,nu,4,Missouri State BK (Bodenhorn/Kimmerle),Cal State Fullerton MW,Aff,15.428,19.471,4.043,21.654,17.773,-3.881
nu_4,nu,4,Emory FW,Missouri State BG,Aff,14.329,16.902,2.573,14.735,12.099,-2.635
nu_4,nu,4,Emory BS (Bennett/Sanneh),Dartmouth MM,Aff,14.329,16.829,2.5,14.329,11.829,-2.5
nu_5,nu,5,Kansas WH,UTD KP,Aff,31.318,33.359,2.042,31.033,28.817,-2.216
nu_5,nu,5,Iowa BW,Emory RT,Neg,18.335,15.69,-2.645,15.064,18.451,3.386
nu_5,nu,5,Michigan State JS,Wake Forest CS,Neg,24.819,23.094,-1.724,27.048,28.916,1.868
nu_5,nu,5,Emory GH,Northwestern PS,Neg,38.171,36.035,-2.136,38.171,40.306,2.136
nu_5,nu,5,Kansas MR,Binghamton TC,Aff,38.171,40.182,2.011,37.55,35.463,-2.087
nu_5,nu,5,Wichita State MW,Wake Forest DS,Neg,19.004,16.91,-2.094,19.118,21.387,2.268
nu_5,nu,5,Emory BS (Bennett/Sanneh),Michigan State BS,Neg,16.829,15.971,-0.859,25.197,26.133,0.936
nu_5,nu,5,Kansas LS,Emory MR,Neg,30.7,28.591,-2.109,31.662,33.743,2.081
nu_5,nu,5,Georgetown RS,Texas AF,Aff,33.171,34.887,1.716,30.821,29.089,-1.732
nu_5,nu,5,Dartmouth BC,Georgetown CW,Aff,38.08,39.931,1.851,36.578,34.561,-2.016
nu_5,nu,5,Houston DF,Wake Forest BM,Neg,23.023,22.365,-0.658,33.171,33.837,0.666
nu_5,nu,5,Emory LY,UTD HR,Aff,33.171,34.804,1.633,30.291,28.692,-1.599
nu_5,nu,5,Emory PO,Michigan BP,Neg,29.476,27.434,-2.042,30.769,32.776,2.007
nu_5,nu,5,Kentucky AM,Houston TY,Aff,33.171,35.048,1.877,31.78,29.851,-1.93
nu_5,nu,5,Michigan State MM,Harvard GY,Neg,30.025,29.084,-0.941,38.171,39.055,0.884
nu_5,nu,5,Dartmouth CW,UTD KS,Aff,29.966,32.451,2.485,31.079,28.751,-2.328
nu_5,nu,5,Northwestern DR,Georgia IP,Neg,31.811,29.459,-2.352,30.868,33.197,2.329
nu_5,nu,5,Macalester HK,Michigan State GL,Aff,31.981,33.694,1.713,29.395,27.83,-1.565
nu_5,nu,5,Emory GY,Houston AK,Neg,29.568,27.64,-1.928,31.515,33.225,1.711
nu_5,nu,5,Gonzaga RW,Michigan SS,Neg,31.144,29.335,-1.809,32.798,34.677,1.879
nu_5,nu,5,Emory ST,CSU Long Beach OM,Neg,29.984,28.027,-1.958,30.741,32.909,2.168
nu_5,nu,5,UC Berkeley TB,Kansas WW,Aff,31.981,33.894,1.913,30.655,28.729,-1.926
nu_5,nu,5,West Georgia DK,Kansas BS,Aff,25.879,27.255,1.376,21.383,19.814,-1.569
nu_5,nu,5,Michigan ShSi,Northwestern AL,Aff,25.716,27.66,1.945,24.981,22.953,-2.028
nu_5,nu,5,Kansas HP,Trinity PW,Aff,26.484,28.078,1.594,23.659,22.059,-1.6
nu_5,nu,5,Baylor KB,Michigan ES (Esmailzadeh/Sharma),Neg,23.085,21.502,-1.582,26.102,27.747,1.644
nu_5,nu,5,Iowa AP,Western Kentucky SS,Aff,26.735,28.375,1.64,24.121,22.423,-1.698
nu_5,nu,5,Michigan DS,George Mason WR,Neg,23.023,21.399,-1.624,25.824,27.486,1.662
nu_5,nu,5,Michigan SG,Dartmouth KR,Aff,26.059,27.808,1.748,23.911,22.161,-1.75
nu_5,nu,5,Dartmouth BJ,Trinity KM,Aff,22.834,25.064,2.23,23.084,20.751,-2.333
nu_5,nu,5,UC Berkeley MR,George Mason DF,Aff,26.838,28.55,1.712,24.965,23.134,-1.831
nu_5,nu,5,Baylor LC,Emory CP,Neg,23.531,21.744,-1.787,26.102,27.806,1.703
nu_5,nu,5,Wake Forest LS,NYU MS,Aff,25.147,27.188,2.041,24.477,22.452,-2.025
nu_5,nu,5,Dartmouth CG,Michigan AO,Aff,26.479,27.932,1.452,22.734,21.24,-1.494
nu_5,nu,5,Kentucky GS,Harvard AB,Aff,22.957,25.576,2.619,25.258,22.679,-2.579
nu_5,nu,5,Kansas BW,Western Kentucky FC,Aff,25.317,27.24,1.924,23.437,21.746,-1.691
nu_5,nu,5,Emory KP,Gonzaga DW,Aff,25.652,27.872,2.219,25.387,23.294,-2.094
nu_5,nu,5,Missouri State CN,Wake Forest EP,Neg,24.314,22.371,-1.944,25.019,27.054,2.034
nu_5,nu,5,Missouri State BG,Southern California BR,Neg,12.099,11.208,-0.891,20.313,21.322,1.009
nu_5,nu,5,Southern California/UC Berkeley OM,Missouri State BK (Bodenhorn/Kimmerle),Aff,18.828,21.083,2.255,19.471,17.221,-2.25
nu_5,nu,5,Western Kentucky CS,Southern California BrRe,Aff,18.159,20.956,2.797,21.473,18.529,-2.944
nu_5,nu,5,Cal State Fullerton AM,Southern California LK,Aff,19.061,20.775,1.714,16.829,15.088,-1.741
nu_5,nu,5,Georgetown/American University (Policy Debate) VY,Wake Forest BH,Neg,15.904,13.826,-2.078,19.13,20.667,1.537
nu_5,nu,5,Cal State Fullerton MW,Southern Nazarene YH,Aff,17.773,20.138,2.365,19.345,16.854,-2.492
nu_5,nu,5,Macalester DD,Indiana FM,Aff,11.829,14.196,2.367,13.212,10.642,-2.57
nu_5,nu,5,Oklahoma DT,North Texas JW (Jones/Wofford),Neg,15.801,13.808,-1.993,18.921,20.472,1.552
nu_5,nu,5,Michigan State AZ,Oklahoma AW,Aff,19.6,21.385,1.784,16.829,15.198,-1.632
nu_5,nu,5,Southern California ZM,Houston KS,Neg,19.696,17.086,-2.61,17.734,20.228,2.494
nu_5,nu,5,Michigan BH,Southern California CS,Neg,19.3,17.013,-2.287,19.333,21.584,2.251
nu_5,nu,5,Kansas FS,Emory SW,Neg,19.065,17.028,-2.038,19.632,21.707,2.076
nu_5,nu,5,Wichita State GM,Emory FW,Neg,18.828,16.324,-2.504,16.902,19.406,2.504
nu_5,nu,5,Missouri State CT,Baylor LP,Aff,13.445,15.444,2.0,11.829,10.007,-1.822
nu_6,nu,6,UTD KP,Dartmouth CG,Aff,28.817,30.601,1.784,27.932,26.235,-1.696
nu_6,nu,6,Missouri State BK (Bodenhorn/Kimmerle),Iowa BW,Neg,17.221,15.125,-2.096,15.69,17.791,2.101
nu_6,nu,6,Wake Forest CS,UC Berkeley MR,Aff,28.916,30.847,1.931,28.55,26.836,-1.714
nu_6,nu,6,Northwestern PS,Kansas MR,Neg,40.306,38.446,-1.861,40.182,42.057,1.875
nu_6,nu,6,Binghamton TC,Macalester HK,Aff,35.463,37.06,1.598,33.694,32.105,-1.589
nu_6,nu,6,Emory RT,Kansas LS,Neg,18.451,17.813,-0.638,28.591,29.183,0.592
nu_6,nu,6,Harvard GY,Dartmouth BC,Aff,39.055,41.185,2.131,39.931,37.922,-2.009
nu_6,nu,6,Georgetown CW,Dartmouth BJ,Aff,34.561,35.204,0.642,25.064,24.455,-0.609
nu_6,nu,6,Michigan BP,Dartmouth CW,Aff,32.776,34.682,1.906,32.451,30.608,-1.843
nu_6,nu,6,Emory MR,UC Berkeley TB,Aff,33.743,35.747,2.004,33.894,32.009,-1.885
nu_6,nu,6,Michigan SS,Kansas WH,Neg,34.677,32.544,-2.132,33.359,35.416,2.057
nu_6,nu,6,Wake Forest BM,Georgetown RS,Aff,33.837,36.036,2.199,34.887,32.857,-2.03
nu_6,nu,6,Houston AK,Emory LY,Neg,33.225,31.662,-1.563,34.804,36.423,1.619
nu_6,nu,6,CSU Long Beach OM,Emory GH,Neg,32.909,31.456,-1.453,36.035,37.37,1.334
nu_6,nu,6,Georgia IP,Kentucky AM,Neg,33.197,31.656,-1.541,35.048,36.605,1.557
nu_6,nu,6,UTD KS,Michigan ShSi,Neg,28.751,26.717,-2.035,27.66,29.659,1.998
nu_6,nu,6,Michigan State GL,Kentucky GS,Aff,27.83,29.253,1.423,25.576,24.099,-1.477
nu_6,nu,6,Texas AF,Emory KP,Aff,29.089,30.758,1.668,27.872,26.14,-1.732
nu_6,nu,6,Houston TY,Iowa AP,Neg,29.851,27.688,-2.162,28.375,30.475,2.1
nu_6,nu,6,Kansas WW,Gonzaga RW,Aff,28.729,30.724,1.996,29.335,27.391,-1.944
nu_6,nu,6,Michigan State BS,Kansas BW,Aff,26.133,28.437,2.304,27.24,25.131,-2.11
nu_6,nu,6,Michigan ES (Esmailzadeh/Sharma),Kansas HP,Neg,27.747,25.885,-1.862,28.078,29.845,1.766
nu_6,nu,6,UTD HR,Wake Forest LS,Neg,28.692,26.579,-2.112,27.188,29.33,2.141
nu_6,nu,6,Emory CP,Michigan SG,Aff,27.806,29.721,1.915,27.808,25.951,-1.857
nu_6,nu,6,George Mason WR,Emory PO,Aff,27.486,29.35,1.864,27.434,25.452,-1.981
nu_6,nu,6,Wake Forest EP,Emory ST,Aff,27.054,29.084,2.031,28.027,26.009,-2.017
nu_6,nu,6,Kansas BS,Michigan State MM,Neg,19.814,19.09,-0.725,29.084,29.787,0.702
nu_6,nu,6,Southern California CS,West Georgia DK,Neg,21.584,20.514,-1.07,27.255,28.309,1.054
nu_6,nu,6,Emory FW,Northwestern DR,Neg,19.406,18.883,-0.523,29.459,29.997,0.538
nu_6,nu,6,Houston KS,Emory GY,Neg,20.228,19.446,-0.782,27.64,28.502,0.862
nu_6,nu,6,NYU MS,Dartmouth MM,Aff,22.452,22.956,0.504,11.829,11.219,-0.61
nu_6,nu,6,Northwestern AL,Macalester DD,Aff,22.953,23.614,0.661,14.196,13.547,-0.649
nu_6,nu,6,Harvard AB,Wichita State MW,Aff,22.679,23.649,0.97,16.91,15.915,-0.994
nu_6,nu,6,Gonzaga DW,Missouri State CT,Aff,23.294,24.056,0.762,15.444,14.626,-0.818
nu_6,nu,6,Trinity KM,Georgetown/American University (Policy Debate) VY,Neg,20.751,17.606,-3.145,13.826,17.76,3.933
nu_6,nu,6,Southern California BR,Western Kentucky CS,Aff,21.322,23.448,2.127,20.956,19.233,-1.723
nu_6,nu,6,George Mason DF,Houston DF,Aff,23.134,24.863,1.729,22.365,20.515,-1.85
nu_6,nu,6,Michigan AO,Michigan State AZ,Aff,21.24,23.134,1.894,21.385,19.357,-2.027
nu_6,nu,6,Western Kentucky FC,Cal State Fullerton AM,Neg,21.746,19.789,-1.957,20.775,22.805,2.03
nu_6,nu,6,Dartmouth KR,Michigan DS,Aff,22.161,23.898,1.737,21.399,19.664,-1.735
nu_6,nu,6,Trinity PW,Cal State Fullerton MW,Neg,22.059,19.87,-2.189,20.138,22.251,2.113
nu_6,nu,6,Wake Forest BH,Southern California/UC Berkeley OM,Aff,20.667,22.679,2.012,21.083,19.198,-1.886
nu_6,nu,6,Emory SW,Baylor LC,Aff,21.707,23.577,1.87,21.744,19.762,-1.982
nu_6,nu,6,Western Kentucky SS,Baylor KB,Aff,22.423,24.158,1.735,21.502,19.797,-1.705
nu_6,nu,6,North Texas JW (Jones/Wofford),Missouri State CN,Aff,20.472,22.742,2.269,22.371,20.251,-2.12
nu_6,nu,6,Wake Forest DS,Michigan State JS,Neg,21.387,19.729,-1.657,23.094,24.68,1.585
nu_6,nu,6,Southern California BrRe,Kansas FS,Aff,18.529,20.168,1.639,17.028,15.421,-1.607
nu_6,nu,6,Oklahoma AW,Southern California ZM,Neg,15.198,13.627,-1.571,17.086,18.643,1.557
nu_6,nu,6,Southern Nazarene YH,Emory BS (Bennett/Sanneh),Neg,16.854,14.881,-1.972,15.971,18.115,2.144
nu_6,nu,6,Southern California LK,Wichita State GM,Neg,15.088,13.42,-1.668,16.324,17.932,1.608
nu_6,nu,6,Indiana FM,Michigan BH,Neg,10.642,9.681,-0.961,17.013,18.005,0.992
nu_7,nu,7,Wake Forest LS,UTD KP,Aff,29.33,31.132,1.802,30.601,28.701,-1.9
nu_7,nu,7,Michigan DS,Iowa BW,Neg,19.664,17.718,-1.945,17.791,19.661,1.87
nu_7,nu,7,Georgia IP,Wake Forest CS,Neg,31.656,29.914,-1.742,30.847,32.694,1.846
nu_7,nu,7,Emory LY,Northwestern PS,Aff,36.423,38.411,1.988,38.446,36.526,-1.92
nu_7,nu,7,Binghamton TC,Kansas WH,Aff,37.06,38.479,1.418,35.416,34.078,-1.338
nu_7,nu,7,Houston KS,Southern California/UC Berkeley OM,Neg,19.446,17.714,-1.732,19.198,20.818,1.621
nu_7,nu,7,Michigan State AZ,Emory FW,Neg,19.357,17.567,-1.79,18.883,20.663,1.78
nu_7,nu,7,Kansas LS,Michigan State MM,Aff,29.183,31.124,1.941,29.787,27.793,-1.994
nu_7,nu,7,Dartmouth CG,Wake Forest BH,Neg,26.235,24.022,-2.214,22.679,24.951,2.271
nu_7,nu,7,Kansas BW,NYU MS,Neg,25.131,23.106,-2.025,22.956,25.1,2.144
nu_7,nu,7,Harvard GY,Kansas MR,Neg,41.185,39.631,-1.555,42.057,43.524,1.467
nu_7,nu,7,Dartmouth BC,Wake Forest EP,Aff,37.922,38.457,0.535,29.084,28.557,-0.528
nu_7,nu,7,Wake Forest BM,Emory GH,Neg,36.036,34.537,-1.499,37.37,38.799,1.429
nu_7,nu,7,Georgetown CW,Emory MR,Aff,35.204,37.148,1.944,35.747,33.99,-1.758
nu_7,nu,7,Michigan BP,Kentucky AM,Aff,34.682,36.714,2.032,36.605,34.666,-1.938
nu_7,nu,7,Georgetown RS,Cal State Fullerton MW,Aff,32.857,33.25,0.393,22.251,21.881,-0.369
nu_7,nu,7,Michigan ShSi,CSU Long Beach OM,Neg,29.659,28.367,-1.292,31.456,32.921,1.466
nu_7,nu,7,Dartmouth CW,George Mason WR,Neg,30.608,28.737,-1.871,29.35,31.198,1.848
nu_7,nu,7,Emory CP,Michigan SS,Aff,29.721,31.855,2.134,32.544,30.46,-2.085
nu_7,nu,7,Houston AK,Michigan State BS,Neg,31.662,29.56,-2.102,28.437,30.816,2.379
nu_7,nu,7,Iowa AP,Macalester HK,Aff,30.475,32.322,1.847,32.105,30.168,-1.937
nu_7,nu,7,Michigan State GL,West Georgia DK,Aff,29.253,30.673,1.421,28.309,26.7,-1.609
nu_7,nu,7,Kansas WW,Northwestern DR,Aff,30.724,32.225,1.501,29.997,28.362,-1.635
nu_7,nu,7,Kansas HP,Emory GY,Aff,29.845,31.224,1.379,28.502,26.908,-1.593
nu_7,nu,7,UC Berkeley TB,Texas AF,Aff,32.009,33.448,1.44,30.758,29.298,-1.459
nu_7,nu,7,Cal State Fullerton AM,UTD KS,Neg,22.805,21.759,-1.046,26.717,27.756,1.039
nu_7,nu,7,Houston TY,Dartmouth KR,Neg,27.688,25.426,-2.262,23.898,26.168,2.27
nu_7,nu,7,North Texas JW (Jones/Wofford),Emory ST,Neg,22.742,21.586,-1.156,26.009,27.138,1.129
nu_7,nu,7,UC Berkeley MR,Michigan AO,Aff,26.836,27.892,1.056,23.134,22.023,-1.111
nu_7,nu,7,Western Kentucky SS,Michigan SG,Neg,24.158,22.779,-1.379,25.951,27.302,1.351
nu_7,nu,7,George Mason DF,Emory PO,Aff,24.863,26.588,1.725,25.452,23.637,-1.816
nu_7,nu,7,UTD HR,Emory SW,Aff,26.579,27.741,1.162,23.577,22.379,-1.199
nu_7,nu,7,Gonzaga DW,Northwestern AL,Aff,24.056,25.707,1.651,23.614,21.963,-1.651
nu_7,nu,7,Michigan ES (Esmailzadeh/Sharma),Dartmouth BJ,Aff,25.885,27.307,1.422,24.455,22.907,-1.547
nu_7,nu,7,Southern California BR,Kentucky GS,Neg,23.448,21.695,-1.753,24.099,25.589,1.49
nu_7,nu,7,Gonzaga RW,Harvard AB,Neg,27.391,25.179,-2.212,23.649,25.951,2.302
nu_7,nu,7,Michigan State JS,Emory KP,Neg,24.68,23.255,-1.425,26.14,27.604,1.465
nu_7,nu,7,Southern California ZM,Kansas BS,Neg,18.643,17.107,-1.536,19.09,20.979,1.889
nu_7,nu,7,Missouri State CN,Georgetown/American University (Policy Debate) VY,Aff,20.251,21.432,1.181,17.76,16.278,-1.481
nu_7,nu,7,Western Kentucky CS,Baylor LC,Neg,19.233,17.709,-1.523,19.762,21.384,1.622
nu_7,nu,7,Southern California CS,Wake Forest DS,Aff,20.514,22.151,1.637,19.729,18.164,-1.565
nu_7,nu,7,Western Kentucky FC,Emory RT,Aff,19.789,21.026,1.237,17.813,16.162,-1.651
nu_7,nu,7,Emory BS (Bennett/Sanneh),Southern California BrRe,Neg,18.115,16.743,-1.371,20.168,21.509,1.34
nu_7,nu,7,Houston DF,Wichita State GM,Aff,20.515,21.84,1.325,17.932,16.721,-1.212
nu_7,nu,7,Michigan BH,Baylor KB,Aff,18.005,20.128,2.123,19.797,17.906,-1.891
nu_7,nu,7,Southern Nazarene YH,Dartmouth MM,Neg,14.881,12.78,-2.102,11.219,14.03,2.811
nu_7,nu,7,Southern California LK,Kansas FS,Neg,13.42,12.087,-1.334,15.421,16.754,1.334
nu_7,nu,7,Oklahoma AW,Missouri State BK (Bodenhorn/Kimmerle),Aff,13.627,15.544,1.918,15.125,13.324,-1.801
nu_7,nu,7,Missouri State BG,Wichita State MW,Neg,11.208,9.967,-1.241,15.915,16.906,0.991
nu_7,nu,7,Missouri State CT,Macalester DD,Neg,14.626,12.615,-2.011,13.547,15.405,1.858
nu_8,nu,8,UTD KP,Western Kentucky FC,Aff,28.701,29.253,0.551,21.026,20.499,-0.527
nu_8,nu,8,Iowa BW,Houston TY,Aff,19.661,21.928,2.267,25.426,23.116,-2.31
nu_8,nu,8,Wake Forest CS,Emory LY,Aff,32.694,35.118,2.425,38.411,36.096,-2.315
nu_8,nu,8,Northwestern PS,Emory CP,Aff,36.526,37.335,0.809,31.855,31.022,-0.833
nu_8,nu,8,CSU Long Beach OM,Binghamton TC,Neg,32.921,32.121,-0.8,38.479,39.242,0.764
nu_8,nu,8,Dartmouth MM,Michigan DS,Neg,14.03,12.893,-1.137,17.718,18.639,0.921
nu_8,nu,8,Michigan SS,Southern California BR,Aff,30.46,30.904,0.444,21.695,21.175,-0.521
nu_8,nu,8,NYU MS,Kansas LS,Neg,25.1,24.362,-0.738,31.124,31.923,0.799
nu_8,nu,8,Kansas MR,Michigan BP,Neg,43.524,41.017,-2.507,36.714,39.314,2.6
nu_8,nu,8,Emory GH,Georgetown CW,Neg,38.799,37.121,-1.678,37.148,39.015,1.867
nu_8,nu,8,Michigan State BS,Harvard GY,Neg,30.816,30.335,-0.481,39.631,40.1,0.469
nu_8,nu,8,George Mason WR,Dartmouth BC,Neg,31.198,30.619,-0.579,38.457,39.079,0.622
nu_8,nu,8,Emory MR,Wake Forest LS,Neg,33.99,32.042,-1.948,31.132,32.952,1.821
nu_8,nu,8,Kentucky AM,Iowa AP,Neg,34.666,32.884,-1.782,32.322,34.057,1.735
nu_8,nu,8,Kansas WH,Michigan State GL,Aff,34.078,35.048,0.97,30.673,29.712,-0.962
nu_8,nu,8,Wake Forest EP,Kansas WW,Neg,28.557,27.55,-1.007,32.225,33.178,0.953
nu_8,nu,8,Emory KP,Kansas HP,Neg,27.604,26.601,-1.004,31.224,32.174,0.95
nu_8,nu,8,Wake Forest BH,UC Berkeley TB,Neg,24.951,24.481,-0.469,33.448,33.926,0.478
nu_8,nu,8,Harvard AB,Wake Forest BM,Neg,25.951,25.491,-0.46,34.537,35.032,0.494
nu_8,nu,8,Dartmouth KR,Georgetown RS,Neg,26.168,25.591,-0.577,33.25,33.899,0.649
nu_8,nu,8,Macalester HK,Southern California CS,Aff,30.168,30.683,0.515,22.151,21.588,-0.563
nu_8,nu,8,Missouri State BK (Bodenhorn/Kimmerle),Southern Nazarene YH,Aff,13.324,14.628,1.304,12.78,11.453,-1.326
nu_8,nu,8,Michigan State MM,Gonzaga DW,Aff,27.793,29.119,1.327,25.707,24.504,-1.203
nu_8,nu,8,Texas AF,George Mason DF,Aff,29.298,30.388,1.09,26.588,25.517,-1.071
nu_8,nu,8,Northwestern DR,Michigan ShSi,Aff,28.362,29.9,1.538,28.367,26.977,-1.39
nu_8,nu,8,UTD KS,Michigan ES (Esmailzadeh/Sharma),Neg,27.756,26.261,-1.495,27.307,28.848,1.541
nu_8,nu,8,Emory GY,UTD HR,Aff,26.908,28.626,1.718,27.741,26.207,-1.534
nu_8,nu,8,West Georgia DK,UC Berkeley MR,Aff,26.7,28.423,1.723,27.892,26.306,-1.586
nu_8,nu,8,Emory ST,Houston AK,Neg,27.138,26.026,-1.112,29.56,30.632,1.072
nu_8,nu,8,Michigan SG,Dartmouth CW,Neg,27.302,26.06,-1.242,28.737,29.983,1.246
nu_8,nu,8,Kentucky GS,Georgia IP,Neg,25.589,24.711,-0.878,29.914,30.782,0.869
nu_8,nu,8,Northwestern AL,Oklahoma AW,Aff,21.963,22.664,0.701,15.544,14.888,-0.657
nu_8,nu,8,Emory PO,Houston DF,Neg,23.637,21.883,-1.754,21.84,23.642,1.803
nu_8,nu,8,Dartmouth BJ,Cal State Fullerton AM,Aff,22.907,24.299,1.392,21.759,20.491,-1.268
nu_8,nu,8,Baylor LC,Michigan BH,Aff,21.384,22.685,1.3,20.128,18.777,-1.35
nu_8,nu,8,Cal State Fullerton MW,Western Kentucky SS,Aff,21.881,23.485,1.603,22.779,21.185,-1.595
nu_8,nu,8,Kansas BS,North Texas JW (Jones/Wofford),Aff,20.979,22.77,1.791,21.586,20.068,-1.518
nu_8,nu,8,Michigan AO,Missouri State CN,Aff,22.023,23.422,1.399,21.432,20.113,-1.319
nu_8,nu,8,Emory SW,Kansas BW,Neg,22.379,21.018,-1.361,23.106,24.458,1.352
nu_8,nu,8,Southern California BrRe,Michigan State JS,Aff,21.509,23.246,1.738,23.255,21.528,-1.727
nu_8,nu,8,Southern California/UC Berkeley OM,Gonzaga RW,Neg,20.818,19.967,-0.851,25.179,26.014,0.835
nu_8,nu,8,Emory FW,Dartmouth CG,Neg,20.663,19.628,-1.035,24.022,24.981,0.96
nu_8,nu,8,Wichita State GM,Indiana FM,Aff,16.721,17.318,0.597,9.681,8.907,-0.774
nu_8,nu,8,Emory RT,Southern California LK,Aff,16.162,17.265,1.103,12.087,11.179,-0.907
nu_8,nu,8,Baylor KB,Missouri State BG,Aff,17.906,18.425,0.519,9.967,9.282,-0.686
nu_8,nu,8,Georgetown/American University (Policy Debate) VY,Houston KS,Neg,16.278,14.848,-1.43,17.714,18.957,1.244
nu_8,nu,8,Kansas FS,Southern California ZM,Neg,16.754,15.353,-1.401,17.107,18.517,1.41
nu_8,nu,8,Wake Forest DS,Western Kentucky CS,Aff,18.164,19.603,1.439,17.709,16.355,-1.354
nu_8,nu,8,Wichita State MW,Emory BS (Bennett/Sanneh),Aff,16.906,18.413,1.507,16.743,15.279,-1.464
nu_8,nu,8,Macalester DD,Michigan State AZ,Neg,15.405,14.225,-1.181,17.567,18.756,1.189
nu_dubs,nu,dubs,West Georgia DK,Kansas MR,Neg,28.423,28.237,-0.186,41.017,41.186,0.168
nu_dubs,nu,dubs,Harvard GY,UTD KP,Aff,40.1,40.393,0.293,29.253,28.968,-0.284
nu_dubs,nu,dubs,Emory GY,Dartmouth BC,Neg,28.626,28.315,-0.311,39.079,39.402,0.323
nu_dubs,nu,dubs,Michigan BP,Emory CP,Aff,39.314,39.722,0.407,31.022,30.595,-0.427
nu_dubs,nu,dubs,Michigan SS,Binghamton TC,Neg,30.904,30.468,-0.435,39.242,39.688,0.446
nu_dubs,nu,dubs,Georgia IP,Georgetown CW,Neg,30.782,30.35,-0.432,39.015,39.477,0.463
nu_dubs,nu,dubs,Michigan State GL,Emory GH,Neg,29.712,29.229,-0.482,37.121,37.606,0.485
nu_dubs,nu,dubs,Kansas LS,Dartmouth CW,Aff,31.923,33.133,1.21,29.983,28.953,-1.03
nu_dubs,nu,dubs,Northwestern DR,Wake Forest BM,Neg,29.9,29.179,-0.721,35.032,35.799,0.767
nu_dubs,nu,dubs,Kansas WH,CSU Long Beach OM,Aff,35.048,35.962,0.914,32.121,31.105,-1.016
nu_dubs,nu,dubs,Michigan State MM,Emory LY,Neg,29.119,28.512,-0.607,36.096,36.592,0.496
nu_dubs,nu,dubs,Georgetown RS,Kentucky AM,Neg,33.899,32.303,-1.596,32.884,34.237,1.353
nu_dubs,nu,dubs,Emory MR,Northwestern PS,Neg,32.042,31.365,-0.677,37.335,38.003,0.668
nu_dubs,nu,dubs,Kansas HP,Wake Forest CS,Aff,32.174,33.894,1.72,35.118,33.446,-1.673
nu_dubs,nu,dubs,Wake Forest LS,Kansas WW,Aff,32.952,34.206,1.254,33.178,31.83,-1.348
nu_dubs,nu,dubs,UC Berkeley TB,Iowa AP,Aff,33.926,35.319,1.392,34.057,32.833,-1.224
nu_octas,nu,octas,Kansas MR,UC Berkeley TB,Aff,41.186,41.749,0.564,35.319,34.748,-0.57
nu_octas,nu,octas,Wake Forest LS,Harvard GY,Neg,34.206,33.715,-0.49,40.393,41.008,0.615
nu_octas,nu,octas,Dartmouth BC,Kansas HP,Aff,39.402,40.091,0.689,33.894,33.331,-0.563
nu_octas,nu,octas,Northwestern PS,Michigan BP,Neg,38.003,37.03,-0.972,39.722,40.7,0.978
nu_octas,nu,octas,Binghamton TC,Kentucky AM,Neg,39.688,37.58,-2.108,34.237,36.03,1.793
nu_octas,nu,octas,Emory LY,Georgetown CW,Neg,36.592,35.774,-0.819,39.477,40.414,0.936
nu_octas,nu,octas,Emory GH,Kansas WH,Aff,37.606,38.609,1.002,35.962,34.992,-0.969
nu_octas,nu,octas,Wake Forest BM,Kansas LS,Aff,35.799,36.751,0.952,33.133,32.162,-0.971
nu_quarters,nu,quarters,Kansas MR,Wake Forest BM,Aff,41.749,42.338,0.588,36.751,36.123,-0.628
nu_quarters,nu,quarters,Emory GH,Harvard GY,Aff,38.609,39.964,1.355,41.008,39.432,-1.576
nu_quarters,nu,quarters,Georgetown CW,Dartmouth BC,Neg,40.414,39.218,-1.196,40.091,41.372,1.281
nu_quarters,nu,quarters,Kentucky AM,Michigan BP,Neg,36.03,35.49,-0.54,40.7,41.298,0.598
nu_semis,nu,semis,Michigan BP,Kansas MR,Neg,41.298,40.416,-0.882,42.338,43.255,0.918
nu_semis,nu,semis,Dartmouth BC,Emory GH,Neg,41.372,40.084,-1.288,39.964,41.076,1.112
nu_finals,nu,finals,Emory GH,Kansas MR,Neg,41.076,40.4,-0.675,43.255,43.981,0.725
kentuckyrr_1,kentuckyrr,1,Kansas MR,CSU Long Beach OM,Aff,43.981,44.075,0.094,31.105,30.956,-0.149
kentuckyrr_1,kentuckyrr,1,Michigan State GL,Michigan BP,Aff,29.229,32.241,3.012,40.416,38.255,-2.162
kentuckyrr_1,kentuckyrr,1,Harvard GY,Dartmouth BC,Neg,39.432,38.417,-1.015,40.084,40.987,0.903
kentuckyrr_2,kentuckyrr,2,Emory GH,Kansas MR,Neg,40.4,39.893,-0.508,44.075,44.604,0.53
kentuckyrr_2,kentuckyrr,2,CSU Long Beach OM,Harvard GY,Aff,30.956,33.35,2.394,38.417,36.593,-1.824
kentuckyrr_2,kentuckyrr,2,Dartmouth BC,Michigan State GL,Neg,40.987,39.103,-1.884,32.241,34.436,2.194
kentuckyrr_3,kentuckyrr,3,CSU Long Beach OM,Dartmouth BC,Neg,33.35,32.855,-0.495,39.103,39.461,0.358
kentuckyrr_3,kentuckyrr,3,Michigan BP,Kansas MR,Aff,38.255,39.734,1.479,44.604,43.166,-1.439
kentuckyrr_3,kentuckyrr,3,Harvard GY,Emory GH,Neg,36.593,36.014,-0.579,39.893,40.39,0.498
kentuckyrr_4,kentuckyrr,4,Kansas MR,Dartmouth BC,Aff,43.166,43.603,0.437,39.461,38.992,-0.469
kentuckyrr_4,kentuckyrr,4,Michigan State GL,Emory GH,Neg,34.436,34.042,-0.393,40.39,40.696,0.306
kentuckyrr_4,kentuckyrr,4,Michigan BP,Harvard GY,Aff,39.734,40.179,0.445,36.014,35.511,-0.503
kentuckyrr_5,kentuckyrr,5,Emory GH,CSU Long Beach OM,Aff,40.696,40.902,0.206,32.855,32.542,-0.313
kentuckyrr_5,kentuckyrr,5,Dartmouth BC,Michigan BP,Aff,38.992,39.811,0.819,40.179,39.394,-0.785
kentuckyrr_5,kentuckyrr,5,Harvard GY,Michigan State GL,Aff,35.511,36.142,0.631,34.042,33.331,-0.712
kentuckyrr_6,kentuckyrr,6,Michigan State GL,Kansas MR,Neg,33.331,33.193,-0.138,43.603,43.72,0.117
kentuckyrr_6,kentuckyrr,6,Michigan BP,CSU Long Beach OM,Aff,39.394,39.622,0.227,32.542,32.189,-0.353
kentuckyrr_6,kentuckyrr,6,Dartmouth BC,Emory GH,Neg,39.811,39.233,-0.577,40.902,41.484,0.581
kentuckyrr_7,kentuckyrr,7,Emory GH,Michigan BP,Aff,41.484,41.975,0.491,39.622,39.136,-0.486
kentuckyrr_7,kentuckyrr,7,CSU Long Beach OM,Michigan State GL,Neg,32.189,31.396,-0.793,33.193,33.856,0.663
kentuckyrr_7,kentuckyrr,7,Kansas MR,Harvard GY,Neg,43.72,42.392,-1.328,36.142,37.582,1.44
uk_1,uk,1,Indiana FJ,Iowa BW,Neg,25.0,18.613,-6.387,21.928,22.97,1.042
uk_1,uk,1,Wake Forest LS,Samford HS,Aff,33.715,34.037,0.322,25.0,22.654,-2.346
uk_1,uk,1,Michigan State GL,Michigan BS (Baba/Saudek),Aff,33.856,34.056,0.201,25.0,22.69,-2.31
uk_1,uk,1,Northwestern PS,CSU Long Beach OM,Neg,37.03,35.168,-1.862,31.396,32.732,1.336
uk_1,uk,1,Binghamton TC,Kansas BW,Neg,37.58,34.694,-2.885,24.458,27.994,3.536
uk_1,uk,1,George Mason DF,Emory RT,Aff,25.517,25.949,0.432,17.265,16.739,-0.526
uk_1,uk,1,Emory LY,Michigan State AZ,Aff,35.774,35.816,0.042,18.756,18.7,-0.056
uk_1,uk,1,Texas KN,Wake Forest HS,Neg,25.0,20.795,-4.205,25.0,29.205,4.205
uk_1,uk,1,Kansas WH,Missouri State CN,Aff,34.992,35.068,0.075,20.113,20.02,-0.093
uk_1,uk,1,Kansas MS,Michigan AO,Neg,25.0,19.263,-5.737,23.422,24.471,1.049
uk_1,uk,1,Kansas LS,Michigan HS,Aff,32.162,32.607,0.446,25.0,22.237,-2.763
uk_1,uk,1,West Georgia DK,Dartmouth KR,Aff,28.237,29.192,0.955,25.591,24.617,-0.974
uk_1,uk,1,Minnesota HH,Wichita State MW,Aff,25.0,27.919,2.919,18.413,17.859,-0.554
uk_1,uk,1,Georgetown CS,North Texas JW (Jackson/Wofford),Aff,25.0,29.205,4.205,25.0,20.795,-4.205
uk_1,uk,1,Wayne State MS,Gonzaga DW,Neg,25.0,19.699,-5.301,24.504,25.518,1.014
uk_1,uk,1,West Georgia FK,Kansas HB,Aff,25.0,29.205,4.205,25.0,20.795,-4.205
uk_1,uk,1,UTD KP,Michigan ShSi,Aff,28.968,30.015,1.046,26.977,25.977,-1.0
uk_1,uk,1,Emory GY,Baylor DB,Aff,28.315,29.032,0.717,25.0,21.058,-3.942
uk_1,uk,1,Dartmouth GG,George Mason WR,Neg,25.0,21.796,-3.204,30.619,31.221,0.602
uk_1,uk,1,Emory PO,UTD HR,Neg,21.883,21.1,-0.783,26.207,26.966,0.759
uk_1,uk,1,Emory CP,Kansas AB,Aff,30.595,31.138,0.543,25.0,21.78,-3.22
uk_1,uk,1,Michigan SS,Southern California BrRe,Aff,30.468,30.952,0.484,23.246,22.742,-0.504
uk_1,uk,1,Wake Forest BW,Wichita State GM,Aff,25.0,27.615,2.615,17.318,16.827,-0.491
uk_1,uk,1,George Mason RR,Dartmouth BC,Neg,25.0,23.851,-1.149,39.233,39.319,0.086
uk_1,uk,1,Dartmouth CW,Wake Forest NS,Aff,28.953,29.549,0.596,25.0,21.253,-3.747
uk_1,uk,1,Harvard FK,Michigan BP,Neg,25.0,23.836,-1.164,39.136,39.217,0.081
uk_1,uk,1,Northwestern DR,Kansas BS,Aff,29.179,29.719,0.541,22.77,22.11,-0.66
uk_1,uk,1,Harvard DS,Michigan AL,Aff,25.0,29.205,4.205,25.0,20.795,-4.205
uk_1,uk,1,Liberty CS,Dartmouth BJ,Aff,25.0,29.848,4.848,24.299,23.358,-0.942
uk_1,uk,1,Michigan State MM,Kansas LD,Neg,28.512,27.287,-1.225,25.0,31.512,6.512
uk_1,uk,1,Emory MR,Baylor LC,Aff,31.365,31.72,0.355,22.685,22.278,-0.406
uk_1,uk,1,James Madison MO,Southern California MM,Aff,25.0,29.205,4.205,25.0,20.795,-4.205
uk_1,uk,1,Michigan State AG,Emory KP,Neg,25.0,20.472,-4.528,26.601,27.46,0.859
uk_1,uk,1,James Madison CP,Arizona State SS,Aff,25.0,29.205,4.205,25.0,20.795,-4.205
uk_1,uk,1,Kansas WW,Houston KS,Aff,31.83,31.976,0.145,18.957,18.788,-0.169
uk_1,uk,1,Michigan State BS,Wake Forest EP,Neg,30.335,28.491,-1.844,27.55,29.301,1.751
uk_1,uk,1,James Madison BR,Kansas FS,Aff,25.0,27.115,2.115,15.353,14.973,-0.38
uk_1,uk,1,Western Kentucky SS,Dartmouth CG,Neg,21.185,20.356,-0.829,24.981,25.799,0.818
uk_1,uk,1,Northwestern AZ,Georgetown PV,Neg,25.0,20.795,-4.205,25.0,29.205,4.205
uk_1,uk,1,Northwestern RY,Emory ST,Neg,25.0,20.253,-4.747,26.026,26.882,0.856
uk_1,uk,1,Kansas MR,Oklahoma HD,Aff,42.392,42.442,0.051,25.0,24.303,-0.697
uk_1,uk,1,Houston AK,Kentucky GS,Aff,30.632,31.232,0.6,24.711,24.082,-0.629
uk_1,uk,1,Western Kentucky FC,Missouri State AB,Aff,20.499,21.776,1.277,25.0,18.062,-6.938
uk_1,uk,1,Navy CR,UTD KS,Neg,25.0,20.333,-4.667,26.261,27.083,0.822
uk_1,uk,1,Emory GH,Indiana SF,Aff,41.975,42.027,0.053,25.0,24.253,-0.747
uk_1,uk,1,Emory FW,Michigan ES (Esmailzadeh/Sharma),Neg,19.628,19.25,-0.377,28.848,29.209,0.361
uk_1,uk,1,Kentucky AE,Northwestern AL,Neg,25.0,18.99,-6.01,22.664,23.854,1.19
uk_1,uk,1,Northwestern MO,Michigan State JS,Neg,25.0,18.483,-6.517,21.528,22.693,1.165
uk_1,uk,1,Kentucky RS,Houston DF,Neg,25.0,19.355,-5.645,23.642,24.692,1.05
uk_1,uk,1,Wake Forest BM,Wyoming CH,Aff,36.123,36.379,0.255,25.0,23.228,-1.772
uk_1,uk,1,Oklahoma TS,Texas AF,Neg,25.0,21.724,-3.276,30.388,30.99,0.602
uk_1,uk,1,Kentucky AM,Georgetown RG,Aff,35.49,35.717,0.227,25.0,23.09,-1.91
uk_2,uk,2,Georgetown RG,Northwestern MO,Aff,23.09,25.722,2.631,18.483,16.49,-1.993
uk_2,uk,2,North Texas JW (Jackson/Wofford),Dartmouth GG,Neg,20.795,17.48,-3.314,21.796,24.903,3.106
uk_2,uk,2,Samford GP,Kansas LS,Neg,25.0,22.36,-2.64,32.607,33.014,0.407
uk_2,uk,2,Wake Forest HS,Binghamton TC,Neg,29.205,26.671,-2.534,34.694,35.119,0.424
uk_2,uk,2,Dartmouth CG,Kansas MR,Neg,25.799,25.759,-0.041,42.442,42.461,0.019
uk_2,uk,2,Wichita State MW,West Georgia DK,Neg,17.859,17.627,-0.232,29.192,29.397,0.205
uk_2,uk,2,Texas AF,Wake Forest LS,Aff,30.99,32.719,1.73,34.037,32.716,-1.321
uk_2,uk,2,Michigan ES (Esmailzadeh/Sharma),Western Kentucky FC,Aff,29.209,29.666,0.457,21.776,21.317,-0.459
uk_2,uk,2,UTD KS,Emory GH,Neg,27.083,27.01,-0.073,42.027,42.058,0.031
uk_2,uk,2,Oklahoma HD,Western Kentucky SS,Aff,24.303,27.688,3.386,20.356,19.741,-0.615
uk_2,uk,2,Kentucky GS,James Madison BR,Neg,24.082,23.37,-0.712,27.115,30.377,3.262
uk_2,uk,2,Missouri State AB,Emory FW,Neg,18.062,14.988,-3.074,19.25,20.193,0.942
uk_2,uk,2,Kansas LD,Liberty CS,Neg,31.512,28.176,-3.336,29.848,33.459,3.611
uk_2,uk,2,Georgetown PV,Houston AK,Neg,29.205,25.683,-3.523,31.232,31.984,0.752
uk_2,uk,2,George Mason WR,Wake Forest BM,Neg,31.221,30.536,-0.685,36.379,36.918,0.539
uk_2,uk,2,Wake Forest EP,Northwestern AZ,Aff,29.301,29.692,0.391,20.795,19.003,-1.792
uk_2,uk,2,Kansas FS,Michigan State BS,Neg,14.973,14.837,-0.136,28.491,28.625,0.134
uk_2,uk,2,Arizona State SS,Emory MR,Neg,20.795,19.486,-1.308,31.72,31.987,0.267
uk_2,uk,2,Northwestern AL,Michigan State MM,Neg,23.854,22.97,-0.883,27.287,28.128,0.84
uk_2,uk,2,Dartmouth MM,Northwestern RY,Neg,12.893,12.299,-0.594,20.253,22.003,1.75
uk_2,uk,2,Emory KP,Wake Forest CS,Aff,27.46,29.665,2.205,33.446,31.573,-1.873
uk_2,uk,2,Southern California MM,Northwestern DR,Neg,20.795,19.093,-1.702,29.719,30.075,0.355
uk_2,uk,2,Baylor LC,James Madison CP,Aff,22.278,23.834,1.556,29.205,22.48,-6.725
uk_2,uk,2,Dartmouth BJ,Emory CP,Neg,23.358,22.897,-0.461,31.138,31.547,0.409
uk_2,uk,2,Wyoming CH,Texas KN,Neg,23.228,18.957,-4.271,20.795,24.864,4.07
uk_2,uk,2,Kansas BS,James Madison MO,Aff,22.11,23.796,1.687,29.205,22.46,-6.746
uk_2,uk,2,Michigan AL,UTD KP,Neg,20.795,19.154,-1.64,30.015,30.364,0.35
uk_2,uk,2,Michigan BP,Dartmouth CW,Aff,39.217,39.333,0.116,29.549,29.295,-0.254
uk_2,uk,2,Houston KS,Kentucky RS,Neg,18.788,17.801,-0.987,19.355,22.748,3.393
uk_2,uk,2,Western Kentucky CS,Kentucky AE,Neg,16.355,15.537,-0.819,18.99,21.769,2.779
uk_2,uk,2,Dartmouth BC,Emory GY,Aff,39.319,39.43,0.111,29.032,28.776,-0.256
uk_2,uk,2,Baylor DB,Michigan State AG,Aff,21.058,24.209,3.151,20.472,17.423,-3.049
uk_2,uk,2,Wichita State GM,Michigan SS,Neg,16.827,16.707,-0.12,30.952,31.059,0.107
uk_2,uk,2,UTD HR,George Mason DF,Aff,26.966,28.003,1.037,25.949,24.848,-1.101
uk_2,uk,2,Emory RT,Michigan State GL,Neg,16.739,16.69,-0.049,34.056,34.077,0.021
uk_2,uk,2,Kansas HB,Northwestern PS,Neg,20.795,20.027,-0.768,35.168,35.293,0.125
uk_2,uk,2,Indiana SF,Navy CR,Neg,24.253,19.003,-5.25,20.333,24.146,3.813
uk_2,uk,2,Gonzaga DW,Georgetown CS,Aff,25.518,26.818,1.299,29.205,23.747,-5.458
uk_2,uk,2,Michigan ShSi,West Georgia FK,Aff,25.977,27.073,1.096,29.205,23.86,-5.345
uk_2,uk,2,Dartmouth KR,Wayne State MS,Aff,24.617,25.209,0.592,19.699,17.432,-2.267
uk_2,uk,2,Missouri State CN,Kansas MS,Aff,20.02,20.957,0.937,19.263,15.931,-3.331
uk_2,uk,2,CSU Long Beach OM,Indiana FJ,Aff,32.732,32.82,0.088,18.613,18.054,-0.56
uk_2,uk,2,Michigan AO,Kansas WH,Neg,24.471,24.221,-0.25,35.068,35.271,0.204
uk_2,uk,2,Kansas BW,Wake Forest BW,Neg,27.994,27.138,-0.857,27.615,31.882,4.268
uk_2,uk,2,Samford HS,Oklahoma TS,Neg,22.654,18.883,-3.772,21.724,25.259,3.535
uk_2,uk,2,Southern California BrRe,Harvard DS,Neg,22.742,22.24,-0.502,29.205,31.474,2.269
uk_2,uk,2,Kansas AB,George Mason RR,Aff,21.78,25.493,3.713,23.851,19.411,-4.44
uk_2,uk,2,Michigan BS (Baba/Saudek),Emory PO,Neg,22.69,17.998,-4.693,21.1,22.135,1.036
uk_2,uk,2,Wake Forest NS,Harvard FK,Aff,21.253,24.971,3.719,23.836,19.227,-4.61
uk_2,uk,2,Iowa BW,Emory LY,Neg,22.97,22.838,-0.132,35.816,35.937,0.121
uk_2,uk,2,Houston DF,Kansas WW,Neg,24.692,24.215,-0.478,31.976,32.398,0.422
uk_2,uk,2,Michigan State JS,Kentucky AM,Neg,22.693,22.557,-0.136,35.717,35.812,0.095
uk_3,uk,3,Wake Forest NS,Baylor LC,Neg,24.971,21.474,-3.497,23.834,24.894,1.06
uk_3,uk,3,Gonzaga DW,Kentucky RS,Neg,26.818,25.374,-1.444,22.748,26.567,3.819
uk_3,uk,3,UTD HR,West Georgia DK,Neg,28.003,27.108,-0.895,29.397,30.367,0.97
uk_3,uk,3,Kansas WH,Emory CP,Neg,35.271,33.843,-1.428,31.547,33.156,1.61
uk_3,uk,3,Kansas AB,Emory PO,Neg,25.493,21.204,-4.29,22.135,23.34,1.204
uk_3,uk,3,Wichita State GM,Northwestern MO,Neg,16.707,15.616,-1.091,16.49,19.54,3.05
uk_3,uk,3,Dartmouth BC,Emory LY,Neg,39.43,38.613,-0.817,35.937,37.461,1.525
uk_3,uk,3,Emory FW,Wake Forest HS,Aff,20.193,21.778,1.585,26.671,21.315,-5.356
uk_3,uk,3,Kansas LD,Houston DF,Neg,28.176,24.227,-3.949,24.215,25.603,1.388
uk_3,uk,3,Dartmouth KR,Texas KN,Neg,25.209,24.269,-0.941,24.864,28.348,3.483
uk_3,uk,3,Georgetown PV,Samford GP,Aff,25.683,27.678,1.995,22.36,19.537,-2.822
uk_3,uk,3,Houston AK,Northwestern DR,Neg,31.984,30.642,-1.343,30.075,31.42,1.345
uk_3,uk,3,Georgetown CS,Kentucky AE,Aff,23.747,25.969,2.221,21.769,19.689,-2.08
uk_3,uk,3,Emory GY,Kansas MS,Aff,28.776,28.962,0.186,15.931,15.44,-0.491
uk_3,uk,3,Northwestern AZ,Arizona State SS,Neg,19.003,16.129,-2.874,19.486,22.498,3.012
uk_3,uk,3,Indiana SF,Wichita State MW,Neg,19.003,15.001,-4.002,17.627,18.751,1.124
uk_3,uk,3,Binghamton TC,West Georgia FK,Aff,35.119,35.3,0.182,23.86,23.148,-0.712
uk_3,uk,3,Northwestern AL,Michigan State BS,Aff,22.97,24.939,1.969,28.625,26.627,-1.998
uk_3,uk,3,North Texas JW (Jackson/Wofford),Dartmouth BJ,Neg,17.48,15.49,-1.991,22.897,23.479,0.582
uk_3,uk,3,Oklahoma HD,Dartmouth CW,Neg,27.688,24.559,-3.129,29.295,30.031,0.735
uk_3,uk,3,Wake Forest LS,Michigan State MM,Neg,32.716,31.346,-1.371,28.128,29.943,1.816
uk_3,uk,3,Georgetown RG,Michigan State AZ,Aff,25.722,27.445,1.723,18.7,18.166,-0.534
uk_3,uk,3,Southern California BrRe,Samford HS,Aff,22.24,22.925,0.685,18.883,16.441,-2.442
uk_3,uk,3,George Mason DF,Northwestern PS,Aff,24.848,27.489,2.641,35.293,33.163,-2.13
uk_3,uk,3,Missouri State CN,Kansas BW,Neg,20.957,20.441,-0.516,27.138,27.59,0.452
uk_3,uk,3,George Mason WR,James Madison MO,Aff,30.536,30.938,0.402,22.46,21.329,-1.131
uk_3,uk,3,Liberty CS,Kansas MR,Neg,33.459,32.42,-1.039,42.461,42.618,0.157
uk_3,uk,3,George Mason RR,Southern California MM,Neg,19.411,16.258,-3.152,19.093,22.169,3.076
uk_3,uk,3,Emory ST,Wake Forest BW,Aff,26.882,28.434,1.552,31.882,27.454,-4.428
uk_3,uk,3,Western Kentucky CS,Michigan ShSi,Neg,15.537,15.342,-0.195,27.073,27.243,0.169
uk_3,uk,3,Michigan AL,Harvard FK,Aff,19.154,22.198,3.044,19.227,16.164,-3.063
uk_3,uk,3,Michigan ES (Esmailzadeh/Sharma),Emory KP,Neg,29.666,28.508,-1.158,29.665,30.762,1.096
uk_3,uk,3,Harvard DS,Emory MR,Neg,31.474,28.235,-3.239,31.987,32.836,0.848
uk_3,uk,3,Texas AF,Kansas WW,Neg,32.719,31.581,-1.138,32.398,33.497,1.099
uk_3,uk,3,Michigan AO,Dartmouth CG,Neg,24.221,23.223,-0.998,25.759,26.727,0.968
uk_3,uk,3,Kentucky GS,Missouri State AB,Aff,23.37,23.743,0.373,14.988,13.994,-0.993
uk_3,uk,3,James Madison BR,Michigan BP,Neg,30.377,29.2,-1.177,39.333,39.482,0.149
uk_3,uk,3,Indiana FJ,Kansas FS,Neg,18.054,13.92,-4.133,14.837,16.156,1.319
uk_3,uk,3,Michigan State AG,Western Kentucky SS,Neg,17.423,14.934,-2.488,19.741,20.493,0.752
uk_3,uk,3,Iowa BW,Dartmouth MM,Aff,22.838,23.064,0.226,12.299,11.992,-0.307
uk_3,uk,3,Kansas LS,Michigan SS,Aff,33.014,33.892,0.878,31.059,30.139,-0.92
uk_3,uk,3,Wyoming CH,Michigan BS (Baba/Saudek),Neg,18.957,15.647,-3.31,17.998,20.734,2.736
uk_3,uk,3,Emory GH,CSU Long Beach OM,Neg,42.058,40.758,-1.3,32.82,34.505,1.685
uk_3,uk,3,UTD KP,Wake Forest BM,Aff,30.364,32.427,2.062,36.918,35.173,-1.745
uk_3,uk,3,Navy CR,Northwestern RY,Aff,24.146,26.4,2.255,22.003,19.712,-2.291
uk_3,uk,3,Kansas BS,Western Kentucky FC,Neg,23.796,22.228,-1.568,21.317,22.781,1.465
uk_3,uk,3,UTD KS,Oklahoma TS,Aff,27.01,27.848,0.837,25.259,22.502,-2.757
uk_3,uk,3,Michigan State JS,James Madison CP,Aff,22.557,23.561,1.004,22.48,19.675,-2.805
uk_3,uk,3,Dartmouth GG,Baylor DB,Neg,24.903,21.847,-3.055,24.209,27.085,2.876
uk_3,uk,3,Kansas HB,Emory RT,Neg,20.027,15.221,-4.806,16.69,18.153,1.463
uk_3,uk,3,Wake Forest CS,Houston KS,Neg,31.573,28.848,-2.725,17.801,21.204,3.403
uk_3,uk,3,Minnesota HH,Kentucky AM,Neg,27.919,26.07,-1.849,35.812,36.105,0.293
uk_3,uk,3,Michigan State GL,Wake Forest EP,Aff,34.077,34.448,0.371,29.692,29.011,-0.682
uk_4,uk,4,Michigan BS (Baba/Saudek),North Texas JW (Jackson/Wofford),Aff,20.734,22.074,1.341,15.49,13.94,-1.549
uk_4,uk,4,CSU Long Beach OM,UTD KP,Aff,34.505,34.994,0.489,32.427,31.637,-0.79
uk_4,uk,4,Baylor LC,Liberty CS,Aff,24.894,26.565,1.671,32.42,27.739,-4.681
uk_4,uk,4,Michigan SS,James Madison BR,Aff,30.139,30.947,0.807,29.2,26.629,-2.572
uk_4,uk,4,Michigan State BS,Oklahoma HD,Aff,26.627,27.358,0.732,24.559,22.297,-2.263
uk_4,uk,4,Baylor DB,Emory GH,Neg,27.085,26.73,-0.355,40.758,40.814,0.056
uk_4,uk,4,Oklahoma TS,Southern California BrRe,Neg,22.502,20.046,-2.456,22.925,23.835,0.91
uk_4,uk,4,Kansas WW,Binghamton TC,Neg,33.497,32.714,-0.784,35.3,36.022,0.722
uk_4,uk,4,Dartmouth CG,Georgetown RG,Aff,26.727,27.659,0.932,27.445,24.262,-3.183
uk_4,uk,4,Michigan BP,Emory FW,Aff,39.482,39.493,0.011,21.778,21.754,-0.024
uk_4,uk,4,Houston KS,Kentucky GS,Neg,21.204,20.463,-0.742,23.743,24.563,0.82
uk_4,uk,4,Missouri State AB,Wyoming CH,Neg,13.994,12.205,-1.789,15.647,17.859,2.212
uk_4,uk,4,Kansas FS,Dartmouth KR,Neg,16.156,15.799,-0.357,24.269,24.599,0.331
uk_4,uk,4,Emory MR,Iowa BW,Aff,32.836,33.068,0.232,23.064,22.823,-0.241
uk_4,uk,4,Western Kentucky FC,Emory GY,Neg,22.781,22.331,-0.45,28.962,29.477,0.516
uk_4,uk,4,Dartmouth MM,Missouri State CN,Neg,11.992,11.566,-0.426,20.441,20.766,0.324
uk_4,uk,4,Emory RT,Northwestern AZ,Neg,18.153,16.836,-1.318,16.129,19.523,3.394
uk_4,uk,4,Kentucky AM,Georgetown PV,Aff,36.105,36.364,0.259,27.678,26.664,-1.014
uk_4,uk,4,Michigan State AZ,Wake Forest NS,Neg,18.166,17.363,-0.804,21.474,23.172,1.698
uk_4,uk,4,Kansas MS,Indiana FJ,Aff,15.44,17.457,2.016,13.92,12.049,-1.872
uk_4,uk,4,Dartmouth BJ,Kansas AB,Neg,23.479,22.224,-1.255,21.204,24.139,2.935
uk_4,uk,4,James Madison CP,Western Kentucky CS,Aff,19.675,21.061,1.387,15.342,14.693,-0.649
uk_4,uk,4,Emory LY,George Mason DF,Aff,37.461,37.647,0.186,27.489,27.291,-0.198
uk_4,uk,4,Northwestern RY,Wake Forest CS,Neg,19.712,18.857,-0.855,28.848,29.083,0.235
uk_4,uk,4,Wake Forest BM,Northwestern AL,Neg,35.173,33.156,-2.017,24.939,27.415,2.477
uk_4,uk,4,Western Kentucky SS,Gonzaga DW,Neg,20.493,19.927,-0.566,25.374,25.958,0.584
uk_4,uk,4,Samford HS,Michigan State AG,Neg,16.441,13.69,-2.751,14.934,17.416,2.481
uk_4,uk,4,Wake Forest EP,Harvard DS,Aff,29.011,29.856,0.846,28.235,25.825,-2.411
uk_4,uk,4,Dartmouth CW,Minnesota HH,Aff,30.031,30.583,0.552,26.07,23.78,-2.29
uk_4,uk,4,Michigan State MM,UTD KS,Aff,29.943,30.721,0.778,27.848,26.97,-0.878
uk_4,uk,4,Northwestern PS,Dartmouth GG,Aff,33.163,33.315,0.152,21.847,21.231,-0.616
uk_4,uk,4,Kentucky RS,Kansas WH,Aff,26.567,30.427,3.86,33.843,32.381,-1.463
uk_4,uk,4,West Georgia DK,Emory ST,Neg,30.367,29.136,-1.23,28.434,29.807,1.373
uk_4,uk,4,Houston DF,George Mason WR,Neg,25.603,25.065,-0.538,30.938,31.507,0.569
uk_4,uk,4,Wake Forest HS,Wichita State GM,Aff,21.315,22.56,1.245,15.616,15.07,-0.546
uk_4,uk,4,Emory PO,Houston AK,Neg,23.34,22.966,-0.374,30.642,30.996,0.355
uk_4,uk,4,Emory CP,Michigan State GL,Neg,33.156,32.287,-0.87,34.448,34.99,0.542
uk_4,uk,4,Texas KN,Michigan ES (Esmailzadeh/Sharma),Neg,28.348,25.812,-2.535,28.508,29.392,0.884
uk_4,uk,4,Samford GP,George Mason RR,Neg,19.537,15.747,-3.79,16.258,19.435,3.177
uk_4,uk,4,Northwestern DR,Georgetown CS,Aff,31.42,31.889,0.468,25.969,24.611,-1.358
uk_4,uk,4,Kentucky AE,Kansas HB,Aff,19.689,21.065,1.376,15.221,13.571,-1.65
uk_4,uk,4,Arizona State SS,Kansas BS,Neg,22.498,19.449,-3.049,22.228,23.157,0.928
uk_4,uk,4,Wichita State MW,Michigan AO,Aff,18.751,20.517,1.766,23.223,21.609,-1.614
uk_4,uk,4,Emory KP,Kansas LS,Neg,30.762,30.081,-0.68,33.892,34.58,0.688
uk_4,uk,4,Northwestern MO,UTD HR,Aff,19.54,23.892,4.352,27.108,25.567,-1.542
uk_4,uk,4,Kansas MR,Navy CR,Aff,42.618,42.652,0.034,26.4,26.205,-0.196
uk_4,uk,4,Kansas BW,Michigan State JS,Neg,27.59,26.173,-1.417,23.561,25.185,1.624
uk_4,uk,4,Wake Forest BW,Texas AF,Neg,27.454,26.026,-1.428,31.581,32.138,0.557
uk_4,uk,4,Michigan ShSi,Dartmouth BC,Neg,27.243,27.091,-0.151,38.613,38.688,0.075
uk_4,uk,4,West Georgia FK,Michigan AL,Aff,23.148,25.299,2.151,22.198,19.789,-2.41
uk_4,uk,4,Harvard FK,Indiana SF,Aff,16.164,18.535,2.371,15.001,12.866,-2.135
uk_4,uk,4,Southern California MM,Kansas LD,Aff,22.169,25.341,3.172,24.227,22.01,-2.217
uk_4,uk,4,James Madison MO,Wake Forest LS,Aff,21.329,26.725,5.396,31.346,29.863,-1.483
uk_5,uk,5,Dartmouth MM,Samford GP,Neg,11.566,10.845,-0.72,15.747,17.458,1.711
uk_5,uk,5,Michigan BP,Northwestern DR,Aff,39.493,39.66,0.167,31.889,31.58,-0.309
uk_5,uk,5,Wake Forest LS,Kentucky AE,Aff,29.863,30.069,0.206,21.065,20.399,-0.666
uk_5,uk,5,UTD KP,Wichita State MW,Aff,31.637,31.781,0.144,20.517,20.351,-0.166
uk_5,uk,5,Gonzaga DW,Emory GY,Aff,25.958,27.367,1.408,29.477,27.952,-1.526
uk_5,uk,5,Binghamton TC,Kentucky RS,Aff,36.022,36.403,0.381,30.427,29.61,-0.816
uk_5,uk,5,Wake Forest NS,James Madison BR,Neg,23.172,21.854,-1.318,26.629,28.094,1.466
uk_5,uk,5,West Georgia DK,Emory GH,Neg,29.136,29.018,-0.119,40.814,40.877,0.063
uk_5,uk,5,Wichita State GM,Samford HS,Aff,15.07,15.923,0.854,13.69,11.776,-1.914
uk_5,uk,5,Kentucky GS,Houston DF,Aff,24.563,25.621,1.058,25.065,24.012,-1.053
uk_5,uk,5,Wake Forest HS,UTD KS,Aff,22.56,25.594,3.034,26.97,25.622,-1.348
uk_5,uk,5,James Madison CP,Emory PO,Neg,21.061,19.486,-1.575,22.966,23.696,0.73
uk_5,uk,5,Southern California BrRe,Kansas AB,Aff,23.835,24.789,0.953,24.139,22.166,-1.973
uk_5,uk,5,Northwestern PS,Georgetown CS,Neg,33.315,31.907,-1.408,24.611,28.947,4.336
uk_5,uk,5,Emory CP,Northwestern AL,Aff,32.287,32.755,0.469,27.415,26.939,-0.476
uk_5,uk,5,Michigan ES (Esmailzadeh/Sharma),Dartmouth CW,Neg,29.392,28.552,-0.84,30.583,31.421,0.838
uk_5,uk,5,Georgetown RG,Missouri State CN,Neg,24.262,21.132,-3.131,20.766,22.002,1.236
uk_5,uk,5,West Georgia FK,Wake Forest BW,Neg,25.299,23.324,-1.976,26.026,27.639,1.613
uk_5,uk,5,Houston AK,Michigan State MM,Neg,30.996,30.028,-0.969,30.721,31.67,0.949
uk_5,uk,5,Harvard FK,Emory RT,Neg,18.535,15.725,-2.81,16.836,18.051,1.215
uk_5,uk,5,Liberty CS,Kansas BS,Aff,27.739,28.888,1.149,23.157,22.613,-0.543
uk_5,uk,5,George Mason WR,Dartmouth BC,Neg,31.507,31.127,-0.38,38.688,38.869,0.182
uk_5,uk,5,North Texas JW (Jackson/Wofford),Indiana SF,Neg,13.94,11.505,-2.435,12.866,15.114,2.248
uk_5,uk,5,Emory LY,Kansas MR,Neg,37.647,37.197,-0.45,42.652,42.933,0.281
uk_5,uk,5,Kansas BW,Michigan BS (Baba/Saudek),Aff,26.173,26.657,0.485,22.074,20.656,-1.418
uk_5,uk,5,Wyoming CH,James Madison MO,Neg,17.859,17.076,-0.783,26.725,27.304,0.579
uk_5,uk,5,George Mason RR,Arizona State SS,Aff,19.435,21.644,2.209,19.449,17.364,-2.084
uk_5,uk,5,Harvard DS,Southern California MM,Neg,25.825,23.858,-1.967,25.341,27.576,2.234
uk_5,uk,5,Texas KN,George Mason DF,Aff,25.812,28.199,2.387,27.291,26.343,-0.948
uk_5,uk,5,Houston KS,Kansas LD,Aff,20.463,21.451,0.988,22.01,19.835,-2.175
uk_5,uk,5,Texas AF,Wake Forest EP,Neg,32.138,30.966,-1.172,29.856,31.102,1.246
uk_5,uk,5,Kansas WW,Emory KP,Neg,32.714,31.559,-1.155,30.081,31.293,1.211
uk_5,uk,5,Iowa BW,Northwestern MO,Aff,22.823,23.873,1.05,23.892,21.907,-1.985
uk_5,uk,5,Indiana FJ,Missouri State AB,Aff,12.049,13.97,1.921,12.205,10.298,-1.907
uk_5,uk,5,Michigan SS,Dartmouth CG,Aff,30.947,31.596,0.649,27.659,27.007,-0.652
uk_5,uk,5,UTD HR,Michigan State BS,Aff,25.567,26.618,1.052,27.358,26.157,-1.202
uk_5,uk,5,Baylor LC,Michigan State JS,Aff,26.565,27.399,0.834,25.185,24.366,-0.818
uk_5,uk,5,Wake Forest CS,Oklahoma TS,Aff,29.083,29.306,0.223,20.046,19.421,-0.626
uk_5,uk,5,Michigan AL,Michigan State AG,Neg,19.789,17.052,-2.736,17.416,19.684,2.268
uk_5,uk,5,Western Kentucky SS,Dartmouth GG,Neg,19.927,19.179,-0.749,21.231,23.412,2.181
uk_5,uk,5,Navy CR,Wake Forest BM,Neg,26.205,25.088,-1.117,33.156,33.445,0.288
uk_5,uk,5,Kansas MS,Western Kentucky CS,Aff,17.457,19.056,1.599,14.693,13.966,-0.726
uk_5,uk,5,Michigan State GL,Emory MR,Aff,34.99,35.458,0.468,33.068,32.257,-0.811
uk_5,uk,5,Minnesota HH,Baylor DB,Aff,23.78,26.851,3.071,26.73,23.983,-2.748
uk_5,uk,5,Kansas HB,Dartmouth BJ,Aff,13.571,18.192,4.622,22.224,20.41,-1.814
uk_5,uk,5,Northwestern AZ,Oklahoma HD,Aff,19.523,22.097,2.575,22.297,19.732,-2.564
uk_5,uk,5,Northwestern RY,Michigan AO,Neg,18.857,17.097,-1.76,21.609,22.233,0.624
uk_5,uk,5,Emory FW,Western Kentucky FC,Neg,21.754,20.733,-1.02,22.331,23.229,0.898
uk_5,uk,5,Kansas LS,Emory ST,Aff,34.58,35.076,0.496,29.807,29.267,-0.54
uk_5,uk,5,CSU Long Beach OM,Kentucky AM,Aff,34.994,35.696,0.702,36.364,35.379,-0.985
uk_5,uk,5,Michigan State AZ,Kansas FS,Aff,17.363,18.347,0.984,15.799,14.922,-0.877
uk_6,uk,6,Dartmouth CW,Kansas LS,Neg,31.421,30.867,-0.554,35.076,35.621,0.545
uk_6,uk,6,Wichita State MW,Georgetown PV,Neg,20.351,19.938,-0.412,26.664,27.828,1.164
uk_6,uk,6,Emory GY,Wake Forest HS,Aff,27.952,28.639,0.687,25.594,24.331,-1.262
uk_6,uk,6,James Madison MO,Dartmouth KR,Neg,27.304,25.123,-2.181,24.599,25.807,1.208
uk_6,uk,6,Dartmouth BJ,Indiana FJ,Neg,20.41,18.874,-1.535,13.97,17.024,3.055
uk_6,uk,6,Baylor DB,James Madison CP,Neg,23.983,21.135,-2.848,19.486,21.666,2.179
uk_6,uk,6,Wake Forest BW,Liberty CS,Aff,27.639,29.399,1.759,28.888,27.085,-1.803
uk_6,uk,6,Missouri State AB,Western Kentucky SS,Neg,10.298,9.779,-0.518,19.179,19.43,0.251
uk_6,uk,6,Michigan State JS,West Georgia DK,Neg,24.366,23.888,-0.478,29.018,29.505,0.487
uk_6,uk,6,Emory KP,UTD KP,Aff,31.293,32.165,0.872,31.781,30.853,-0.928
uk_6,uk,6,Emory GH,Michigan State GL,Neg,40.877,39.982,-0.895,35.458,36.476,1.017
uk_6,uk,6,Dartmouth CG,Texas KN,Aff,27.007,27.952,0.945,28.199,26.306,-1.893
uk_6,uk,6,Arizona State SS,Northwestern RY,Aff,17.364,19.14,1.775,17.097,15.341,-1.756
uk_6,uk,6,Western Kentucky CS,Michigan AL,Aff,13.966,15.178,1.212,17.052,14.416,-2.636
uk_6,uk,6,Kansas BS,Wake Forest NS,Aff,22.613,23.419,0.806,21.854,20.189,-1.665
uk_6,uk,6,Kentucky AE,Navy CR,Neg,20.399,19.34,-1.059,25.088,26.331,1.243
uk_6,uk,6,Oklahoma HD,Harvard FK,Aff,19.732,20.865,1.133,15.725,14.535,-1.19
uk_6,uk,6,Kansas WH,Kentucky GS,Neg,32.381,30.853,-1.528,25.621,27.329,1.708
uk_6,uk,6,UTD KS,Kansas MS,Aff,25.622,25.992,0.37,19.056,18.253,-0.803
uk_6,uk,6,Houston DF,George Mason RR,Aff,24.012,24.641,0.629,21.644,20.052,-1.592
uk_6,uk,6,Emory MR,Michigan SS,Aff,32.257,33.092,0.834,31.596,30.761,-0.835
uk_6,uk,6,Emory PO,Kansas BW,Aff,23.696,24.942,1.246,26.657,25.545,-1.112
uk_6,uk,6,Dartmouth GG,Michigan ES (Esmailzadeh/Sharma),Neg,23.412,22.304,-1.108,28.552,28.984,0.432
uk_6,uk,6,Kentucky RS,Iowa BW,Neg,29.61,27.166,-2.445,23.873,25.356,1.483
uk_6,uk,6,George Mason DF,Northwestern AZ,Aff,26.343,26.812,0.469,22.097,20.946,-1.151
uk_6,uk,6,Northwestern MO,Wake Forest CS,Aff,21.907,24.788,2.881,29.306,27.863,-1.444
uk_6,uk,6,Kansas MR,Michigan BP,Aff,42.933,43.292,0.358,39.66,39.317,-0.343
uk_6,uk,6,Wake Forest EP,Emory LY,Neg,31.102,30.724,-0.378,37.197,37.544,0.347
uk_6,uk,6,Northwestern AL,Southern California BrRe,Aff,26.939,27.589,0.649,24.789,24.067,-0.722
uk_6,uk,6,Michigan AO,West Georgia FK,Neg,22.233,21.51,-0.723,23.324,25.037,1.714
uk_6,uk,6,Western Kentucky FC,Wake Forest LS,Neg,23.229,22.895,-0.334,30.069,30.338,0.269
uk_6,uk,6,Kansas AB,Michigan State AZ,Aff,22.166,23.182,1.016,18.347,17.705,-0.641
uk_6,uk,6,James Madison BR,Kansas WW,Neg,28.094,26.767,-1.327,31.559,32.042,0.484
uk_6,uk,6,Michigan State BS,Emory FW,Aff,26.157,26.582,0.425,20.733,20.258,-0.476
uk_6,uk,6,Samford GP,Georgetown RG,Neg,17.458,16.003,-1.455,21.132,22.256,1.124
uk_6,uk,6,Michigan State MM,CSU Long Beach OM,Aff,31.67,32.976,1.306,35.696,34.849,-0.847
uk_6,uk,6,Missouri State CN,Texas AF,Neg,22.002,21.763,-0.239,30.966,31.177,0.21
uk_6,uk,6,Kansas LD,Wyoming CH,Neg,19.835,18.062,-1.773,17.076,19.667,2.591
uk_6,uk,6,Kentucky AM,Gonzaga DW,Aff,35.379,35.6,0.222,27.367,27.094,-0.273
uk_6,uk,6,Emory ST,Binghamton TC,Neg,29.267,28.933,-0.335,36.403,36.68,0.277
uk_6,uk,6,Indiana SF,Dartmouth MM,Aff,15.114,16.289,1.175,10.845,10.167,-0.678
uk_6,uk,6,Dartmouth BC,Baylor LC,Aff,38.869,38.936,0.067,27.399,27.278,-0.12
uk_6,uk,6,Southern California MM,Houston AK,Neg,27.576,26.074,-1.501,30.028,30.615,0.588
uk_6,uk,6,Emory RT,Northwestern PS,Neg,18.051,17.964,-0.086,31.907,31.962,0.056
uk_6,uk,6,Oklahoma TS,Kansas HB,Neg,19.421,17.455,-1.966,18.192,20.056,1.864
uk_6,uk,6,Georgetown CS,UTD HR,Aff,28.947,30.209,1.262,26.618,26.05,-0.569
uk_6,uk,6,Michigan BS (Baba/Saudek),Houston KS,Aff,20.656,22.718,2.062,21.451,20.611,-0.84
uk_6,uk,6,Wake Forest BM,Minnesota HH,Neg,33.445,32.308,-1.137,26.851,30.741,3.889
uk_6,uk,6,Michigan State AG,Harvard DS,Neg,19.684,18.631,-1.053,23.858,24.925,1.068
uk_6,uk,6,Northwestern DR,Emory CP,Neg,31.58,30.797,-0.783,32.755,33.481,0.726
uk_6,uk,6,Samford HS,North Texas JW (Jackson/Wofford),Neg,11.776,10.044,-1.732,11.505,13.453,1.948
uk_6,uk,6,Michigan ShSi,George Mason WR,Neg,27.091,26.489,-0.603,31.127,31.716,0.59
uk_6,uk,6,Kansas FS,Wichita State GM,Neg,14.922,14.064,-0.859,15.923,16.826,0.903
uk_dubs,uk,dubs,Kansas MR,Baylor LC,Aff,43.292,43.308,0.017,27.278,27.249,-0.029
uk_dubs,uk,dubs,Kansas WW,Michigan State GL,Neg,32.042,31.621,-0.422,36.476,36.761,0.285
uk_dubs,uk,dubs,Emory GY,Kansas LS,Neg,28.639,28.312,-0.327,35.621,35.915,0.294
uk_dubs,uk,dubs,George Mason WR,Michigan BP,Neg,31.716,31.42,-0.297,39.317,39.47,0.153
uk_dubs,uk,dubs,West Georgia DK,Kentucky AM,Neg,29.505,29.148,-0.358,35.6,35.902,0.302
uk_dubs,uk,dubs,CSU Long Beach OM,Kentucky GS,Neg,34.849,33.795,-1.054,27.329,29.005,1.676
uk_dubs,uk,dubs,Wake Forest EP,Binghamton TC,Neg,30.724,30.361,-0.363,36.68,37.005,0.324
uk_dubs,uk,dubs,Wake Forest BW,Dartmouth BC,Neg,29.399,29.053,-0.346,38.936,39.048,0.111
uk_dubs,uk,dubs,Michigan State MM,Houston AK,Aff,32.976,33.537,0.561,30.615,30.012,-0.603
uk_dubs,uk,dubs,Emory MR,Georgetown CS,Neg,33.092,32.055,-1.036,30.209,32.094,1.885
uk_dubs,uk,dubs,Michigan SS,Emory KP,Neg,30.761,30.058,-0.703,32.165,32.805,0.64
uk_dubs,uk,dubs,Dartmouth CW,Emory CP,Neg,30.867,30.272,-0.595,33.481,34.037,0.556
uk_dubs,uk,dubs,Emory LY,Wake Forest LS,Aff,37.544,37.81,0.266,30.338,30.1,-0.238
uk_dubs,uk,dubs,Emory GH,Texas AF,Aff,39.982,40.093,0.111,31.177,30.977,-0.199
uk_dubs,uk,dubs,Dartmouth CG,Northwestern DR,Neg,27.952,27.368,-0.585,30.797,31.371,0.575
uk_dubs,uk,dubs,Michigan ES (Esmailzadeh/Sharma),UTD KP,Neg,28.984,28.312,-0.671,30.853,31.488,0.634
uk_octas,uk,octas,UTD KP,Kansas MR,Neg,31.488,31.402,-0.085,43.308,43.366,0.058
uk_octas,uk,octas,Northwestern DR,Michigan State GL,Aff,31.371,32.717,1.345,36.761,35.899,-0.862
uk_octas,uk,octas,Emory GH,Kansas LS,Aff,40.093,40.352,0.259,35.915,35.465,-0.45
uk_octas,uk,octas,Michigan BP,Emory LY,Neg,39.47,38.886,-0.584,37.81,38.73,0.919
uk_octas,uk,octas,Emory CP,Kentucky AM,Neg,34.037,33.461,-0.577,35.902,36.451,0.548
uk_octas,uk,octas,Kentucky GS,Emory KP,Aff,29.005,30.074,1.069,32.805,31.756,-1.049
uk_octas,uk,octas,Binghamton TC,Georgetown CS,Aff,37.005,37.367,0.362,32.094,31.454,-0.64
uk_octas,uk,octas,Dartmouth BC,Michigan State MM,Aff,39.048,39.276,0.228,33.537,33.213,-0.324
uk_quarters,uk,quarters,Dartmouth BC,Kansas MR,Neg,39.276,38.996,-0.28,43.366,43.66,0.294
uk_quarters,uk,quarters,Binghamton TC,Northwestern DR,Neg,37.367,36.268,-1.098,32.717,33.823,1.107
uk_quarters,uk,quarters,Kentucky GS,Emory GH,Neg,30.074,29.966,-0.108,40.352,40.424,0.072
uk_quarters,uk,quarters,Kentucky AM,Emory LY,Neg,36.451,35.966,-0.485,38.73,39.241,0.511
uk_semis,uk,semis,Kansas MR,Emory LY,Aff,43.66,43.924,0.264,39.241,38.893,-0.348
uk_semis,uk,semis,Northwestern DR,Emory GH,Neg,33.823,33.59,-0.233,40.424,40.584,0.16
uk_finals,uk,finals,Kansas MR,Emory GH,Neg,43.924,43.227,-0.697,40.584,41.215,0.631
harvard_1,harvard,1,Liberty CS,Michigan BP,Neg,27.085,26.873,-0.212,38.886,38.945,0.059
harvard_1,harvard,1,Rochester OR,Northwestern PS,Neg,25.0,22.163,-2.837,31.962,32.219,0.257
harvard_1,harvard,1,Iowa BW,Wake Forest LS,Neg,25.356,24.907,-0.449,30.1,30.45,0.35
harvard_1,harvard,1,Southern California CS,Kansas LS,Neg,21.588,21.45,-0.138,35.465,35.526,0.061
harvard_1,harvard,1,UTD HR,Kentucky RS,Aff,26.05,26.862,0.812,27.166,25.774,-1.391
harvard_1,harvard,1,UTD KP,Wichita State GM,Aff,31.402,31.444,0.042,16.826,16.771,-0.055
harvard_1,harvard,1,Georgetown CS,UTD KS,Aff,31.454,31.984,0.53,25.992,25.575,-0.417
harvard_1,harvard,1,Cornell DL,Wake Forest CS,Aff,25.0,31.465,6.465,27.863,27.265,-0.597
harvard_1,harvard,1,Dartmouth BC,Northwestern HL,Aff,38.996,39.063,0.067,25.0,23.818,-1.182
harvard_1,harvard,1,Dartmouth CG,Indiana FM,Aff,27.368,27.387,0.019,8.907,8.861,-0.046
harvard_1,harvard,1,Emory GH,Georgetown PV,Aff,41.215,41.255,0.04,27.828,27.577,-0.251
harvard_1,harvard,1,Emory KP,Stanford LL,Aff,31.756,31.986,0.23,25.0,22.099,-2.901
harvard_1,harvard,1,Liberty LT,Wake Forest BW,Neg,25.0,21.301,-3.699,29.053,29.722,0.669
harvard_1,harvard,1,UC Berkeley TB,Houston TY,Aff,34.748,34.927,0.178,23.116,22.919,-0.197
harvard_1,harvard,1,Michigan SS,Samford PR,Aff,30.058,30.385,0.327,25.0,21.574,-3.426
harvard_1,harvard,1,Trinity PK,Kansas MR,Neg,25.0,24.405,-0.595,43.227,43.259,0.031
harvard_1,harvard,1,Northwestern DR,Houston KS,Aff,33.59,33.641,0.051,20.611,20.542,-0.069
harvard_1,harvard,1,Michigan BD,Iowa AP,Neg,25.0,22.421,-2.579,32.833,33.213,0.38
harvard_1,harvard,1,James Madison CP,Emory CP,Neg,21.666,21.458,-0.208,33.461,33.552,0.091
harvard_1,harvard,1,Georgetown GZ,Dartmouth GR,Aff,25.0,29.205,4.205,25.0,20.795,-4.205
harvard_1,harvard,1,Northwestern AL,Kentucky GS,Neg,27.589,26.996,-0.592,29.966,30.436,0.471
harvard_1,harvard,1,Michigan ES (Esmailzadeh/Sharma),Southern California MT,Aff,28.312,28.703,0.391,25.0,20.984,-4.016
harvard_1,harvard,1,Binghamton TC,UC Berkeley MR,Aff,36.268,36.392,0.124,26.306,26.024,-0.283
harvard_1,harvard,1,James Madison MO,NYU MS,Neg,25.123,23.671,-1.452,24.362,25.864,1.502
harvard_1,harvard,1,Binghamton TK,Michigan State MM,Neg,25.0,22.518,-2.482,33.213,33.418,0.205
harvard_1,harvard,1,Texas AF,Navy LS,Aff,30.977,31.285,0.307,25.0,21.868,-3.132
harvard_1,harvard,1,Navy CR,Wake Forest BM,Neg,26.331,25.406,-0.925,32.308,32.603,0.295
harvard_1,harvard,1,Georgia IP,Kansas AB,Neg,30.35,28.132,-2.218,23.182,25.71,2.528
harvard_1,harvard,1,Harvard GY,James Madison BR,Aff,37.582,37.693,0.11,26.767,26.442,-0.326
harvard_1,harvard,1,Michigan AO,Kansas WW,Neg,21.51,21.352,-0.158,31.621,31.753,0.132
harvard_1,harvard,1,Michigan SaSh,Emory LY,Neg,25.0,23.793,-1.207,38.893,38.981,0.089
harvard_1,harvard,1,Cal State Fullerton MW,Michigan State GL,Neg,23.485,23.323,-0.162,35.899,35.95,0.051
harvard_1,harvard,1,Emory GY,Dartmouth BJ,Aff,28.312,28.501,0.189,18.874,18.68,-0.194
harvard_1,harvard,1,CSU Long Beach OM,UC Berkeley US,Aff,33.795,33.933,0.138,25.0,22.674,-2.326
harvard_1,harvard,1,Binghamton CN,Kansas WH,Neg,25.0,21.827,-3.173,30.853,31.147,0.294
harvard_1,harvard,1,Kentucky AM,Dartmouth GK,Aff,35.966,36.099,0.133,25.0,23.207,-1.793
harvard_1,harvard,1,Arizona State SS,Wake Forest EP,Neg,19.14,18.829,-0.31,30.361,30.492,0.131
harvard_1,harvard,1,Emory MR,Southern California BR,Aff,32.055,32.187,0.132,21.175,20.875,-0.3
harvard_1,harvard,1,Minnesota UW,George Mason WR,Neg,25.0,22.007,-2.993,31.42,31.751,0.331
harvard_1,harvard,1,George Mason DF,Wichita State MW,Neg,26.812,25.317,-1.495,19.938,21.718,1.78
harvard_2,harvard,2,Indiana FM,Liberty CS,Neg,8.861,8.796,-0.065,26.873,26.925,0.052
harvard_2,harvard,2,Northwestern PS,Emory GH,Neg,32.219,32.059,-0.16,41.255,41.342,0.087
harvard_2,harvard,2,Stanford LL,Iowa BW,Neg,22.099,18.926,-3.172,24.907,25.357,0.45
harvard_2,harvard,2,Kansas LS,Michigan SS,Neg,35.526,34.335,-1.191,30.385,31.626,1.24
harvard_2,harvard,2,Houston TY,UTD HR,Neg,22.919,22.177,-0.742,26.862,27.266,0.405
harvard_2,harvard,2,Kansas MR,UTD KP,Aff,43.259,43.306,0.048,31.444,31.364,-0.081
harvard_2,harvard,2,UTD KS,Liberty LT,Aff,25.575,25.987,0.412,21.301,18.65,-2.651
harvard_2,harvard,2,Wake Forest CS,Dartmouth BC,Neg,27.265,27.184,-0.081,39.063,39.114,0.051
harvard_2,harvard,2,Northwestern HL,Cornell DL,Aff,23.818,30.156,6.339,31.465,27.128,-4.336
harvard_2,harvard,2,Michigan BP,Dartmouth CG,Aff,38.945,38.999,0.054,27.387,27.292,-0.095
harvard_2,harvard,2,Georgetown PV,Rochester OR,Aff,27.577,28.538,0.96,22.163,19.79,-2.373
harvard_2,harvard,2,Wake Forest LS,Emory KP,Aff,30.45,31.218,0.768,31.986,31.229,-0.757
harvard_2,harvard,2,Wake Forest BW,Georgetown CS,Neg,29.722,28.746,-0.976,31.984,32.732,0.749
harvard_2,harvard,2,Kentucky RS,UC Berkeley TB,Neg,25.774,25.504,-0.27,34.927,35.208,0.281
harvard_2,harvard,2,Samford PR,Southern California CS,Aff,21.574,25.365,3.79,21.45,20.337,-1.113
harvard_2,harvard,2,Wichita State GM,Trinity PK,Aff,16.771,17.82,1.048,24.405,16.37,-8.034
harvard_2,harvard,2,Iowa AP,Northwestern DR,Neg,33.213,32.153,-1.06,33.641,34.185,0.544
harvard_2,harvard,2,Houston KS,Michigan BD,Neg,20.542,20.059,-0.483,22.421,25.989,3.568
harvard_2,harvard,2,Dartmouth GR,James Madison CP,Neg,20.795,16.862,-3.932,21.458,22.412,0.954
harvard_2,harvard,2,Emory CP,Georgetown GZ,Aff,33.552,33.866,0.314,29.205,26.327,-2.879
harvard_2,harvard,2,Southern California MT,Northwestern AL,Neg,20.984,18.868,-2.115,26.996,27.294,0.297
harvard_2,harvard,2,Kentucky GS,Michigan ES (Esmailzadeh/Sharma),Neg,30.436,29.71,-0.726,28.703,29.631,0.928
harvard_2,harvard,2,NYU MS,Binghamton TC,Aff,25.864,28.977,3.113,36.392,35.016,-1.376
harvard_2,harvard,2,UC Berkeley MR,James Madison MO,Aff,26.024,26.943,0.92,23.671,22.754,-0.918
harvard_2,harvard,2,Navy LS,Binghamton TK,Neg,21.868,18.7,-3.168,22.518,25.849,3.332
harvard_2,harvard,2,Michigan State MM,Texas AF,Aff,33.418,33.918,0.5,31.285,30.695,-0.589
harvard_2,harvard,2,Kansas AB,Navy CR,Neg,25.71,24.564,-1.146,25.406,27.106,1.699
harvard_2,harvard,2,Wake Forest BM,Georgia IP,Neg,32.603,31.599,-1.004,28.132,29.855,1.722
harvard_2,harvard,2,Kansas WW,Harvard GY,Aff,31.753,33.009,1.256,37.693,36.576,-1.117
harvard_2,harvard,2,James Madison BR,Michigan AO,Neg,26.442,23.921,-2.521,21.352,22.55,1.198
harvard_2,harvard,2,Gonzaga DW,Michigan SaSh,Neg,27.094,26.316,-0.778,23.793,29.649,5.856
harvard_2,harvard,2,Dartmouth BJ,Cal State Fullerton MW,Neg,18.68,18.238,-0.443,23.323,24.048,0.725
harvard_2,harvard,2,Michigan State GL,Emory GY,Aff,35.95,36.096,0.146,28.501,28.235,-0.266
harvard_2,harvard,2,Kansas WH,CSU Long Beach OM,Neg,31.147,30.631,-0.516,33.933,34.267,0.334
harvard_2,harvard,2,UC Berkeley US,Binghamton CN,Aff,22.674,25.989,3.315,21.827,18.72,-3.106
harvard_2,harvard,2,Wake Forest EP,Kentucky AM,Neg,30.492,30.14,-0.352,36.099,36.365,0.266
harvard_2,harvard,2,Dartmouth GK,Arizona State SS,Aff,23.207,26.089,2.881,18.829,18.013,-0.817
harvard_2,harvard,2,George Mason WR,Emory MR,Neg,31.751,30.941,-0.81,32.187,32.885,0.698
harvard_2,harvard,2,Southern California BR,Minnesota UW,Aff,20.875,22.113,1.238,22.007,17.711,-4.296
harvard_2,harvard,2,Emory LY,George Mason DF,Aff,38.981,39.021,0.04,25.317,25.267,-0.05
harvard_3,harvard,3,Trinity PK,Dartmouth GR,Neg,16.37,13.816,-2.554,16.862,19.498,2.636
harvard_3,harvard,3,Northwestern PS,James Madison CP,Neg,32.059,30.589,-1.47,22.412,25.295,2.883
harvard_3,harvard,3,Georgetown GZ,Iowa BW,Aff,26.327,29.342,3.015,25.357,24.811,-0.546
harvard_3,harvard,3,Michigan State GL,Cornell DL,Aff,36.096,36.215,0.119,27.128,26.18,-0.948
harvard_3,harvard,3,Kentucky AM,UTD HR,Aff,36.365,36.491,0.126,27.266,27.119,-0.148
harvard_3,harvard,3,UTD KP,Northwestern AL,Neg,31.364,30.29,-1.074,27.294,28.374,1.08
harvard_3,harvard,3,Liberty CS,UTD KS,Neg,26.925,25.387,-1.538,25.987,26.818,0.831
harvard_3,harvard,3,Dartmouth BJ,Wake Forest CS,Aff,18.238,19.995,1.757,27.184,25.638,-1.546
harvard_3,harvard,3,Wichita State MW,Michigan SS,Neg,21.718,21.555,-0.163,31.626,31.755,0.129
harvard_3,harvard,3,Michigan ES (Esmailzadeh/Sharma),Emory GH,Neg,29.631,29.554,-0.078,41.342,41.384,0.043
harvard_3,harvard,3,George Mason DF,Binghamton CN,Aff,25.267,25.543,0.275,18.72,17.066,-1.654
harvard_3,harvard,3,Dartmouth BC,Emory CP,Aff,39.114,39.329,0.215,33.866,33.559,-0.307
harvard_3,harvard,3,CSU Long Beach OM,Wake Forest LS,Aff,34.267,34.577,0.31,31.218,30.816,-0.403
harvard_3,harvard,3,Michigan State MM,Emory MR,Aff,33.918,34.462,0.544,32.885,32.273,-0.612
harvard_3,harvard,3,Michigan BP,Georgetown CS,Neg,38.999,38.2,-0.799,32.732,34.493,1.76
harvard_3,harvard,3,Northwestern DR,Kansas MR,Neg,34.185,34.066,-0.119,43.306,43.397,0.091
harvard_3,harvard,3,Kansas WW,Emory LY,Aff,33.009,34.162,1.153,39.021,37.949,-1.072
harvard_3,harvard,3,Stanford LL,Binghamton TC,Neg,18.926,18.649,-0.277,35.016,35.055,0.039
harvard_3,harvard,3,Iowa AP,Kansas AB,Aff,32.153,32.475,0.322,24.564,24.2,-0.363
harvard_3,harvard,3,Navy CR,Emory GY,Neg,27.106,25.824,-1.282,28.235,28.878,0.643
harvard_3,harvard,3,Wake Forest BW,Michigan SaSh,Aff,28.746,29.755,1.01,29.649,26.335,-3.314
harvard_3,harvard,3,Samford PR,Harvard GY,Aff,25.365,32.178,6.813,36.576,35.555,-1.021
harvard_3,harvard,3,Georgetown PV,Wake Forest EP,Neg,28.538,26.974,-1.563,30.14,30.69,0.55
harvard_3,harvard,3,Georgia IP,Kansas WH,Aff,29.855,30.903,1.048,30.631,29.911,-0.72
harvard_3,harvard,3,Cal State Fullerton MW,UC Berkeley US,Neg,24.048,23.266,-0.782,25.989,28.819,2.829
harvard_3,harvard,3,Binghamton TK,Southern California BR,Aff,25.849,28.176,2.327,22.113,21.347,-0.766
harvard_3,harvard,3,Kentucky GS,Dartmouth GK,Neg,29.71,29.135,-0.575,26.089,30.816,4.727
harvard_3,harvard,3,Northwestern HL,Gonzaga DW,Aff,30.156,32.5,2.343,26.316,25.876,-0.44
harvard_3,harvard,3,Michigan AO,Texas AF,Aff,22.55,24.116,1.567,30.695,29.21,-1.485
harvard_3,harvard,3,Emory KP,Michigan BD,Aff,31.229,31.492,0.262,25.989,24.184,-1.805
harvard_3,harvard,3,Dartmouth CG,Wake Forest BM,Neg,27.292,26.865,-0.427,31.599,31.942,0.343
harvard_3,harvard,3,UC Berkeley MR,George Mason WR,Aff,26.943,28.612,1.669,30.941,29.832,-1.109
harvard_3,harvard,3,Houston TY,James Madison BR,Neg,22.177,21.318,-0.859,23.921,24.965,1.044
harvard_3,harvard,3,Navy LS,Kentucky RS,Neg,18.7,17.103,-1.597,25.504,25.896,0.392
harvard_3,harvard,3,Wichita State GM,Kansas LS,Neg,17.82,17.794,-0.026,34.335,34.354,0.019
harvard_3,harvard,3,NYU MS,UC Berkeley TB,Aff,28.977,30.795,1.818,35.208,33.388,-1.82
harvard_3,harvard,3,Liberty LT,James Madison MO,Neg,18.65,16.632,-2.017,22.754,23.357,0.603
harvard_3,harvard,3,Southern California CS,Indiana FM,Aff,20.337,20.573,0.236,8.796,8.497,-0.3
harvard_3,harvard,3,Arizona State SS,Houston KS,Neg,18.013,16.819,-1.193,20.059,20.615,0.556
harvard_3,harvard,3,Minnesota UW,Southern California MT,Aff,17.711,20.536,2.824,18.868,15.929,-2.939
harvard_4,harvard,4,Houston KS,Liberty CS,Neg,20.615,20.25,-0.364,25.387,26.037,0.649
harvard_4,harvard,4,Michigan SS,Dartmouth BC,Neg,31.755,31.554,-0.201,39.329,39.462,0.133
harvard_4,harvard,4,Iowa BW,Northwestern PS,Neg,24.811,24.491,-0.32,30.589,30.861,0.273
harvard_4,harvard,4,Georgetown CS,Michigan State GL,Neg,34.493,33.816,-0.676,36.215,36.571,0.357
harvard_4,harvard,4,UTD HR,Georgetown GZ,Aff,27.119,27.779,0.66,29.342,26.21,-3.131
harvard_4,harvard,4,Cornell DL,UTD KP,Neg,26.18,24.575,-1.605,30.29,30.632,0.342
harvard_4,harvard,4,UTD KS,Michigan ES (Esmailzadeh/Sharma),Aff,26.818,27.816,0.997,29.554,28.651,-0.903
harvard_4,harvard,4,Wake Forest CS,Arizona State SS,Aff,25.638,25.798,0.159,16.819,16.465,-0.354
harvard_4,harvard,4,Indiana FM,Stanford LL,Neg,8.497,8.093,-0.403,18.649,19.503,0.854
harvard_4,harvard,4,Kansas MR,Michigan State MM,Aff,43.397,43.491,0.093,34.462,34.333,-0.129
harvard_4,harvard,4,Emory GH,CSU Long Beach OM,Aff,41.384,41.518,0.134,34.577,34.424,-0.153
harvard_4,harvard,4,Wake Forest BM,Kansas WW,Neg,31.942,31.494,-0.448,34.162,34.599,0.437
harvard_4,harvard,4,Wake Forest EP,NYU MS,Neg,30.69,30.023,-0.667,30.795,31.716,0.922
harvard_4,harvard,4,Northwestern AL,Kentucky AM,Neg,28.374,28.196,-0.178,36.491,36.643,0.152
harvard_4,harvard,4,Emory CP,Wichita State MW,Aff,33.559,33.627,0.068,21.555,21.464,-0.092
harvard_4,harvard,4,Binghamton TC,Wake Forest BW,Neg,35.055,34.157,-0.898,29.755,31.572,1.816
harvard_4,harvard,4,Kansas AB,Kentucky GS,Neg,24.2,23.667,-0.533,29.135,29.401,0.266
harvard_4,harvard,4,Emory LY,Northwestern HL,Aff,37.949,38.187,0.238,32.5,31.006,-1.494
harvard_4,harvard,4,Emory GY,Michigan AO,Neg,28.878,27.694,-1.184,24.116,25.194,1.077
harvard_4,harvard,4,Wake Forest LS,Georgia IP,Neg,30.816,30.27,-0.546,30.903,31.764,0.862
harvard_4,harvard,4,UC Berkeley TB,Iowa AP,Neg,33.388,32.38,-1.008,32.475,33.478,1.003
harvard_4,harvard,4,UC Berkeley US,Samford PR,Aff,28.819,32.069,3.25,32.178,29.865,-2.313
harvard_4,harvard,4,James Madison CP,UC Berkeley MR,Neg,25.295,24.605,-0.69,28.612,29.247,0.634
harvard_4,harvard,4,Dartmouth GK,Michigan BP,Neg,30.816,29.823,-0.993,38.2,38.339,0.139
harvard_4,harvard,4,Gonzaga DW,Northwestern DR,Aff,25.876,27.587,1.712,34.066,32.92,-1.146
harvard_4,harvard,4,George Mason WR,Rochester OR,Aff,29.832,29.997,0.165,19.79,18.778,-1.012
harvard_4,harvard,4,Kansas WH,Navy LS,Aff,29.911,29.995,0.084,17.103,16.638,-0.466
harvard_4,harvard,4,Southern California BR,George Mason DF,Aff,21.347,23.283,1.936,25.543,24.552,-0.99
harvard_4,harvard,4,Harvard GY,Minnesota UW,Aff,35.555,35.596,0.041,20.536,20.305,-0.231
harvard_4,harvard,4,Michigan SaSh,Wichita State GM,Aff,26.335,27.148,0.813,17.794,17.543,-0.251
harvard_4,harvard,4,James Madison MO,Georgetown PV,Aff,23.357,24.736,1.379,26.974,24.826,-2.149
harvard_4,harvard,4,Michigan BD,Navy CR,Neg,24.184,22.071,-2.112,25.824,26.742,0.918
harvard_4,harvard,4,Texas AF,Dartmouth BJ,Aff,29.21,29.35,0.14,19.995,19.84,-0.155
harvard_4,harvard,4,Kentucky RS,Dartmouth CG,Aff,25.896,26.99,1.094,26.865,26.093,-0.772
harvard_4,harvard,4,Kansas LS,Emory KP,Aff,34.354,34.805,0.452,31.492,31.099,-0.392
harvard_4,harvard,4,Emory MR,Binghamton TK,Aff,32.273,32.608,0.335,28.176,26.377,-1.799
harvard_4,harvard,4,Dartmouth GR,Southern California CS,Neg,19.498,17.193,-2.305,20.573,21.569,0.997
harvard_4,harvard,4,James Madison BR,Cal State Fullerton MW,Aff,24.965,25.894,0.93,23.266,22.385,-0.881
harvard_4,harvard,4,Southern California MT,Liberty LT,Aff,15.929,18.319,2.39,16.632,14.256,-2.376
harvard_4,harvard,4,Binghamton CN,Houston TY,Neg,17.066,15.318,-1.749,21.318,21.847,0.529
harvard_5,harvard,5,Liberty LT,Binghamton CN,Aff,14.256,16.334,2.077,15.318,13.031,-2.286
harvard_5,harvard,5,Northwestern PS,Liberty CS,Aff,30.861,31.165,0.303,26.037,25.453,-0.584
harvard_5,harvard,5,Georgetown PV,Iowa BW,Neg,24.826,23.452,-1.374,24.491,25.166,0.675
harvard_5,harvard,5,Kansas WW,Iowa AP,Aff,34.599,35.066,0.468,33.478,32.736,-0.742
harvard_5,harvard,5,UTD HR,Michigan SS,Neg,27.779,27.411,-0.368,31.554,31.936,0.382
harvard_5,harvard,5,UTD KP,George Mason WR,Aff,30.632,31.207,0.575,29.997,29.349,-0.648
harvard_5,harvard,5,Michigan State MM,UTD KS,Aff,34.333,34.544,0.211,27.816,27.559,-0.257
harvard_5,harvard,5,Kansas AB,Wake Forest CS,Aff,23.667,24.868,1.201,25.798,25.041,-0.756
harvard_5,harvard,5,Michigan State GL,Kansas MR,Neg,36.571,36.426,-0.145,43.491,43.632,0.141
harvard_5,harvard,5,Emory GH,Kentucky AM,Aff,41.518,41.707,0.189,36.643,36.37,-0.273
harvard_5,harvard,5,NYU MS,Dartmouth BC,Aff,31.716,33.495,1.778,39.462,38.584,-0.878
harvard_5,harvard,5,CSU Long Beach OM,Wake Forest BW,Aff,34.424,34.714,0.29,31.572,30.915,-0.656
harvard_5,harvard,5,Minnesota UW,Dartmouth BJ,Aff,20.305,22.597,2.292,19.84,19.287,-0.553
harvard_5,harvard,5,Emory MR,UC Berkeley MR,Neg,32.608,31.754,-0.854,29.247,30.542,1.296
harvard_5,harvard,5,Michigan BP,Emory CP,Neg,38.339,37.657,-0.682,33.627,34.638,1.011
harvard_5,harvard,5,Michigan AO,Emory LY,Neg,25.194,25.146,-0.048,38.187,38.228,0.041
harvard_5,harvard,5,Binghamton TC,Southern California MT,Neg,34.157,32.803,-1.355,18.319,24.893,6.574
harvard_5,harvard,5,James Madison BR,Northwestern DR,Neg,25.894,25.514,-0.381,32.92,33.093,0.173
harvard_5,harvard,5,Wake Forest BM,Kentucky GS,Aff,31.494,31.925,0.431,29.401,29.001,-0.4
harvard_5,harvard,5,Navy CR,Wake Forest LS,Neg,26.742,25.987,-0.755,30.27,30.59,0.32
harvard_5,harvard,5,UC Berkeley TB,Wichita State MW,Neg,32.38,30.298,-2.082,21.464,23.414,1.951
harvard_5,harvard,5,James Madison MO,Emory GY,Neg,24.736,24.079,-0.657,27.694,28.138,0.444
harvard_5,harvard,5,Samford PR,Northwestern AL,Neg,29.865,27.77,-2.094,28.196,28.863,0.667
harvard_5,harvard,5,Kentucky RS,Michigan ES (Esmailzadeh/Sharma),Neg,26.99,26.267,-0.723,28.651,29.149,0.499
harvard_5,harvard,5,Michigan SaSh,Southern California BR,Neg,27.148,24.196,-2.951,23.283,24.633,1.351
harvard_5,harvard,5,Binghamton TK,James Madison CP,Neg,26.377,23.73,-2.647,24.605,25.595,0.991
harvard_5,harvard,5,Dartmouth GK,Kansas WH,Neg,29.823,27.698,-2.125,29.995,30.522,0.528
harvard_5,harvard,5,Texas AF,Harvard GY,Aff,29.35,30.518,1.168,35.596,34.595,-1.001
harvard_5,harvard,5,Wake Forest EP,Georgetown GZ,Aff,30.023,30.386,0.363,26.21,24.95,-1.26
harvard_5,harvard,5,Northwestern HL,Southern California CS,Neg,31.006,26.454,-4.552,21.569,23.701,2.132
harvard_5,harvard,5,Gonzaga DW,Emory KP,Aff,27.587,28.626,1.039,31.099,30.319,-0.781
harvard_5,harvard,5,Rochester OR,Cal State Fullerton MW,Aff,18.778,22.697,3.919,22.385,21.275,-1.11
harvard_5,harvard,5,Dartmouth CG,Trinity PK,Neg,26.093,24.765,-1.328,13.816,20.174,6.358
harvard_5,harvard,5,Houston KS,Wichita State GM,Neg,20.25,19.361,-0.889,17.543,18.661,1.118
harvard_5,harvard,5,Kansas LS,Georgia IP,Aff,34.805,35.213,0.408,31.764,31.235,-0.53
harvard_5,harvard,5,UC Berkeley US,Georgetown CS,Neg,32.069,30.268,-1.8,33.816,34.358,0.542
harvard_5,harvard,5,Michigan BD,George Mason DF,Aff,22.071,24.762,2.691,24.552,23.845,-0.708
harvard_5,harvard,5,Dartmouth GR,Cornell DL,Aff,17.193,20.608,3.415,24.575,21.277,-3.298
harvard_5,harvard,5,Houston TY,Stanford LL,Neg,21.847,20.875,-0.972,19.503,22.729,3.226
harvard_5,harvard,5,Indiana FM,Navy LS,Neg,8.093,7.619,-0.475,16.638,17.547,0.909
harvard_6,harvard,6,Southern California MT,UC Berkeley TB,Aff,24.893,27.451,2.558,30.298,29.178,-1.12
harvard_6,harvard,6,Michigan ES (Esmailzadeh/Sharma),UTD HR,Neg,29.149,28.429,-0.72,27.411,28.122,0.711
harvard_6,harvard,6,George Mason DF,Arizona State SS,Aff,23.845,24.043,0.198,16.465,16.034,-0.431
harvard_6,harvard,6,Iowa BW,Samford PR,Neg,25.166,24.726,-0.44,27.77,28.84,1.07
harvard_6,harvard,6,Harvard GY,Binghamton TK,Aff,34.595,34.679,0.084,23.73,23.378,-0.352
harvard_6,harvard,6,Wake Forest BW,Texas AF,Neg,30.915,30.018,-0.897,30.518,31.104,0.585
harvard_6,harvard,6,Kentucky AM,CSU Long Beach OM,Aff,36.37,36.799,0.43,34.714,34.374,-0.34
harvard_6,harvard,6,Georgetown GZ,Kentucky RS,Neg,24.95,23.509,-1.442,26.267,26.901,0.634
harvard_6,harvard,6,Wake Forest CS,Binghamton TC,Neg,25.041,24.874,-0.167,32.803,32.943,0.141
harvard_6,harvard,6,George Mason WR,Kansas AB,Aff,29.349,29.695,0.346,24.868,24.405,-0.462
harvard_6,harvard,6,Michigan SS,Michigan State MM,Neg,31.936,31.505,-0.431,34.544,34.932,0.388
harvard_6,harvard,6,Cal State Fullerton MW,Liberty LT,Aff,21.275,21.738,0.464,16.334,15.345,-0.989
harvard_6,harvard,6,Dartmouth BC,Kansas LS,Aff,38.584,38.843,0.259,35.213,34.839,-0.374
harvard_6,harvard,6,Liberty CS,James Madison MO,Aff,25.453,26.301,0.848,24.079,23.357,-0.721
harvard_6,harvard,6,UC Berkeley MR,Kansas WW,Aff,30.542,31.844,1.302,35.066,34.261,-0.806
harvard_6,harvard,6,Northwestern DR,Rochester OR,Aff,33.093,33.188,0.095,22.697,22.188,-0.509
harvard_6,harvard,6,Wake Forest LS,UTD KP,Aff,30.59,31.14,0.549,31.207,30.571,-0.635
harvard_6,harvard,6,Kansas MR,Emory GH,Neg,43.632,43.106,-0.526,41.707,42.182,0.475
harvard_6,harvard,6,Southern California CS,Emory MR,Neg,23.701,23.386,-0.315,31.754,31.916,0.162
harvard_6,harvard,6,Iowa AP,Dartmouth GR,Aff,32.736,32.839,0.103,20.608,20.347,-0.261
harvard_6,harvard,6,Emory GY,Wake Forest EP,Aff,28.138,28.944,0.806,30.386,29.594,-0.792
harvard_6,harvard,6,Wichita State MW,Michigan BP,Neg,23.414,23.378,-0.037,37.657,37.677,0.02
harvard_6,harvard,6,UTD KS,Michigan BD,Aff,27.559,27.982,0.424,24.762,23.543,-1.219
harvard_6,harvard,6,Stanford LL,Dartmouth GK,Aff,22.729,25.599,2.87,27.698,25.333,-2.365
harvard_6,harvard,6,Northwestern AL,Wake Forest BM,Neg,28.863,28.465,-0.398,31.925,32.276,0.352
harvard_6,harvard,6,Emory LY,NYU MS,Neg,38.228,37.388,-0.839,33.495,34.713,1.218
harvard_6,harvard,6,Emory CP,Michigan State GL,Neg,34.638,34.189,-0.449,36.426,36.762,0.336
harvard_6,harvard,6,Binghamton CN,Dartmouth CG,Neg,13.031,12.71,-0.322,24.765,24.855,0.09
harvard_6,harvard,6,Trinity PK,Michigan SaSh,Aff,20.174,22.597,2.423,24.196,21.977,-2.219
harvard_6,harvard,6,Wichita State GM,Northwestern HL,Aff,18.661,19.978,1.317,26.454,23.066,-3.388
harvard_6,harvard,6,Southern California BR,Michigan AO,Aff,24.633,25.689,1.056,25.146,24.524,-0.622
harvard_6,harvard,6,Kansas WH,Northwestern PS,Neg,30.522,29.971,-0.551,31.165,31.703,0.538
harvard_6,harvard,6,Kentucky GS,Navy CR,Neg,29.001,28.353,-0.648,25.987,27.456,1.469
harvard_6,harvard,6,Georgetown CS,Gonzaga DW,Aff,34.358,34.671,0.313,28.626,28.346,-0.28
harvard_6,harvard,6,Georgia IP,Minnesota UW,Aff,31.235,31.433,0.198,22.597,22.006,-0.591
harvard_6,harvard,6,James Madison CP,UC Berkeley US,Neg,25.595,25.134,-0.462,30.268,31.285,1.016
harvard_6,harvard,6,Cornell DL,Georgetown PV,Neg,21.277,19.966,-1.311,23.452,24.279,0.827
harvard_6,harvard,6,Dartmouth BJ,Houston KS,Neg,19.287,18.64,-0.647,19.361,19.981,0.62
harvard_6,harvard,6,Emory KP,James Madison BR,Aff,30.319,30.571,0.253,25.514,24.994,-0.52
harvard_6,harvard,6,Navy LS,Houston TY,Neg,17.547,15.948,-1.599,20.875,21.399,0.524
harvard_7,harvard,7,Emory GH,NYU MS,Aff,42.182,42.288,0.106,34.713,34.505,-0.208
harvard_7,harvard,7,UC Berkeley MR,Kansas MR,Neg,31.844,31.752,-0.092,43.106,43.154,0.048
harvard_7,harvard,7,Kansas WW,Kentucky AM,Neg,34.261,33.912,-0.349,36.799,37.156,0.356
harvard_7,harvard,7,Michigan State GL,Dartmouth BC,Aff,36.762,37.286,0.524,38.843,38.329,-0.514
harvard_7,harvard,7,Georgetown CS,Michigan State MM,Aff,34.671,35.379,0.708,34.932,34.401,-0.53
harvard_7,harvard,7,Stanford LL,CSU Long Beach OM,Neg,25.599,25.12,-0.478,34.374,34.473,0.099
harvard_7,harvard,7,Kansas LS,Southern California BR,Aff,34.839,34.96,0.121,25.689,25.487,-0.202
harvard_7,harvard,7,UC Berkeley US,Michigan SS,Neg,31.285,29.72,-1.565,31.505,32.008,0.503
harvard_7,harvard,7,Emory CP,Iowa AP,Aff,34.189,34.626,0.437,32.839,32.193,-0.646
harvard_7,harvard,7,UTD HR,Emory LY,Neg,28.122,28.011,-0.111,37.388,37.488,0.099
harvard_7,harvard,7,Emory MR,Texas AF,Neg,31.916,31.297,-0.619,31.104,31.698,0.594
harvard_7,harvard,7,Emory GY,Michigan BP,Aff,28.944,30.284,1.34,37.677,36.79,-0.887
harvard_7,harvard,7,Wake Forest BM,Northwestern PS,Neg,32.276,31.734,-0.543,31.703,32.292,0.589
harvard_7,harvard,7,Georgia IP,Northwestern DR,Neg,31.433,30.859,-0.574,33.188,33.573,0.385
harvard_7,harvard,7,Wake Forest LS,UTD KS,Aff,31.14,31.453,0.313,27.982,27.572,-0.41
harvard_7,harvard,7,Trinity PK,Michigan AO,Neg,22.597,21.341,-1.255,24.524,24.94,0.415
harvard_7,harvard,7,Binghamton TC,Wichita State GM,Aff,32.943,32.98,0.037,19.978,19.923,-0.055
harvard_7,harvard,7,Southern California MT,Wake Forest BW,Neg,27.451,26.509,-0.942,30.018,30.552,0.534
harvard_7,harvard,7,Liberty CS,Kentucky RS,Neg,26.301,25.45,-0.851,26.901,27.586,0.686
harvard_7,harvard,7,Navy CR,Emory KP,Neg,27.456,26.831,-0.625,30.571,30.887,0.315
harvard_7,harvard,7,Michigan ES (Esmailzadeh/Sharma),Samford PR,Aff,28.429,28.965,0.536,28.84,27.49,-1.35
harvard_7,harvard,7,Southern California CS,UTD KP,Neg,23.386,23.037,-0.349,30.571,30.752,0.18
harvard_7,harvard,7,Harvard GY,Wichita State MW,Aff,34.679,34.741,0.062,23.378,23.288,-0.09
harvard_7,harvard,7,George Mason WR,Gonzaga DW,Aff,29.695,30.216,0.521,28.346,27.824,-0.522
harvard_7,harvard,7,Northwestern AL,Wake Forest EP,Neg,28.465,27.975,-0.49,29.594,30.094,0.5
harvard_7,harvard,7,James Madison CP,Kansas WH,Neg,25.134,24.696,-0.437,29.971,30.249,0.278
harvard_7,harvard,7,UC Berkeley TB,Georgetown PV,Aff,29.178,29.52,0.342,24.279,23.732,-0.546
harvard_7,harvard,7,Rochester OR,Michigan SaSh,Neg,22.188,20.231,-1.957,21.977,23.308,1.331
harvard_7,harvard,7,James Madison MO,Houston KS,Aff,23.357,23.878,0.52,19.981,19.613,-0.368
harvard_7,harvard,7,Houston TY,Georgetown GZ,Neg,21.399,20.795,-0.604,23.509,24.625,1.116
harvard_7,harvard,7,Dartmouth GK,Kansas AB,Aff,25.333,26.661,1.328,24.405,23.747,-0.659
harvard_7,harvard,7,Dartmouth GR,Michigan BD,Aff,20.347,22.452,2.105,23.543,21.752,-1.791
harvard_7,harvard,7,James Madison BR,George Mason DF,Aff,24.994,25.815,0.821,24.043,23.531,-0.511
harvard_7,harvard,7,Iowa BW,Minnesota UW,Aff,24.726,25.129,0.403,22.006,20.716,-1.29
harvard_7,harvard,7,Binghamton TK,Cal State Fullerton MW,Neg,23.378,21.392,-1.986,21.738,22.675,0.937
harvard_7,harvard,7,Dartmouth CG,Kentucky GS,Neg,24.855,24.471,-0.384,28.353,28.642,0.289
harvard_7,harvard,7,Dartmouth BJ,Arizona State SS,Aff,18.64,19.058,0.417,16.034,15.191,-0.843
harvard_7,harvard,7,Cornell DL,Liberty LT,Neg,19.966,17.886,-2.081,15.345,17.603,2.258
harvard_7,harvard,7,Navy LS,Binghamton CN,Neg,15.948,13.58,-2.368,12.71,14.895,2.185
harvard_7,harvard,7,Indiana FM,Wake Forest CS,Neg,7.619,7.576,-0.043,24.874,24.89,0.015
harvard_8,harvard,8,Kentucky GS,Liberty CS,Aff,28.642,28.929,0.287,25.45,24.891,-0.559
harvard_8,harvard,8,Arizona State SS,Cornell DL,Aff,15.191,16.47,1.28,17.886,16.264,-1.621
harvard_8,harvard,8,Binghamton CN,Emory GH,Neg,14.895,14.894,-0.001,42.288,42.288,0.0
harvard_8,harvard,8,Texas AF,Michigan ES (Esmailzadeh/Sharma),Neg,31.698,31.01,-0.688,28.965,29.675,0.709
harvard_8,harvard,8,Kansas WH,UTD HR,Neg,30.249,29.559,-0.691,28.011,28.696,0.685
harvard_8,harvard,8,UTD KP,Iowa BW,Aff,30.752,30.982,0.231,25.129,24.87,-0.259
harvard_8,harvard,8,UTD KS,Stanford LL,Aff,27.572,27.971,0.399,25.12,23.946,-1.175
harvard_8,harvard,8,Wake Forest CS,Dartmouth CG,Aff,24.89,25.422,0.532,24.471,23.919,-0.552
harvard_8,harvard,8,Kansas MR,Georgetown CS,Aff,43.154,43.262,0.108,35.379,35.198,-0.181
harvard_8,harvard,8,NYU MS,Emory GY,Aff,34.505,34.867,0.362,30.284,29.991,-0.293
harvard_8,harvard,8,CSU Long Beach OM,George Mason WR,Aff,34.473,34.688,0.215,30.216,29.894,-0.322
harvard_8,harvard,8,Dartmouth BC,Harvard GY,Aff,38.329,38.558,0.229,34.741,34.44,-0.301
harvard_8,harvard,8,Michigan State MM,Wake Forest LS,Neg,34.401,33.714,-0.687,31.453,32.096,0.644
harvard_8,harvard,8,Emory LY,UC Berkeley MR,Aff,37.488,37.692,0.204,31.752,31.442,-0.31
harvard_8,harvard,8,Michigan SS,Emory CP,Aff,32.008,32.738,0.73,34.626,33.957,-0.669
harvard_8,harvard,8,Northwestern DR,Kansas WW,Aff,33.573,34.062,0.489,33.912,33.424,-0.488
harvard_8,harvard,8,Kentucky AM,Michigan State GL,Aff,37.156,37.645,0.489,37.286,36.892,-0.394
harvard_8,harvard,8,Michigan BP,Dartmouth GR,Aff,36.79,36.813,0.023,22.452,22.354,-0.098
harvard_8,harvard,8,Wake Forest BW,Trinity PK,Aff,30.552,30.721,0.169,21.341,21.006,-0.336
harvard_8,harvard,8,Michigan AO,Southern California MT,Aff,24.94,25.55,0.61,26.509,25.132,-1.377
harvard_8,harvard,8,Iowa AP,UC Berkeley US,Neg,32.193,31.357,-0.836,29.72,31.45,1.73
harvard_8,harvard,8,Southern California BR,Georgia IP,Aff,25.487,26.926,1.439,30.859,29.772,-1.087
harvard_8,harvard,8,Kentucky RS,Wake Forest BM,Aff,27.586,28.682,1.096,31.734,31.01,-0.724
harvard_8,harvard,8,Emory KP,Binghamton TC,Neg,30.887,30.527,-0.359,32.98,33.346,0.366
harvard_8,harvard,8,Wake Forest EP,Emory MR,Aff,30.094,30.718,0.624,31.297,30.693,-0.604
harvard_8,harvard,8,Gonzaga DW,Dartmouth GK,Neg,27.824,27.211,-0.613,26.661,28.132,1.471
harvard_8,harvard,8,Wichita State MW,Navy CR,Aff,23.288,24.258,0.97,26.831,25.616,-1.216
harvard_8,harvard,8,Georgetown GZ,James Madison BR,Neg,24.625,23.534,-1.091,25.815,26.498,0.684
harvard_8,harvard,8,Samford PR,James Madison MO,Aff,27.49,28.187,0.698,23.878,23.423,-0.454
harvard_8,harvard,8,Michigan SaSh,Northwestern AL,Neg,23.308,22.593,-0.715,27.975,28.243,0.268
harvard_8,harvard,8,Cal State Fullerton MW,Southern California CS,Neg,22.675,21.921,-0.755,23.037,23.929,0.892
harvard_8,harvard,8,Wichita State GM,UC Berkeley TB,Neg,19.923,19.786,-0.137,29.52,29.65,0.13
harvard_8,harvard,8,Houston KS,James Madison CP,Neg,19.613,19.346,-0.267,24.696,25.087,0.391
harvard_8,harvard,8,Michigan BD,Indiana FM,Aff,21.752,21.863,0.111,7.576,7.45,-0.126
harvard_8,harvard,8,Northwestern PS,Kansas LS,Neg,32.292,31.932,-0.36,34.96,35.341,0.381
harvard_8,harvard,8,Minnesota UW,Houston TY,Neg,20.716,19.231,-1.484,20.795,21.501,0.706
harvard_8,harvard,8,George Mason DF,Dartmouth BJ,Aff,23.531,23.828,0.297,19.058,18.75,-0.308
harvard_8,harvard,8,Kansas AB,Rochester OR,Aff,23.747,24.186,0.439,20.231,19.107,-1.124
harvard_8,harvard,8,Georgetown PV,Binghamton TK,Neg,23.732,22.592,-1.14,21.392,23.154,1.762
harvard_8,harvard,8,Liberty LT,Navy LS,Neg,17.603,15.805,-1.798,13.58,15.804,2.224
harvard_octas,harvard,octas,Michigan BP,Emory GH,Neg,36.813,36.65,-0.162,42.288,42.441,0.153
harvard_octas,harvard,octas,Kansas MR,Northwestern PS,Aff,43.262,43.304,0.043,31.932,31.876,-0.056
harvard_octas,harvard,octas,Kentucky AM,Binghamton TC,Aff,37.645,37.888,0.243,33.346,33.099,-0.248
harvard_octas,harvard,octas,NYU MS,Michigan SS,Neg,34.867,34.083,-0.784,32.738,33.375,0.637
harvard_octas,harvard,octas,Wake Forest LS,CSU Long Beach OM,Neg,32.096,31.786,-0.31,34.688,34.96,0.272
harvard_octas,harvard,octas,Kansas LS,Emory LY,Neg,35.341,34.962,-0.379,37.692,38.034,0.343
harvard_octas,harvard,octas,Dartmouth BC,Michigan State GL,Aff,38.558,38.856,0.298,36.892,36.592,-0.3
harvard_octas,harvard,octas,Georgetown CS,Northwestern DR,Neg,35.198,34.494,-0.703,34.062,34.562,0.5
harvard_quarters,harvard,quarters,Emory GH,Northwestern DR,Neg,42.441,41.698,-0.744,34.562,35.478,0.916
harvard_quarters,harvard,quarters,Kansas MR,Dartmouth BC,Neg,43.304,42.685,-0.619,38.856,39.434,0.577
harvard_quarters,harvard,quarters,Kentucky AM,Emory LY,Aff,37.888,38.33,0.443,38.034,37.576,-0.459
harvard_quarters,harvard,quarters,Michigan SS,CSU Long Beach OM,Aff,33.375,33.957,0.581,34.96,34.513,-0.447
harvard_semis,harvard,semis,Northwestern DR,Michigan SS,Aff,35.478,35.802,0.324,33.957,33.585,-0.371
harvard_semis,harvard,semis,Kentucky AM,Dartmouth BC,Neg,38.33,37.968,-0.362,39.434,39.727,0.293
harvard_semis_2,harvard,semis_2,Kentucky AM,Michigan SS,Neg,37.968,37.336,-0.632,33.585,34.276,0.69
harvard_finals,harvard,finals,Dartmouth BC,Northwestern DR,Aff,39.727,39.912,0.185,35.802,35.585,-0.217
wake_1,wake,1,Kansas MR,George Mason DF,Aff,42.685,42.688,0.003,23.828,23.824,-0.004
wake_1,wake,1,Purdue FH,Southern California BR,Neg,25.0,20.477,-4.523,26.926,27.348,0.422
wake_1,wake,1,Kansas BW,Emory GH,Neg,25.545,25.525,-0.02,41.698,41.706,0.008
wake_1,wake,1,Houston DF,Oklahoma AT,Aff,24.641,25.223,0.582,25.0,19.613,-5.387
wake_1,wake,1,Dartmouth BC,Harvard DS,Aff,39.912,39.929,0.017,24.925,24.825,-0.101
wake_1,wake,1,Trinity MB,Michigan BS (Baba/Simha),Neg,25.0,20.795,-4.205,25.0,29.205,4.205
wake_1,wake,1,Emory PO,Northwestern DR,Neg,24.942,24.813,-0.129,35.585,35.638,0.053
wake_1,wake,1,Southern California CS,Oklahoma HD,Aff,23.929,24.473,0.544,20.865,19.691,-1.174
wake_1,wake,1,Kentucky AM,Wake Forest BH,Aff,37.336,37.37,0.034,24.481,24.332,-0.149
wake_1,wake,1,Kansas HM,Michigan SG,Neg,25.0,20.264,-4.736,26.06,26.911,0.851
wake_1,wake,1,Wake Forest SS,Binghamton TC,Neg,25.0,22.484,-2.516,33.099,33.229,0.13
wake_1,wake,1,Harvard AB,Kansas State AD,Aff,25.491,26.416,0.925,25.0,20.065,-4.935
wake_1,wake,1,Emory LY,Texas KN,Aff,37.576,37.635,0.059,26.306,26.079,-0.227
wake_1,wake,1,UTD UD,Iowa BW,Neg,25.0,19.637,-5.363,24.87,25.234,0.364
wake_1,wake,1,Navy CR,Michigan BP,Neg,25.616,25.513,-0.103,36.65,36.697,0.047
wake_1,wake,1,James Madison BR,UT San Antonio BW,Aff,26.498,26.943,0.444,25.0,20.318,-4.682
wake_1,wake,1,Georgetown CS,Dartmouth GR,Aff,34.494,34.56,0.066,22.354,22.176,-0.177
wake_1,wake,1,Harvard FK,Southern California BrRe,Neg,14.535,14.087,-0.448,24.067,24.27,0.204
wake_1,wake,1,Kansas AB,Minnesota HH,Neg,24.186,23.919,-0.267,30.741,31.469,0.729
wake_1,wake,1,James Madison CP,Navy LS,Aff,25.087,25.26,0.173,15.804,15.462,-0.341
wake_1,wake,1,Kansas LS,George Mason RR,Aff,34.962,34.992,0.03,20.052,19.928,-0.124
wake_1,wake,1,Michigan HL,Gonzaga DW,Neg,25.0,20.551,-4.449,27.211,27.503,0.291
wake_1,wake,1,Wichita State MW,Northwestern PS,Neg,24.258,24.068,-0.189,31.876,32.017,0.141
wake_1,wake,1,Michigan SS,Southern California ZM,Aff,34.276,34.292,0.016,18.517,18.456,-0.061
wake_1,wake,1,Oklahoma SW,Emory ST,Neg,25.0,21.211,-3.789,28.933,29.36,0.427
wake_1,wake,1,Stanford LL,CSU Long Beach OM,Neg,23.946,23.703,-0.243,34.513,34.569,0.057
wake_1,wake,1,Liberty FT,Binghamton CN,Neg,25.0,15.637,-9.363,14.894,16.833,1.939
wake_1,wake,1,Wake Forest LS,Samford GP,Aff,31.786,31.807,0.021,16.003,15.885,-0.118
wake_1,wake,1,Kansas LD,Northwestern AL,Neg,18.062,17.786,-0.276,28.243,28.336,0.093
wake_1,wake,1,Emory CL,Wake Forest BM,Neg,25.0,21.86,-3.14,31.01,31.176,0.166
wake_1,wake,1,Michigan AO,Cornell DL,Aff,25.55,25.661,0.111,16.264,16.007,-0.257
wake_1,wake,1,Emory CP,Western Kentucky FC,Aff,33.957,34.02,0.063,22.895,22.774,-0.122
wake_1,wake,1,Kansas State SR,UTD HR,Neg,25.0,21.087,-3.913,28.696,28.928,0.231
wake_1,wake,1,Baylor CK,Emory GY,Neg,25.0,21.532,-3.468,29.991,30.201,0.21
wake_1,wake,1,Kansas BS,Liberty CL,Neg,23.419,22.899,-0.52,25.0,29.629,4.629
wake_1,wake,1,Emory MR,Binghamton TK,Aff,30.693,30.844,0.151,23.154,22.743,-0.41
wake_1,wake,1,Missouri State BK (Burns/Kimmerle),UTD KS,Neg,25.0,20.833,-4.167,27.971,28.25,0.279
wake_1,wake,1,Emory TW,NYU MS,Neg,25.0,22.75,-2.25,34.083,34.236,0.153
wake_1,wake,1,UC Berkeley MR,Rochester OR,Aff,31.442,31.521,0.08,19.107,18.915,-0.192
wake_1,wake,1,Kansas WW,Wichita State GM,Aff,33.424,33.45,0.027,19.786,19.744,-0.042
wake_1,wake,1,Macalester HD,Emory KP,Neg,25.0,21.705,-3.295,30.527,30.702,0.175
wake_1,wake,1,Western Kentucky SS,George Mason WR,Neg,19.43,19.277,-0.153,29.894,29.983,0.089
wake_1,wake,1,Dartmouth CG,CSU Long Beach EG,Aff,23.919,24.294,0.375,25.0,19.237,-5.763
wake_1,wake,1,UC Berkeley TB,Trinity PK,Aff,29.65,29.813,0.163,21.006,20.659,-0.346
wake_1,wake,1,Cornell BD,Kentucky RS,Neg,25.0,21.097,-3.903,28.682,28.983,0.301
wake_1,wake,1,Northwestern AZ,Houston AK,Neg,20.946,20.492,-0.454,30.012,30.2,0.188
wake_1,wake,1,Georgia IP,Western Kentucky CS,Aff,29.772,29.804,0.032,15.178,15.126,-0.052
wake_1,wake,1,UTD KP,Cal State Fullerton AM,Aff,30.982,31.069,0.087,20.491,20.235,-0.256
wake_1,wake,1,Wyoming/Towson CC,Baylor LD,Neg,25.0,20.795,-4.205,25.0,29.205,4.205
wake_1,wake,1,Emory FW,Iowa AP,Neg,20.258,20.119,-0.139,31.357,31.45,0.093
wake_1,wake,1,Kansas SH,Wake Forest DS,Aff,25.0,28.272,3.272,19.603,18.996,-0.608
wake_1,wake,1,Kentucky GS,James Madison MO,Aff,28.929,29.119,0.19,23.423,23.102,-0.321
wake_1,wake,1,Northwestern HL,Macalester PK,Neg,23.066,22.25,-0.816,25.0,29.415,4.415
wake_1,wake,1,Michigan State AB,Wake Forest BW,Neg,25.0,21.782,-3.218,30.721,30.997,0.276
wake_1,wake,1,West Georgia FK,Kansas MF,Aff,25.037,26.158,1.12,25.0,19.946,-5.054
wake_1,wake,1,Michigan ES (Esmailzadeh/Shetty),Michigan State JS,Aff,25.0,29.816,4.816,23.888,23.383,-0.505
wake_1,wake,1,Southern Nazarene YH,Wake Forest EP,Aff,11.453,16.493,5.04,30.718,28.953,-1.765
wake_1,wake,1,Michigan State AG,West Georgia DK,Neg,18.631,18.304,-0.327,29.148,29.299,0.151
wake_1,wake,1,Texas AF,Missouri State CR,Aff,31.01,31.186,0.177,25.0,21.861,-3.139
wake_1,wake,1,Michigan State MM,Baylor LB,Aff,33.714,33.842,0.128,25.0,22.653,-2.347
wake_1,wake,1,North Texas JW (Jones/Wofford),Kansas WH,Neg,20.068,19.747,-0.321,29.559,29.664,0.106
wake_1,wake,1,Georgetown PV,Michigan State GL,Neg,22.592,22.539,-0.053,36.592,36.612,0.02
wake_2,wake,2,Liberty CL,Baylor CK,Aff,29.629,31.189,1.56,21.532,19.87,-1.662
wake_2,wake,2,Trinity PK,Cornell BD,Aff,20.659,21.584,0.924,21.097,17.172,-3.924
wake_2,wake,2,Michigan BS (Baba/Simha),Dartmouth BC,Neg,29.205,27.89,-1.316,39.929,39.993,0.064
wake_2,wake,2,George Mason WR,Dartmouth CG,Neg,29.983,29.02,-0.964,24.294,25.237,0.943
wake_2,wake,2,Cornell DL,Emory CL,Neg,16.007,15.564,-0.443,21.86,24.108,2.249
wake_2,wake,2,UTD HR,Emory CP,Neg,28.928,28.696,-0.232,34.02,34.239,0.219
wake_2,wake,2,Wake Forest DS,Emory FW,Neg,18.996,17.838,-1.157,20.119,20.869,0.75
wake_2,wake,2,Iowa BW,Emory LY,Neg,25.234,25.186,-0.048,37.635,37.67,0.036
wake_2,wake,2,UTD KS,Emory MR,Aff,28.25,28.987,0.737,30.844,30.204,-0.64
wake_2,wake,2,Oklahoma HD,Emory PO,Neg,19.691,18.928,-0.763,24.813,25.204,0.392
wake_2,wake,2,Rochester OR,Emory TW,Neg,18.915,18.164,-0.751,22.75,25.689,2.939
wake_2,wake,2,Southern California BrRe,Georgetown CS,Neg,24.27,24.124,-0.146,34.56,34.653,0.093
wake_2,wake,2,Houston AK,Georgia IP,Aff,30.2,30.903,0.702,29.804,29.241,-0.563
wake_2,wake,2,Binghamton TC,Harvard AB,Aff,33.229,33.38,0.151,26.416,25.899,-0.517
wake_2,wake,2,Dartmouth GR,Harvard FK,Aff,22.176,22.602,0.425,14.087,13.55,-0.537
wake_2,wake,2,Emory GH,Houston DF,Aff,41.706,41.713,0.007,25.223,25.203,-0.02
wake_2,wake,2,Binghamton CN,Georgetown PV,Neg,16.833,16.165,-0.668,22.539,22.924,0.385
wake_2,wake,2,Michigan BP,James Madison BR,Aff,36.697,36.761,0.064,26.943,26.803,-0.14
wake_2,wake,2,Minnesota HH,James Madison CP,Aff,31.469,32.15,0.68,25.26,24.968,-0.292
wake_2,wake,2,Navy LS,Kansas AB,Neg,15.462,15.092,-0.371,23.919,24.099,0.18
wake_2,wake,2,Emory GY,Kansas BS,Aff,30.201,30.36,0.159,22.899,22.612,-0.287
wake_2,wake,2,Oklahoma AT,Kansas BW,Neg,19.613,17.621,-1.992,25.525,25.835,0.31
wake_2,wake,2,Wake Forest BH,Kansas HM,Neg,24.332,22.902,-1.43,20.264,25.274,5.01
wake_2,wake,2,Samford GP,Kansas LD,Aff,15.885,18.086,2.202,17.786,16.393,-1.392
wake_2,wake,2,Gonzaga DW,Kansas LS,Neg,27.503,27.341,-0.161,34.992,35.137,0.145
wake_2,wake,2,Southern California BR,Kansas MR,Neg,27.348,27.322,-0.026,42.688,42.7,0.012
wake_2,wake,2,Iowa AP,Kansas SH,Aff,31.45,31.789,0.339,28.272,25.212,-3.06
wake_2,wake,2,Western Kentucky FC,Kansas State SR,Aff,22.774,23.303,0.53,21.087,17.781,-3.305
wake_2,wake,2,Emory KP,Kansas WW,Aff,30.702,31.31,0.608,33.45,32.85,-0.601
wake_2,wake,2,Michigan SG,Kentucky AM,Neg,26.911,26.676,-0.235,37.37,37.43,0.06
wake_2,wake,2,Macalester PK,Kentucky GS,Aff,29.415,33.244,3.829,29.119,28.826,-0.293
wake_2,wake,2,CSU Long Beach OM,Liberty FT,Aff,34.569,34.581,0.012,15.637,15.479,-0.159
wake_2,wake,2,Wichita State GM,Macalester HD,Neg,19.744,19.345,-0.4,21.705,25.064,3.36
wake_2,wake,2,Wake Forest BM,Michigan AO,Aff,31.176,31.369,0.193,25.661,25.438,-0.223
wake_2,wake,2,Wake Forest EP,Michigan ES (Esmailzadeh/Shetty),Neg,28.953,28.636,-0.317,29.816,33.325,3.509
wake_2,wake,2,George Mason RR,Michigan HL,Neg,19.928,18.667,-1.261,20.551,23.935,3.384
wake_2,wake,2,Emory ST,Michigan SS,Neg,29.36,28.915,-0.444,34.292,34.483,0.192
wake_2,wake,2,Kansas MF,Michigan State AB,Neg,19.946,17.227,-2.719,21.782,24.73,2.948
wake_2,wake,2,Missouri State CR,Michigan State AG,Neg,21.861,16.817,-5.044,18.304,19.795,1.491
wake_2,wake,2,Kansas WH,Michigan State MM,Neg,29.664,29.391,-0.273,33.842,34.094,0.252
wake_2,wake,2,Binghamton TK,Missouri State BK (Burns/Kimmerle),Aff,22.743,23.469,0.725,20.833,17.679,-3.155
wake_2,wake,2,UT San Antonio BW,Navy CR,Neg,20.318,18.081,-2.237,25.513,25.841,0.328
wake_2,wake,2,Baylor LB,North Texas JW (Jones/Wofford),Neg,22.653,17.531,-5.122,19.747,20.929,1.182
wake_2,wake,2,Western Kentucky CS,Northwestern AZ,Neg,15.126,14.69,-0.435,20.492,21.264,0.771
wake_2,wake,2,James Madison MO,Northwestern HL,Aff,23.102,23.669,0.567,22.25,21.049,-1.201
wake_2,wake,2,Southern California ZM,Oklahoma SW,Neg,18.456,17.657,-0.799,21.211,24.186,2.975
wake_2,wake,2,George Mason DF,Purdue FH,Aff,23.824,24.106,0.282,20.477,17.704,-2.773
wake_2,wake,2,Northwestern DR,Southern California CS,Aff,35.638,35.683,0.045,24.473,24.367,-0.107
wake_2,wake,2,Michigan State JS,Southern Nazarene YH,Aff,23.383,23.678,0.295,16.493,16.098,-0.395
wake_2,wake,2,Michigan State GL,Stanford LL,Neg,36.612,35.7,-0.912,23.703,27.397,3.695
wake_2,wake,2,West Georgia DK,Texas AF,Aff,29.299,30.285,0.987,31.186,30.624,-0.562
wake_2,wake,2,Harvard DS,Trinity MB,Aff,24.825,25.65,0.826,20.795,17.905,-2.889
wake_2,wake,2,Kentucky RS,UC Berkeley TB,Neg,28.983,28.423,-0.56,29.813,30.371,0.558
wake_2,wake,2,NYU MS,UC Berkeley MR,Aff,34.236,34.624,0.388,31.521,31.054,-0.467
wake_2,wake,2,Texas KN,UTD UD,Neg,26.079,24.377,-1.702,19.637,25.235,5.599
wake_2,wake,2,Baylor LD,UTD KP,Aff,29.205,34.244,5.038,31.069,30.665,-0.404
wake_2,wake,2,Northwestern AL,Wake Forest LS,Neg,28.336,28.022,-0.314,31.807,32.064,0.256
wake_2,wake,2,Kansas State AD,Wake Forest SS,Neg,20.065,17.494,-2.571,22.484,25.427,2.944
wake_2,wake,2,Wake Forest BW,West Georgia FK,Aff,30.997,31.337,0.34,26.158,25.329,-0.828
wake_2,wake,2,CSU Long Beach EG,Western Kentucky SS,Aff,19.237,22.783,3.546,19.277,18.609,-0.668
wake_2,wake,2,Kansas State SS,Wichita State MW,Neg,25.0,19.317,-5.683,24.068,24.487,0.419
wake_2,wake,2,Cal State Fullerton AM,Wyoming/Towson CC,Neg,20.235,19.33,-0.905,20.795,24.776,3.981
wake_3,wake,3,West Georgia DK,Wake Forest LS,Aff,30.285,31.176,0.891,32.064,31.584,-0.479
wake_3,wake,3,UC Berkeley TB,Northwestern DR,Neg,30.371,30.103,-0.268,35.683,35.843,0.16
wake_3,wake,3,Kansas WW,Iowa BW,Aff,32.85,32.967,0.117,25.186,25.028,-0.158
wake_3,wake,3,Liberty CL,Michigan BP,Neg,31.189,29.331,-1.858,36.761,36.906,0.145
wake_3,wake,3,CSU Long Beach EG,Kansas State SS,Neg,22.783,19.975,-2.808,19.317,23.419,4.102
wake_3,wake,3,Emory GY,Kansas MR,Neg,30.36,30.319,-0.041,42.7,42.73,0.03
wake_3,wake,3,Baylor LD,CSU Long Beach OM,Neg,34.244,31.298,-2.946,34.581,34.844,0.262
wake_3,wake,3,Cornell DL,Kansas State AD,Neg,15.564,14.898,-0.667,17.494,20.115,2.621
wake_3,wake,3,Kansas MF,Baylor LB,Neg,17.227,14.549,-2.678,17.531,20.027,2.497
wake_3,wake,3,Dartmouth BC,Kentucky AM,Aff,39.993,40.215,0.222,37.43,37.17,-0.261
wake_3,wake,3,Emory LY,Wake Forest BM,Aff,37.67,37.826,0.156,31.369,31.208,-0.161
wake_3,wake,3,Michigan State MM,Emory CP,Aff,34.094,34.543,0.449,34.239,33.78,-0.459
wake_3,wake,3,Michigan SS,Wake Forest BW,Aff,34.483,34.733,0.25,31.337,30.901,-0.436
wake_3,wake,3,Macalester PK,UTD KS,Aff,33.244,35.04,1.796,28.987,28.732,-0.256
wake_3,wake,3,Georgetown CS,NYU MS,Aff,34.653,35.199,0.545,34.624,34.095,-0.529
wake_3,wake,3,Iowa AP,Emory KP,Neg,31.789,31.125,-0.664,31.31,31.747,0.437
wake_3,wake,3,Minnesota HH,Houston AK,Neg,32.15,30.555,-1.595,30.903,31.617,0.715
wake_3,wake,3,Emory ST,UTD UD,Aff,28.915,29.369,0.454,25.235,23.505,-1.73
wake_3,wake,3,Southern Nazarene YH,Kentucky GS,Neg,16.098,16.005,-0.093,28.826,28.861,0.036
wake_3,wake,3,Kansas WH,Michigan HL,Aff,29.391,29.592,0.201,23.935,22.327,-1.608
wake_3,wake,3,Binghamton CN,James Madison BR,Neg,16.165,15.93,-0.236,26.803,26.927,0.124
wake_3,wake,3,Binghamton TK,Harvard AB,Neg,23.469,22.7,-0.768,25.899,26.791,0.892
wake_3,wake,3,Southern California BR,Kansas HM,Aff,27.322,27.805,0.483,25.274,23.039,-2.235
wake_3,wake,3,Houston DF,George Mason WR,Neg,25.203,24.7,-0.503,29.02,29.311,0.291
wake_3,wake,3,Georgia IP,Kansas AB,Aff,29.241,29.508,0.267,24.099,23.786,-0.313
wake_3,wake,3,Southern California CS,Stanford LL,Neg,24.367,23.851,-0.516,27.397,28.107,0.71
wake_3,wake,3,George Mason DF,Michigan State AG,Aff,24.106,24.381,0.275,19.795,18.99,-0.805
wake_3,wake,3,Emory FW,Navy CR,Neg,20.869,20.449,-0.421,25.841,26.196,0.356
wake_3,wake,3,Kentucky RS,Northwestern AZ,Aff,28.423,28.619,0.196,21.264,20.753,-0.511
wake_3,wake,3,Emory PO,Wake Forest SS,Neg,25.204,24.628,-0.576,25.427,28.802,3.375
wake_3,wake,3,Wyoming/Towson CC,Michigan State JS,Neg,24.776,21.272,-3.504,23.678,24.347,0.669
wake_3,wake,3,West Georgia FK,Western Kentucky FC,Neg,25.329,23.67,-1.66,23.303,24.217,0.914
wake_3,wake,3,Michigan AO,Michigan State AB,Aff,25.438,25.782,0.344,24.73,21.57,-3.16
wake_3,wake,3,Trinity PK,Michigan SG,Aff,21.584,23.267,1.684,26.676,24.784,-1.891
wake_3,wake,3,Binghamton TC,Kansas LS,Aff,33.38,33.902,0.522,35.137,34.552,-0.585
wake_3,wake,3,Michigan BS (Baba/Simha),Georgetown PV,Aff,27.89,30.12,2.23,22.924,22.548,-0.376
wake_3,wake,3,Emory TW,James Madison CP,Neg,25.689,22.124,-3.566,24.968,25.536,0.568
wake_3,wake,3,UTD HR,Dartmouth GR,Aff,28.696,28.882,0.187,22.602,22.06,-0.542
wake_3,wake,3,Gonzaga DW,Harvard DS,Neg,27.341,26.777,-0.564,25.65,27.439,1.789
wake_3,wake,3,North Texas JW (Jones/Wofford),James Madison MO,Aff,20.929,22.524,1.595,23.669,22.883,-0.787
wake_3,wake,3,Macalester HD,Michigan State GL,Neg,25.064,24.308,-0.756,35.7,35.764,0.064
wake_3,wake,3,Northwestern AL,Wichita State MW,Aff,28.022,28.316,0.294,24.487,24.118,-0.369
wake_3,wake,3,Texas AF,Emory MR,Neg,30.624,30.155,-0.469,30.204,30.683,0.479
wake_3,wake,3,UTD KP,UC Berkeley MR,Aff,30.665,31.173,0.508,31.054,30.394,-0.66
wake_3,wake,3,Southern California BrRe,Samford GP,Aff,24.124,24.467,0.343,18.086,17.356,-0.73
wake_3,wake,3,Kansas SH,Oklahoma SW,Aff,25.212,27.663,2.451,24.186,21.781,-2.405
wake_3,wake,3,Emory CL,Kansas BW,Aff,24.108,27.88,3.771,25.835,25.172,-0.663
wake_3,wake,3,Kansas BS,Oklahoma AT,Aff,22.612,22.997,0.386,17.621,15.888,-1.733
wake_3,wake,3,Baylor CK,Rochester OR,Aff,19.87,22.725,2.855,18.164,17.263,-0.901
wake_3,wake,3,Missouri State CR,Western Kentucky SS,Aff,16.817,20.208,3.391,18.609,17.825,-0.784
wake_3,wake,3,UT San Antonio BW,Wichita State GM,Neg,18.081,15.409,-2.672,19.345,19.791,0.446
wake_3,wake,3,Navy LS,Southern California ZM,Neg,15.092,14.235,-0.857,17.657,18.555,0.897
wake_3,wake,3,Northwestern HL,Wake Forest DS,Aff,21.049,21.805,0.756,17.838,17.067,-0.772
wake_3,wake,3,Harvard FK,Missouri State BK (Burns/Kimmerle),Neg,13.55,12.729,-0.822,17.679,19.529,1.85
wake_3,wake,3,Kansas State SR,Texas KN,Neg,17.781,16.405,-1.376,24.377,24.871,0.495
wake_3,wake,3,George Mason RR,Cal State Fullerton AM,Aff,18.667,20.257,1.59,19.33,18.131,-1.199
wake_3,wake,3,Purdue FH,Trinity MB,Aff,17.704,20.175,2.471,17.905,14.914,-2.991
wake_3,wake,3,Dartmouth CG,Michigan ES (Esmailzadeh/Shetty),Neg,25.237,25.092,-0.145,33.325,34.362,1.037
wake_3,wake,3,Kansas LD,Cornell BD,Aff,16.393,17.41,1.017,17.172,14.164,-3.009
wake_3,wake,3,Wake Forest BH,Liberty FT,Neg,22.902,21.167,-1.735,15.479,20.943,5.464
wake_3,wake,3,Western Kentucky CS,Wake Forest EP,Neg,14.69,14.635,-0.055,28.636,28.664,0.027
wake_4,wake,4,Wake Forest LS,Emory CL,Aff,31.584,31.791,0.206,27.88,26.257,-1.622
wake_4,wake,4,Northwestern DR,Dartmouth BC,Neg,35.843,35.658,-0.185,40.215,40.375,0.16
wake_4,wake,4,Northwestern PS,Michigan SS,Aff,32.017,32.665,0.648,34.733,34.222,-0.512
wake_4,wake,4,Iowa BW,Binghamton CN,Aff,25.028,25.148,0.12,15.93,15.627,-0.303
wake_4,wake,4,Michigan State JS,Liberty CL,Neg,24.347,24.001,-0.346,29.331,30.884,1.553
wake_4,wake,4,Kansas AB,Binghamton TK,Aff,23.786,24.311,0.525,22.7,21.836,-0.864
wake_4,wake,4,Michigan HL,Baylor LD,Neg,22.327,21.541,-0.787,31.298,32.025,0.727
wake_4,wake,4,Southern California ZM,Houston DF,Neg,18.555,18.069,-0.485,24.7,25.016,0.316
wake_4,wake,4,Emory KP,Georgetown CS,Aff,31.747,32.327,0.58,35.199,34.439,-0.759
wake_4,wake,4,CSU Long Beach OM,Emory LY,Aff,34.844,35.327,0.483,37.826,37.251,-0.575
wake_4,wake,4,Houston AK,Macalester PK,Neg,31.617,31.252,-0.365,35.04,36.626,1.586
wake_4,wake,4,Michigan ES (Esmailzadeh/Shetty),Binghamton TC,Aff,34.362,36.711,2.349,33.902,33.587,-0.315
wake_4,wake,4,Wake Forest BM,UTD HR,Aff,31.208,31.515,0.307,28.882,28.544,-0.339
wake_4,wake,4,NYU MS,North Texas JW (Jones/Wofford),Aff,34.095,34.157,0.062,22.524,22.387,-0.137
wake_4,wake,4,Kentucky AM,Kansas SH,Aff,37.17,37.249,0.079,27.663,26.915,-0.748
wake_4,wake,4,Wake Forest SS,Kentucky RS,Neg,28.802,26.125,-2.676,28.619,29.088,0.469
wake_4,wake,4,UTD KS,Southern California BrRe,Neg,28.732,27.98,-0.752,24.467,25.692,1.225
wake_4,wake,4,Emory CP,UTD KP,Neg,33.78,33.208,-0.572,31.173,31.8,0.627
wake_4,wake,4,Kentucky GS,Trinity PK,Aff,28.861,29.037,0.175,23.267,22.819,-0.448
wake_4,wake,4,Michigan State GL,Northwestern AL,Neg,35.764,35.068,-0.696,28.316,29.291,0.975
wake_4,wake,4,Stanford LL,Michigan AO,Aff,28.107,28.83,0.723,25.782,25.445,-0.337
wake_4,wake,4,George Mason WR,Michigan BS (Baba/Simha),Aff,29.311,29.718,0.407,30.12,26.897,-3.222
wake_4,wake,4,James Madison BR,Kansas WW,Neg,26.927,26.637,-0.291,32.967,33.127,0.16
wake_4,wake,4,Harvard AB,Minnesota HH,Aff,26.791,28.3,1.509,30.555,28.901,-1.654
wake_4,wake,4,Wake Forest BW,George Mason DF,Aff,30.901,31.13,0.229,24.381,24.198,-0.183
wake_4,wake,4,James Madison CP,Georgia IP,Neg,25.536,25.15,-0.386,29.508,29.817,0.309
wake_4,wake,4,Emory MR,Kansas WH,Neg,30.683,30.193,-0.49,29.592,30.122,0.529
wake_4,wake,4,Western Kentucky FC,Emory GY,Neg,24.217,23.917,-0.3,30.319,30.51,0.191
wake_4,wake,4,Harvard DS,Southern California BR,Neg,27.439,26.245,-1.194,27.805,28.432,0.627
wake_4,wake,4,Navy CR,Emory ST,Aff,26.196,27.131,0.934,29.369,28.296,-1.073
wake_4,wake,4,Liberty FT,Dartmouth CG,Neg,20.943,19.461,-1.482,25.092,25.341,0.25
wake_4,wake,4,Missouri State BK (Burns/Kimmerle),UC Berkeley TB,Neg,19.529,18.957,-0.572,30.103,30.209,0.106
wake_4,wake,4,Michigan SG,Oklahoma HD,Aff,24.784,25.255,0.47,18.928,18.323,-0.605
wake_4,wake,4,Michigan State AG,George Mason RR,Aff,18.99,20.313,1.322,20.257,18.807,-1.45
wake_4,wake,4,Kansas LS,Iowa AP,Neg,34.552,33.91,-0.641,31.125,31.966,0.841
wake_4,wake,4,Oklahoma SW,Missouri State CR,Aff,21.781,23.783,2.002,20.208,18.541,-1.667
wake_4,wake,4,UC Berkeley MR,Emory FW,Aff,30.394,30.499,0.105,20.449,20.303,-0.146
wake_4,wake,4,Samford GP,West Georgia FK,Aff,17.356,19.769,2.413,23.67,21.773,-1.897
wake_4,wake,4,Kansas BW,Baylor CK,Aff,25.172,25.614,0.442,22.725,20.615,-2.11
wake_4,wake,4,Wichita State MW,Gonzaga DW,Neg,24.118,23.72,-0.398,26.777,27.122,0.345
wake_4,wake,4,Georgetown PV,Purdue FH,Aff,22.548,23.064,0.516,20.175,18.266,-1.909
wake_4,wake,4,Kansas MR,Michigan State MM,Aff,42.73,42.817,0.088,34.543,34.439,-0.104
wake_4,wake,4,Texas KN,Kansas LD,Aff,24.871,25.273,0.402,17.41,17.048,-0.362
wake_4,wake,4,Kansas State AD,Southern California CS,Neg,20.115,18.434,-1.68,23.851,24.256,0.406
wake_4,wake,4,James Madison MO,Southern Nazarene YH,Aff,22.883,23.088,0.206,16.005,15.648,-0.357
wake_4,wake,4,Michigan State AB,Northwestern HL,Neg,21.57,19.169,-2.401,21.805,22.675,0.87
wake_4,wake,4,Michigan BP,West Georgia DK,Neg,36.906,36.294,-0.612,31.176,32.368,1.192
wake_4,wake,4,Dartmouth GR,Wyoming/Towson CC,Aff,22.06,22.965,0.905,21.272,19.119,-2.153
wake_4,wake,4,Kansas HM,Emory TW,Aff,23.039,24.815,1.776,22.124,20.062,-2.061
wake_4,wake,4,Northwestern AZ,CSU Long Beach EG,Aff,20.753,21.782,1.029,19.975,17.971,-2.004
wake_4,wake,4,Baylor LB,Emory PO,Neg,20.027,18.517,-1.511,24.628,24.993,0.365
wake_4,wake,4,UTD UD,Texas AF,Neg,23.505,22.57,-0.935,30.155,30.307,0.152
wake_4,wake,4,Wichita State GM,Kansas BS,Neg,19.791,19.396,-0.395,22.997,23.516,0.518
wake_4,wake,4,Wake Forest EP,Macalester HD,Aff,28.664,28.89,0.226,24.308,22.632,-1.677
wake_4,wake,4,Cornell BD,Harvard FK,Aff,14.164,16.025,1.861,12.729,11.683,-1.045
wake_4,wake,4,Western Kentucky SS,Navy LS,Aff,17.825,18.299,0.474,14.235,13.544,-0.691
wake_4,wake,4,Trinity MB,Western Kentucky CS,Neg,14.914,12.117,-2.797,14.635,15.359,0.724
wake_4,wake,4,Cal State Fullerton AM,Cornell DL,Aff,18.131,18.842,0.712,14.898,14.283,-0.615
wake_4,wake,4,Wake Forest DS,UT San Antonio BW,Neg,17.067,15.994,-1.073,15.409,18.071,2.662
wake_4,wake,4,Oklahoma AT,Wake Forest BH,Neg,15.888,14.558,-1.329,21.167,21.705,0.537
wake_4,wake,4,Rochester OR,Kansas State SR,Neg,17.263,16.123,-1.14,16.405,19.013,2.608
wake_5,wake,5,Wake Forest LS,Kentucky RS,Neg,31.791,31.288,-0.503,29.088,29.834,0.746
wake_5,wake,5,Northwestern DR,UTD KP,Aff,35.658,35.853,0.195,31.8,31.546,-0.254
wake_5,wake,5,Kansas MR,Northwestern PS,Aff,42.817,42.871,0.053,32.665,32.597,-0.068
wake_5,wake,5,Emory CP,Iowa BW,Aff,33.208,33.313,0.104,25.148,25.012,-0.137
wake_5,wake,5,Liberty CL,Dartmouth CG,Neg,30.884,27.143,-3.741,25.341,25.981,0.639
wake_5,wake,5,Kansas State SS,Binghamton TC,Neg,23.419,22.679,-0.74,33.587,33.667,0.08
wake_5,wake,5,Michigan ES (Esmailzadeh/Shetty),Dartmouth BC,Neg,36.711,35.441,-1.27,40.375,40.539,0.164
wake_5,wake,5,Baylor LD,Georgia IP,Neg,32.025,29.417,-2.608,29.817,30.365,0.548
wake_5,wake,5,Macalester PK,Emory KP,Aff,36.626,37.797,1.171,32.327,32.135,-0.193
wake_5,wake,5,Southern Nazarene YH,Kansas MF,Aff,15.648,16.329,0.681,14.549,12.216,-2.333
wake_5,wake,5,West Georgia DK,CSU Long Beach OM,Aff,32.368,33.21,0.843,35.327,34.878,-0.449
wake_5,wake,5,Michigan BP,Kansas BW,Aff,36.294,36.339,0.046,25.614,25.518,-0.096
wake_5,wake,5,Georgetown CS,Harvard AB,Aff,34.439,34.627,0.188,28.3,27.893,-0.408
wake_5,wake,5,Northwestern AL,Emory LY,Neg,29.291,29.178,-0.113,37.251,37.351,0.1
wake_5,wake,5,Michigan SS,Southern California BrRe,Aff,34.222,34.306,0.084,25.692,25.519,-0.173
wake_5,wake,5,Navy CR,Wake Forest BM,Neg,27.131,26.789,-0.341,31.515,31.726,0.211
wake_5,wake,5,Wake Forest BW,Kentucky GS,Aff,31.13,31.587,0.457,29.037,28.737,-0.299
wake_5,wake,5,Iowa AP,NYU MS,Aff,31.966,32.649,0.683,34.157,33.525,-0.632
wake_5,wake,5,Southern California BR,Kansas WW,Neg,28.432,28.094,-0.338,33.127,33.324,0.197
wake_5,wake,5,Stanford LL,Kansas WH,Aff,28.83,29.855,1.025,30.122,29.637,-0.485
wake_5,wake,5,Houston AK,George Mason WR,Neg,31.252,30.518,-0.733,29.718,30.269,0.55
wake_5,wake,5,UC Berkeley TB,Michigan State MM,Neg,30.209,29.906,-0.303,34.439,34.661,0.222
wake_5,wake,5,Kentucky AM,Emory GY,Aff,37.249,37.367,0.118,30.51,30.348,-0.161
wake_5,wake,5,Gonzaga DW,UTD KS,Neg,27.122,26.697,-0.425,27.98,28.4,0.42
wake_5,wake,5,North Texas JW (Jones/Wofford),Kansas AB,Neg,22.387,21.588,-0.799,24.311,24.753,0.443
wake_5,wake,5,Georgetown PV,George Mason DF,Neg,23.064,22.405,-0.659,24.198,24.611,0.413
wake_5,wake,5,Emory ST,Houston DF,Aff,28.296,28.748,0.451,25.016,24.541,-0.475
wake_5,wake,5,Southern California CS,James Madison MO,Neg,24.256,23.453,-0.803,23.088,23.729,0.64
wake_5,wake,5,Trinity PK,Oklahoma SW,Aff,22.819,23.681,0.861,23.783,21.44,-2.343
wake_5,wake,5,Texas KN,Emory MR,Neg,25.273,24.701,-0.572,30.193,30.388,0.195
wake_5,wake,5,Michigan State GL,Dartmouth GR,Aff,35.068,35.1,0.032,22.965,22.848,-0.117
wake_5,wake,5,Northwestern AZ,Michigan BS (Baba/Simha),Neg,21.782,21.216,-0.565,26.897,28.105,1.208
wake_5,wake,5,Wake Forest SS,Samford GP,Neg,26.125,22.799,-3.326,19.769,21.603,1.834
wake_5,wake,5,Emory PO,James Madison BR,Neg,24.993,24.423,-0.57,26.637,27.179,0.542
wake_5,wake,5,Harvard DS,Wake Forest EP,Neg,26.245,25.444,-0.801,28.89,29.19,0.301
wake_5,wake,5,Western Kentucky FC,Emory CL,Neg,23.917,23.447,-0.47,26.257,27.8,1.542
wake_5,wake,5,James Madison CP,Kansas LS,Neg,25.15,25.005,-0.145,33.91,34.005,0.094
wake_5,wake,5,UTD HR,Kansas BS,Neg,28.544,27.831,-0.713,23.516,24.76,1.245
wake_5,wake,5,Minnesota HH,Kansas HM,Aff,28.901,29.484,0.584,24.815,23.654,-1.161
wake_5,wake,5,Michigan State JS,Kansas SH,Aff,24.001,24.783,0.782,26.915,23.881,-3.034
wake_5,wake,5,Northwestern HL,UC Berkeley MR,Neg,22.675,22.376,-0.298,30.499,30.665,0.165
wake_5,wake,5,Michigan State AG,Michigan AO,Aff,20.313,22.157,1.845,25.445,24.739,-0.706
wake_5,wake,5,Texas AF,Michigan SG,Aff,30.307,30.5,0.193,25.255,24.752,-0.502
wake_5,wake,5,Rochester OR,Wichita State MW,Neg,16.123,15.755,-0.368,23.72,23.882,0.163
wake_5,wake,5,Macalester HD,Western Kentucky SS,Neg,22.632,19.384,-3.248,18.299,19.223,0.924
wake_5,wake,5,Oklahoma HD,Liberty FT,Neg,18.323,17.357,-0.966,19.461,21.143,1.682
wake_5,wake,5,Michigan HL,Missouri State CR,Aff,21.541,23.026,1.485,18.541,17.277,-1.264
wake_5,wake,5,Kansas State AD,CSU Long Beach EG,Aff,18.434,20.272,1.837,17.971,16.369,-1.603
wake_5,wake,5,Wyoming/Towson CC,Western Kentucky CS,Aff,19.119,20.384,1.265,15.359,14.897,-0.462
wake_5,wake,5,Binghamton CN,Emory TW,Aff,15.627,17.131,1.505,20.062,17.076,-2.987
wake_5,wake,5,Michigan State AB,Kansas State SR,Aff,19.169,20.973,1.805,19.013,17.228,-1.785
wake_5,wake,5,Cal State Fullerton AM,UTD UD,Aff,18.842,20.087,1.245,22.57,19.985,-2.585
wake_5,wake,5,Cornell DL,Harvard FK,Aff,14.283,14.893,0.61,11.683,10.78,-0.903
wake_5,wake,5,George Mason RR,Southern California ZM,Neg,18.807,17.584,-1.223,18.069,19.157,1.088
wake_5,wake,5,Emory FW,Purdue FH,Aff,20.303,20.836,0.533,18.266,16.654,-1.612
wake_5,wake,5,Binghamton TK,Kansas LD,Aff,21.836,22.293,0.457,17.048,16.523,-0.525
wake_5,wake,5,Wichita State GM,West Georgia FK,Aff,19.396,20.11,0.715,21.773,20.446,-1.327
wake_5,wake,5,Cornell BD,Baylor CK,Neg,16.025,14.988,-1.037,20.615,21.853,1.238
wake_5,wake,5,Baylor LB,Wake Forest BH,Neg,18.517,17.054,-1.463,21.705,22.364,0.66
wake_5,wake,5,Trinity MB,Wake Forest DS,Neg,12.117,10.746,-1.371,15.994,16.548,0.554
wake_5,wake,5,Oklahoma AT,Navy LS,Aff,14.558,16.42,1.862,13.544,12.756,-0.788
wake_5,wake,5,UT San Antonio BW,Missouri State BK (Burns/Kimmerle),Neg,18.071,16.544,-1.527,18.957,20.839,1.882
wake_6,wake,6,Dartmouth BC,Macalester PK,Neg,40.539,40.201,-0.338,37.797,40.059,2.262
wake_6,wake,6,Georgia IP,West Georgia DK,Aff,30.365,31.038,0.673,33.21,32.458,-0.752
wake_6,wake,6,Kentucky RS,Kansas MR,Neg,29.834,29.8,-0.034,42.871,42.893,0.023
wake_6,wake,6,CSU Long Beach OM,Emory ST,Aff,34.878,34.998,0.12,28.748,28.483,-0.265
wake_6,wake,6,Northwestern PS,Stanford LL,Aff,32.597,32.892,0.295,29.855,29.3,-0.555
wake_6,wake,6,Emory KP,Wake Forest BW,Aff,32.135,32.477,0.342,31.587,31.057,-0.53
wake_6,wake,6,Binghamton TC,Iowa AP,Aff,33.667,34.006,0.339,32.649,32.207,-0.442
wake_6,wake,6,Emory LY,Kentucky AM,Aff,37.351,37.733,0.382,37.367,37.022,-0.345
wake_6,wake,6,Wake Forest BM,Northwestern DR,Neg,31.726,31.511,-0.215,35.853,36.035,0.181
wake_6,wake,6,Dartmouth CG,Michigan SS,Neg,25.981,25.872,-0.109,34.306,34.39,0.084
wake_6,wake,6,Michigan State MM,Georgetown CS,Neg,34.661,34.264,-0.397,34.627,35.099,0.472
wake_6,wake,6,Kansas WW,Michigan BP,Neg,33.324,33.069,-0.255,36.339,36.557,0.218
wake_6,wake,6,George Mason WR,Michigan ES (Esmailzadeh/Shetty),Neg,30.269,30.068,-0.201,35.441,36.295,0.854
wake_6,wake,6,Kentucky GS,Kansas State AD,Aff,28.737,28.837,0.1,20.272,19.727,-0.545
wake_6,wake,6,NYU MS,Cal State Fullerton AM,Aff,33.525,33.558,0.033,20.087,20.02,-0.067
wake_6,wake,6,UTD KS,Binghamton CN,Aff,28.4,28.458,0.058,17.131,16.985,-0.147
wake_6,wake,6,Emory GY,Texas KN,Aff,30.348,30.542,0.194,24.701,24.241,-0.461
wake_6,wake,6,Kansas WH,Kansas State SS,Aff,29.637,29.779,0.143,22.679,21.602,-1.077
wake_6,wake,6,Southern California BrRe,Michigan State AG,Aff,25.519,25.944,0.425,22.157,21.548,-0.609
wake_6,wake,6,George Mason DF,Trinity PK,Aff,24.611,25.01,0.4,23.681,22.919,-0.761
wake_6,wake,6,UTD KP,Texas AF,Neg,31.546,31.066,-0.48,30.5,30.957,0.457
wake_6,wake,6,Emory MR,Minnesota HH,Aff,30.388,30.725,0.337,29.484,28.59,-0.895
wake_6,wake,6,Kansas LS,Emory CP,Aff,34.005,34.386,0.381,33.313,32.949,-0.363
wake_6,wake,6,Harvard AB,Michigan State JS,Aff,27.893,28.504,0.611,24.783,24.35,-0.433
wake_6,wake,6,James Madison BR,Northwestern AL,Neg,27.179,26.686,-0.493,29.178,29.498,0.32
wake_6,wake,6,Kansas BS,Michigan State GL,Neg,24.76,24.657,-0.103,35.1,35.148,0.047
wake_6,wake,6,Michigan BS (Baba/Simha),Navy CR,Neg,28.105,25.882,-2.223,26.789,27.381,0.592
wake_6,wake,6,James Madison MO,Houston AK,Neg,23.729,23.543,-0.185,30.518,30.716,0.197
wake_6,wake,6,UC Berkeley MR,Southern California BR,Neg,30.665,29.938,-0.726,28.094,28.916,0.822
wake_6,wake,6,Wake Forest EP,Liberty CL,Neg,29.19,28.724,-0.466,27.143,29.301,2.158
wake_6,wake,6,Samford GP,Baylor LD,Neg,21.603,21.253,-0.35,29.417,29.985,0.568
wake_6,wake,6,Kansas AB,Wake Forest LS,Neg,24.753,24.551,-0.202,31.288,31.414,0.126
wake_6,wake,6,Michigan AO,Binghamton TK,Aff,24.739,25.041,0.302,22.293,21.676,-0.617
wake_6,wake,6,Kansas SH,Wichita State GM,Aff,23.881,25.049,1.168,20.11,19.805,-0.305
wake_6,wake,6,Michigan SG,Northwestern AZ,Aff,24.752,25.321,0.569,21.216,20.533,-0.683
wake_6,wake,6,Iowa BW,Emory FW,Aff,25.012,25.29,0.278,20.836,20.427,-0.408
wake_6,wake,6,Kansas BW,Michigan HL,Aff,25.518,25.951,0.433,23.026,21.587,-1.439
wake_6,wake,6,Dartmouth GR,Southern California CS,Neg,22.848,21.894,-0.953,23.453,24.028,0.575
wake_6,wake,6,Kansas HM,Emory PO,Neg,23.654,22.125,-1.53,24.423,24.966,0.542
wake_6,wake,6,Oklahoma SW,Georgetown PV,Neg,21.44,19.857,-1.582,22.405,22.961,0.555
wake_6,wake,6,Liberty FT,Michigan State AB,Neg,21.143,19.588,-1.555,20.973,22.602,1.629
wake_6,wake,6,Wichita State MW,Western Kentucky FC,Neg,23.882,23.342,-0.54,23.447,24.15,0.703
wake_6,wake,6,Houston DF,Wyoming/Towson CC,Aff,24.541,24.915,0.374,20.384,19.361,-1.022
wake_6,wake,6,Missouri State BK (Burns/Kimmerle),Gonzaga DW,Neg,20.839,19.929,-0.91,26.697,26.881,0.183
wake_6,wake,6,Southern California ZM,UTD HR,Neg,19.157,18.918,-0.24,27.831,27.928,0.097
wake_6,wake,6,Wake Forest BH,Southern Nazarene YH,Aff,22.364,22.789,0.424,16.329,15.968,-0.362
wake_6,wake,6,Baylor CK,James Madison CP,Neg,21.853,20.508,-1.344,25.005,25.375,0.37
wake_6,wake,6,Western Kentucky SS,Harvard DS,Neg,19.223,18.95,-0.273,25.444,25.852,0.409
wake_6,wake,6,Kansas State SR,Wake Forest SS,Neg,17.228,16.391,-0.838,22.799,23.582,0.783
wake_6,wake,6,Kansas MF,Northwestern HL,Neg,12.216,11.701,-0.514,22.376,22.575,0.199
wake_6,wake,6,Wake Forest DS,North Texas JW (Jones/Wofford),Neg,16.548,16.089,-0.459,21.588,22.041,0.454
wake_6,wake,6,UTD UD,Oklahoma AT,Neg,19.985,18.061,-1.924,16.42,18.681,2.261
wake_6,wake,6,CSU Long Beach EG,Cornell DL,Aff,16.369,17.735,1.366,14.893,14.262,-0.631
wake_6,wake,6,Western Kentucky CS,Cornell BD,Neg,14.897,14.214,-0.684,14.988,16.653,1.665
wake_6,wake,6,West Georgia FK,Oklahoma HD,Aff,20.446,21.039,0.593,17.357,16.614,-0.744
wake_6,wake,6,Emory TW,Baylor LB,Neg,17.076,15.539,-1.536,17.054,18.731,1.677
wake_6,wake,6,Missouri State CR,George Mason RR,Aff,17.277,18.978,1.702,17.584,16.61,-0.974
wake_6,wake,6,Purdue FH,UT San Antonio BW,Neg,16.654,15.065,-1.589,16.544,18.068,1.523
wake_6,wake,6,Kansas LD,Macalester HD,Neg,16.523,15.913,-0.609,19.384,20.605,1.221
wake_6,wake,6,Navy LS,Trinity MB,Neg,12.756,11.751,-1.005,10.746,12.946,2.2
wake_6,wake,6,Harvard FK,Rochester OR,Neg,10.78,10.207,-0.573,15.755,16.29,0.536
wake_7,wake,7,Southern California BrRe,Wake Forest LS,Neg,25.944,25.655,-0.289,31.414,31.566,0.151
wake_7,wake,7,Northwestern DR,Emory KP,Aff,36.035,36.229,0.194,32.477,32.261,-0.216
wake_7,wake,7,Georgetown CS,Northwestern PS,Neg,35.099,34.528,-0.571,32.892,33.434,0.542
wake_7,wake,7,Iowa BW,North Texas JW (Jones/Wofford),Aff,25.29,25.595,0.305,22.041,21.478,-0.563
wake_7,wake,7,Liberty CL,Kentucky GS,Aff,29.301,30.669,1.369,28.837,28.512,-0.325
wake_7,wake,7,Kansas State SS,Northwestern HL,Neg,21.602,19.675,-1.927,22.575,23.276,0.701
wake_7,wake,7,Macalester PK,Kansas MR,Aff,40.059,41.926,1.866,42.893,42.473,-0.421
wake_7,wake,7,Baylor LD,Houston AK,Neg,29.985,28.573,-1.412,30.716,31.171,0.455
wake_7,wake,7,Dartmouth BC,Michigan State GL,Neg,40.201,39.708,-0.493,35.148,35.698,0.55
wake_7,wake,7,Kansas MF,Western Kentucky CS,Aff,11.701,14.18,2.478,14.214,13.414,-0.799
wake_7,wake,7,Michigan SS,West Georgia DK,Aff,34.39,34.658,0.267,32.458,32.057,-0.402
wake_7,wake,7,Binghamton TC,Georgia IP,Aff,34.006,34.252,0.246,31.038,30.726,-0.312
wake_7,wake,7,Emory LY,Michigan BP,Neg,37.733,37.312,-0.421,36.557,36.93,0.373
wake_7,wake,7,CSU Long Beach OM,Michigan ES (Esmailzadeh/Shetty),Aff,34.998,35.318,0.319,36.295,34.577,-1.718
wake_7,wake,7,Texas AF,Wake Forest BM,Neg,30.957,30.598,-0.359,31.511,31.864,0.353
wake_7,wake,7,Kentucky AM,Harvard AB,Aff,37.022,37.1,0.078,28.504,28.291,-0.213
wake_7,wake,7,Wake Forest BH,Michigan State MM,Neg,22.789,22.67,-0.119,34.264,34.308,0.045
wake_7,wake,7,Kansas WH,George Mason DF,Aff,29.779,29.982,0.202,25.01,24.79,-0.221
wake_7,wake,7,Navy CR,Iowa AP,Aff,27.381,28.318,0.937,32.207,31.436,-0.771
wake_7,wake,7,Wake Forest BW,Northwestern AL,Aff,31.057,31.49,0.433,29.498,29.169,-0.328
wake_7,wake,7,UTD KS,George Mason WR,Aff,28.458,28.99,0.532,30.068,29.547,-0.521
wake_7,wake,7,Emory MR,NYU MS,Neg,30.725,30.466,-0.259,33.558,33.874,0.316
wake_7,wake,7,Dartmouth CG,Kentucky RS,Neg,25.872,25.62,-0.252,29.8,30.089,0.289
wake_7,wake,7,UC Berkeley TB,Emory GY,Neg,29.906,29.42,-0.486,30.542,30.949,0.407
wake_7,wake,7,Kansas WW,Stanford LL,Neg,33.069,32.533,-0.537,29.3,30.408,1.108
wake_7,wake,7,UTD KP,Georgetown PV,Neg,31.066,30.226,-0.84,22.961,24.387,1.426
wake_7,wake,7,Houston DF,Kansas BS,Neg,24.915,24.242,-0.674,24.657,25.318,0.661
wake_7,wake,7,Emory ST,Southern California CS,Aff,28.483,28.821,0.338,24.028,23.705,-0.323
wake_7,wake,7,Michigan State AB,James Madison BR,Aff,22.602,24.842,2.24,26.686,25.89,-0.797
wake_7,wake,7,Emory CP,Kansas AB,Aff,32.949,33.039,0.09,24.551,24.42,-0.131
wake_7,wake,7,James Madison MO,Western Kentucky FC,Neg,23.543,23.069,-0.474,24.15,24.723,0.573
wake_7,wake,7,Emory PO,UC Berkeley MR,Neg,24.966,24.661,-0.305,29.938,30.188,0.249
wake_7,wake,7,Michigan State AG,Michigan BS (Baba/Simha),Aff,21.548,22.736,1.188,25.882,23.559,-2.323
wake_7,wake,7,Wake Forest SS,Kansas BW,Aff,23.582,25.468,1.886,25.951,25.228,-0.723
wake_7,wake,7,Michigan SG,James Madison CP,Aff,25.321,26.184,0.863,25.375,24.806,-0.569
wake_7,wake,7,Minnesota HH,Gonzaga DW,Neg,28.59,27.509,-1.081,26.881,27.389,0.508
wake_7,wake,7,Kansas LS,Southern California BR,Neg,34.386,33.703,-0.683,28.916,29.932,1.017
wake_7,wake,7,Michigan AO,Michigan State JS,Aff,25.041,25.414,0.373,24.35,23.765,-0.586
wake_7,wake,7,Wake Forest EP,Trinity PK,Aff,28.724,28.894,0.17,22.919,22.587,-0.332
wake_7,wake,7,Harvard DS,Samford GP,Aff,25.852,26.345,0.492,21.253,20.703,-0.55
wake_7,wake,7,UTD HR,Kansas SH,Neg,27.928,27.444,-0.485,25.049,27.192,2.143
wake_7,wake,7,Cornell BD,Dartmouth GR,Neg,16.653,15.93,-0.722,21.894,22.333,0.439
wake_7,wake,7,Kansas HM,Oklahoma AT,Aff,22.125,23.017,0.892,18.681,17.74,-0.941
wake_7,wake,7,Missouri State CR,Texas KN,Neg,18.978,18.252,-0.726,24.241,24.687,0.447
wake_7,wake,7,Macalester HD,Emory FW,Neg,20.605,19.079,-1.527,20.427,21.059,0.631
wake_7,wake,7,Western Kentucky SS,Michigan HL,Aff,18.95,19.718,0.769,21.587,19.485,-2.101
wake_7,wake,7,Southern Nazarene YH,West Georgia FK,Aff,15.968,17.273,1.305,21.039,19.687,-1.352
wake_7,wake,7,Binghamton TK,Wichita State MW,Neg,21.676,21.048,-0.628,23.342,23.73,0.388
wake_7,wake,7,Wyoming/Towson CC,CSU Long Beach EG,Neg,19.361,17.725,-1.636,17.735,19.266,1.531
wake_7,wake,7,Binghamton CN,Wichita State GM,Neg,16.985,16.272,-0.712,19.805,20.154,0.35
wake_7,wake,7,Baylor CK,Cal State Fullerton AM,Aff,20.508,22.039,1.531,20.02,19.258,-0.763
wake_7,wake,7,Baylor LB,Missouri State BK (Burns/Kimmerle),Aff,18.731,20.34,1.609,19.929,18.191,-1.738
wake_7,wake,7,Southern California ZM,UT San Antonio BW,Aff,18.918,19.683,0.765,18.068,16.793,-1.275
wake_7,wake,7,Kansas State AD,Liberty FT,Neg,19.727,18.175,-1.552,19.588,20.942,1.355
wake_7,wake,7,Northwestern AZ,Oklahoma SW,Neg,20.533,19.549,-0.984,19.857,21.411,1.553
wake_7,wake,7,Harvard FK,Kansas State SR,Aff,10.207,11.85,1.643,16.391,13.792,-2.599
wake_7,wake,7,Emory TW,Trinity MB,Aff,15.539,16.566,1.026,12.946,11.872,-1.074
wake_7,wake,7,Rochester OR,UTD UD,Neg,16.29,15.537,-0.753,18.061,19.113,1.052
wake_7,wake,7,George Mason RR,Cornell DL,Aff,16.61,17.312,0.702,14.262,13.707,-0.555
wake_7,wake,7,Kansas LD,Oklahoma HD,Neg,15.913,15.139,-0.775,16.614,17.526,0.912
wake_7,wake,7,Wake Forest DS,Purdue FH,Aff,16.089,16.799,0.71,15.065,13.772,-1.293
wake_dubs,wake,dubs,Macalester PK,Emory ST,Aff,41.926,42.031,0.106,28.821,28.769,-0.052
wake_dubs,wake,dubs,Stanford LL,Binghamton TC,Neg,30.408,30.016,-0.392,34.252,34.457,0.205
wake_dubs,wake,dubs,Kansas MR,Navy CR,Aff,42.473,42.488,0.015,28.318,28.294,-0.024
wake_dubs,wake,dubs,Houston AK,Northwestern DR,Neg,31.171,30.922,-0.249,36.229,36.374,0.145
wake_dubs,wake,dubs,Michigan BP,Wake Forest BW,Aff,36.93,37.064,0.134,31.49,31.27,-0.221
wake_dubs,wake,dubs,CSU Long Beach OM,West Georgia DK,Neg,35.318,34.888,-0.429,32.057,32.767,0.71
wake_dubs,wake,dubs,Northwestern PS,Kansas WH,Aff,33.434,33.68,0.246,29.982,29.737,-0.244
wake_dubs,wake,dubs,Kentucky RS,Dartmouth BC,Neg,30.089,30.005,-0.085,39.708,39.754,0.047
wake_dubs,wake,dubs,Georgetown CS,Liberty CL,Aff,34.528,34.761,0.233,30.669,29.921,-0.749
wake_dubs,wake,dubs,Michigan State GL,Southern California BR,Aff,35.698,35.82,0.122,29.932,29.711,-0.221
wake_dubs,wake,dubs,NYU MS,Michigan State MM,Neg,33.874,33.451,-0.423,34.308,34.664,0.355
wake_dubs,wake,dubs,Emory KP,UTD KS,Aff,32.261,32.479,0.218,28.99,28.725,-0.265
wake_dubs,wake,dubs,Georgia IP,Kentucky AM,Neg,30.726,30.563,-0.163,37.1,37.217,0.117
wake_octas,wake,octas,Kentucky AM,Macalester PK,Aff,37.217,37.696,0.479,42.031,40.177,-1.854
wake_octas,wake,octas,Binghamton TC,Emory LY,Aff,34.457,34.945,0.488,37.312,36.83,-0.482
wake_octas,wake,octas,Kansas MR,Emory KP,Aff,42.488,42.539,0.051,32.479,32.427,-0.051
wake_octas,wake,octas,Michigan State MM,Northwestern DR,Neg,34.664,34.374,-0.29,36.374,36.618,0.244
wake_octas,wake,octas,Michigan BP,Michigan State GL,Aff,37.064,37.324,0.26,35.82,35.567,-0.254
wake_octas,wake,octas,West Georgia DK,Georgetown CS,Neg,32.767,32.417,-0.35,34.761,35.072,0.31
wake_octas,wake,octas,Dartmouth BC,Michigan SS,Aff,39.754,39.878,0.124,34.658,34.502,-0.156
wake_octas,wake,octas,Wake Forest BM,Northwestern PS,Neg,31.864,31.579,-0.285,33.68,33.984,0.304
wake_quarters,wake,quarters,Kentucky AM,Northwestern PS,Aff,37.696,37.876,0.18,33.984,33.765,-0.219
wake_quarters,wake,quarters,Dartmouth BC,Binghamton TC,Neg,39.878,39.424,-0.454,34.945,35.521,0.576
wake_quarters,wake,quarters,Georgetown CS,Kansas MR,Neg,35.072,34.959,-0.112,42.539,42.633,0.094
wake_quarters,wake,quarters,Northwestern DR,Michigan BP,Neg,36.618,36.345,-0.274,37.324,37.594,0.27
wake_semis,wake,semis,Michigan BP,Kentucky AM,Aff,37.594,37.891,0.297,37.876,37.562,-0.314
wake_semis,wake,semis,Binghamton TC,Kansas MR,Aff,35.521,36.175,0.654,42.633,41.966,-0.667
wake_finals,wake,finals,Binghamton TC,Michigan BP,Aff,36.175,36.552,0.377,37.891,37.551,-0.34
georgetown_1,georgetown,1,Kansas MR,Gonzaga DW,Aff,41.966,41.978,0.011,27.389,27.373,-0.016
georgetown_1,georgetown,1,Cornell DK,Emory KP,Neg,25.0,22.289,-2.711,32.427,32.531,0.103
georgetown_1,georgetown,1,Iowa BW,Northwestern DR,Aff,25.595,26.845,1.25,36.345,35.596,-0.748
georgetown_1,georgetown,1,Emory MR,Dartmouth MM,Aff,30.466,30.469,0.002,10.167,10.159,-0.008
georgetown_1,georgetown,1,Northwestern PS,Binghamton KR,Aff,33.765,33.862,0.096,25.0,22.666,-2.334
georgetown_1,georgetown,1,Dartmouth CaGu,Kentucky AM,Neg,25.0,23.559,-1.441,37.562,37.61,0.048
georgetown_1,georgetown,1,Kansas WH,Emory FW,Aff,29.737,29.824,0.086,21.059,20.909,-0.149
georgetown_1,georgetown,1,Georgetown CS,Michigan DS,Aff,34.959,34.972,0.012,18.639,18.589,-0.05
georgetown_1,georgetown,1,Minnesota HK,Kansas LS,Neg,25.0,22.65,-2.35,33.703,33.805,0.102
georgetown_1,georgetown,1,James Madison BR,Emory GH,Neg,25.89,25.875,-0.014,41.713,41.722,0.008
georgetown_1,georgetown,1,UC Berkeley TB,Northwestern RY,Aff,29.42,29.457,0.037,15.341,15.194,-0.148
georgetown_1,georgetown,1,Binghamton TC,Michigan AO,Aff,36.552,36.584,0.032,25.414,25.369,-0.045
georgetown_1,georgetown,1,Michigan State AZ,Emory CP,Neg,17.705,17.663,-0.042,33.039,33.053,0.014
georgetown_1,georgetown,1,Michigan State JS,Emory LY,Neg,23.765,23.724,-0.041,36.83,36.852,0.022
georgetown_1,georgetown,1,Wake Forest BW,Harvard FK,Aff,31.27,31.274,0.004,11.85,11.842,-0.008
georgetown_1,georgetown,1,Wake Forest LS,Emory BS (Bellam/Shirts),Neg,31.566,31.237,-0.329,25.0,33.337,8.337
georgetown_1,georgetown,1,Northwestern AZ,Iowa AP,Neg,19.549,19.445,-0.104,31.436,31.483,0.048
georgetown_1,georgetown,1,Emory OS,Michigan BP,Neg,25.0,23.558,-1.442,37.551,37.594,0.044
georgetown_1,georgetown,1,Northwestern AL,Minnesota UW,Aff,29.169,29.241,0.071,19.231,18.965,-0.267
georgetown_1,georgetown,1,Michigan State GL,UC Berkeley US,Aff,35.567,35.719,0.152,31.45,30.763,-0.687
georgetown_1,georgetown,1,CSU Long Beach EG,NYU MS,Neg,19.266,19.184,-0.083,33.451,33.477,0.026
georgetown_1,georgetown,1,Dartmouth BJ,Macalester PK,Neg,18.75,18.747,-0.002,40.177,40.181,0.004
georgetown_1,georgetown,1,UC Berkeley MR,Cornell BD,Aff,30.188,30.219,0.031,15.93,15.84,-0.09
georgetown_1,georgetown,1,Dartmouth BC,Harvard DS,Neg,39.424,38.709,-0.715,26.345,28.973,2.629
georgetown_1,georgetown,1,Emory RT,Michigan ES (Esmailzadeh/Shetty),Neg,17.964,17.921,-0.043,34.577,34.626,0.049
georgetown_1,georgetown,1,James Madison CP,Wake Forest BM,Neg,24.806,24.616,-0.19,31.579,31.696,0.117
georgetown_1,georgetown,1,Georgetown PV,Kentucky GS,Neg,24.387,24.052,-0.335,28.512,28.712,0.2
georgetown_1,georgetown,1,Kansas WW,Southern Nazarene YH,Aff,32.533,32.545,0.012,17.273,17.246,-0.027
georgetown_1,georgetown,1,Michigan SS,Harvard AB,Aff,34.502,34.625,0.123,28.291,27.966,-0.325
georgetown_1,georgetown,1,Cal State Fullerton MM,Dartmouth CG,Neg,25.0,19.91,-5.09,25.62,25.872,0.253
georgetown_1,georgetown,1,Michigan State BS,CSU Long Beach OM,Neg,26.582,26.355,-0.227,34.888,34.959,0.071
georgetown_1,georgetown,1,Texas AF,Cal State Fullerton DR,Aff,30.598,30.737,0.139,25.0,21.723,-3.277
georgetown_1,georgetown,1,West Georgia DK,Dartmouth KR,Aff,32.417,32.571,0.154,25.807,25.451,-0.356
georgetown_2,georgetown,2,Emory KP,Kansas MR,Neg,32.531,32.473,-0.058,41.978,42.032,0.054
georgetown_2,georgetown,2,Gonzaga DW,Cornell DK,Aff,27.373,27.549,0.176,22.289,19.734,-2.555
georgetown_2,georgetown,2,Emory FW,Dartmouth CaGu,Neg,20.909,20.575,-0.335,23.559,27.163,3.604
georgetown_2,georgetown,2,Kentucky AM,Kansas WH,Aff,37.61,37.686,0.076,29.824,29.723,-0.101
georgetown_2,georgetown,2,Kansas LS,Georgetown CS,Aff,33.805,34.234,0.429,34.972,34.532,-0.439
georgetown_2,georgetown,2,Michigan DS,Minnesota HK,Aff,18.589,19.926,1.337,22.65,17.129,-5.52
georgetown_2,georgetown,2,Northwestern RY,James Madison BR,Neg,15.194,14.874,-0.32,25.875,25.969,0.094
georgetown_2,georgetown,2,Emory GH,UC Berkeley TB,Aff,41.722,41.749,0.027,29.457,29.415,-0.042
georgetown_2,georgetown,2,Emory CP,Binghamton TC,Aff,33.053,33.613,0.559,36.584,36.154,-0.431
georgetown_2,georgetown,2,Michigan AO,Michigan State AZ,Aff,25.369,25.482,0.113,17.663,17.352,-0.311
georgetown_2,georgetown,2,Harvard FK,Michigan State JS,Neg,11.842,11.733,-0.109,23.724,23.79,0.066
georgetown_2,georgetown,2,Emory LY,Wake Forest BW,Aff,36.852,36.991,0.139,31.274,31.067,-0.206
georgetown_2,georgetown,2,Iowa AP,Wake Forest LS,Neg,31.483,31.026,-0.457,31.237,31.583,0.346
georgetown_2,georgetown,2,Emory BS (Bellam/Shirts),Northwestern AZ,Aff,33.337,33.831,0.493,19.445,19.339,-0.106
georgetown_2,georgetown,2,Minnesota UW,Emory OS,Neg,18.965,18.382,-0.583,23.558,26.493,2.935
georgetown_2,georgetown,2,Michigan BP,Northwestern AL,Aff,37.594,37.655,0.061,29.241,29.151,-0.09
georgetown_2,georgetown,2,NYU MS,Michigan State GL,Neg,33.477,33.163,-0.314,35.719,35.926,0.207
georgetown_2,georgetown,2,UC Berkeley US,CSU Long Beach EG,Aff,30.763,30.918,0.155,19.184,19.003,-0.181
georgetown_2,georgetown,2,Cornell BD,Dartmouth BJ,Aff,15.84,17.563,1.723,18.747,18.055,-0.692
georgetown_2,georgetown,2,Macalester PK,UC Berkeley MR,Neg,40.181,37.888,-2.293,30.219,31.338,1.119
georgetown_2,georgetown,2,Michigan ES (Esmailzadeh/Shetty),Dartmouth BC,Neg,34.626,33.901,-0.725,38.709,38.84,0.131
georgetown_2,georgetown,2,Harvard DS,Emory RT,Aff,28.973,29.087,0.113,17.921,17.751,-0.17
georgetown_2,georgetown,2,Dartmouth MM,James Madison CP,Neg,10.159,10.089,-0.07,24.616,24.646,0.03
georgetown_2,georgetown,2,Wake Forest BM,Emory MR,Aff,31.696,31.988,0.292,30.469,30.151,-0.318
georgetown_2,georgetown,2,Kentucky GS,Northwestern PS,Neg,28.712,28.549,-0.163,33.862,34.024,0.163
georgetown_2,georgetown,2,Binghamton KR,Georgetown PV,Aff,22.666,27.44,4.773,24.052,23.614,-0.438
georgetown_2,georgetown,2,Southern Nazarene YH,Iowa BW,Neg,17.246,17.105,-0.141,26.845,26.926,0.08
georgetown_2,georgetown,2,Northwestern DR,Kansas WW,Aff,35.596,35.775,0.179,32.545,32.312,-0.233
georgetown_2,georgetown,2,Dartmouth CG,Michigan SS,Aff,25.872,26.844,0.972,34.625,33.887,-0.738
georgetown_2,georgetown,2,Harvard AB,Cal State Fullerton MM,Aff,27.966,28.203,0.237,19.91,18.395,-1.515
georgetown_2,georgetown,2,Cal State Fullerton DR,Michigan State BS,Neg,21.723,19.17,-2.553,26.355,26.737,0.382
georgetown_2,georgetown,2,Dartmouth KR,Texas AF,Neg,25.451,25.03,-0.422,30.737,30.899,0.162
georgetown_2,georgetown,2,CSU Long Beach OM,West Georgia DK,Aff,34.959,35.165,0.206,32.571,32.261,-0.309
georgetown_3,georgetown,3,Harvard AB,Michigan State GL,Neg,28.203,27.985,-0.218,35.926,36.001,0.075
georgetown_3,georgetown,3,Kansas MR,Texas AF,Aff,42.032,42.066,0.034,30.899,30.86,-0.04
georgetown_3,georgetown,3,Dartmouth CG,Harvard DS,Neg,26.844,26.561,-0.283,29.087,29.642,0.556
georgetown_3,georgetown,3,Michigan BP,Iowa BW,Aff,37.655,37.688,0.033,26.926,26.871,-0.054
georgetown_3,georgetown,3,Northwestern PS,Kansas LS,Neg,34.024,33.686,-0.338,34.234,34.583,0.348
georgetown_3,georgetown,3,Emory LY,Kentucky AM,Neg,36.991,36.694,-0.297,37.686,37.947,0.261
georgetown_3,georgetown,3,Emory BS (Bellam/Shirts),UC Berkeley MR,Neg,33.831,30.022,-3.809,31.338,31.783,0.445
georgetown_3,georgetown,3,Emory CP,CSU Long Beach OM,Aff,33.613,34.044,0.431,35.165,34.828,-0.337
georgetown_3,georgetown,3,Wake Forest BM,Emory GH,Neg,31.988,31.934,-0.054,41.749,41.802,0.053
georgetown_3,georgetown,3,Dartmouth BC,Northwestern RY,Aff,38.84,38.841,0.0,14.874,14.871,-0.003
georgetown_3,georgetown,3,Michigan DS,Wake Forest LS,Neg,19.926,19.761,-0.166,31.583,31.621,0.038
georgetown_3,georgetown,3,Northwestern DR,Michigan AO,Aff,35.775,35.812,0.038,25.482,25.427,-0.055
georgetown_3,georgetown,3,Binghamton KR,Georgetown CS,Neg,27.44,26.124,-1.316,34.532,34.653,0.121
georgetown_3,georgetown,3,Binghamton TC,James Madison BR,Aff,36.154,36.195,0.042,25.969,25.885,-0.084
georgetown_3,georgetown,3,James Madison CP,UC Berkeley US,Neg,24.646,24.443,-0.203,30.918,31.333,0.415
georgetown_3,georgetown,3,NYU MS,Cornell BD,Aff,33.163,33.178,0.015,17.563,17.52,-0.043
georgetown_3,georgetown,3,Michigan State BS,Emory KP,Neg,26.737,26.392,-0.345,32.473,32.606,0.133
georgetown_3,georgetown,3,Macalester PK,Dartmouth CaGu,Aff,37.888,38.061,0.172,27.163,26.259,-0.905
georgetown_3,georgetown,3,Michigan State JS,Michigan ES (Esmailzadeh/Shetty),Neg,23.79,23.687,-0.103,33.901,34.11,0.208
georgetown_3,georgetown,3,Northwestern AL,Emory OS,Aff,29.151,29.363,0.213,26.493,23.723,-2.771
georgetown_3,georgetown,3,Kansas WH,Iowa AP,Aff,29.723,30.154,0.431,31.026,30.537,-0.489
georgetown_3,georgetown,3,Michigan SS,Kansas WW,Aff,33.887,34.137,0.25,32.312,32.032,-0.28
georgetown_3,georgetown,3,Gonzaga DW,Emory MR,Neg,27.549,27.26,-0.289,30.151,30.4,0.249
georgetown_3,georgetown,3,Kentucky GS,UC Berkeley TB,Neg,28.549,28.241,-0.308,29.415,29.856,0.44
georgetown_3,georgetown,3,Wake Forest BW,West Georgia DK,Neg,31.067,30.668,-0.399,32.261,32.607,0.346
georgetown_3,georgetown,3,Emory RT,Minnesota UW,Aff,17.751,18.81,1.059,18.382,17.176,-1.206
georgetown_3,georgetown,3,Emory FW,CSU Long Beach EG,Aff,20.575,21.044,0.469,19.003,18.039,-0.964
georgetown_3,georgetown,3,Dartmouth KR,Cornell DK,Aff,25.03,25.397,0.367,19.734,17.9,-1.835
georgetown_3,georgetown,3,Dartmouth MM,Michigan State AZ,Neg,10.089,9.697,-0.392,17.352,17.677,0.326
georgetown_3,georgetown,3,Northwestern AZ,Harvard FK,Aff,19.339,19.614,0.275,11.733,11.446,-0.286
georgetown_3,georgetown,3,Georgetown PV,Minnesota HK,Aff,23.614,23.817,0.204,17.129,15.69,-1.439
georgetown_3,georgetown,3,Southern Nazarene YH,Cal State Fullerton MM,Aff,17.105,17.727,0.622,18.395,14.943,-3.453
georgetown_3,georgetown,3,Cal State Fullerton DR,Dartmouth BJ,Neg,19.17,15.653,-3.517,18.055,18.499,0.444
georgetown_4,georgetown,4,Harvard DS,Northwestern AL,Aff,29.642,30.311,0.668,29.363,29.015,-0.348
georgetown_4,georgetown,4,Michigan State GL,Northwestern DR,Neg,36.001,35.72,-0.281,35.812,36.088,0.276
georgetown_4,georgetown,4,Emory GH,NYU MS,Aff,41.802,41.873,0.071,33.178,33.089,-0.089
georgetown_4,georgetown,4,Kentucky AM,Michigan BP,Neg,37.947,37.659,-0.288,37.688,37.96,0.272
georgetown_4,georgetown,4,UC Berkeley MR,Kansas MR,Neg,31.783,31.718,-0.065,42.066,42.109,0.043
georgetown_4,georgetown,4,Kansas LS,Emory CP,Aff,34.583,34.903,0.32,34.044,33.727,-0.317
georgetown_4,georgetown,4,CSU Long Beach OM,Georgetown PV,Aff,34.828,34.86,0.032,23.817,23.752,-0.066
georgetown_4,georgetown,4,Wake Forest LS,Kansas WH,Aff,31.621,31.888,0.266,30.154,29.861,-0.293
georgetown_4,georgetown,4,Emory KP,Michigan SS,Neg,32.606,32.344,-0.262,34.137,34.381,0.244
georgetown_4,georgetown,4,Georgetown CS,Northwestern PS,Aff,34.653,34.971,0.318,33.686,33.392,-0.294
georgetown_4,georgetown,4,West Georgia DK,Dartmouth CG,Aff,32.607,32.758,0.151,26.561,26.414,-0.146
georgetown_4,georgetown,4,UC Berkeley TB,Emory BS (Bellam/Shirts),Neg,29.856,29.478,-0.378,30.022,32.238,2.216
georgetown_4,georgetown,4,Iowa BW,Wake Forest BM,Aff,26.871,27.598,0.727,31.934,31.379,-0.555
georgetown_4,georgetown,4,Michigan ES (Esmailzadeh/Shetty),Macalester PK,Neg,34.11,33.491,-0.618,38.061,38.525,0.464
georgetown_4,georgetown,4,Texas AF,Emory LY,Neg,30.86,30.718,-0.141,36.694,36.817,0.124
georgetown_4,georgetown,4,UC Berkeley US,Binghamton TC,Neg,31.333,30.842,-0.491,36.195,36.326,0.131
georgetown_4,georgetown,4,Emory MR,Dartmouth BC,Neg,30.4,30.322,-0.078,38.841,38.895,0.054
georgetown_4,georgetown,4,Dartmouth CaGu,Southern Nazarene YH,Aff,26.259,27.324,1.066,17.727,17.537,-0.19
georgetown_4,georgetown,4,Iowa AP,Emory FW,Aff,30.537,30.61,0.073,21.044,20.935,-0.108
georgetown_4,georgetown,4,Kansas WW,Northwestern AZ,Aff,32.032,32.061,0.029,19.614,19.537,-0.077
georgetown_4,georgetown,4,Cornell BD,James Madison CP,Neg,17.52,17.127,-0.393,24.443,24.617,0.174
georgetown_4,georgetown,4,James Madison BR,Michigan State JS,Aff,25.885,26.283,0.398,23.687,23.267,-0.42
georgetown_4,georgetown,4,Michigan AO,Dartmouth KR,Neg,25.427,25.059,-0.368,25.397,26.206,0.809
georgetown_4,georgetown,4,Dartmouth BJ,Emory RT,Aff,18.499,18.998,0.499,18.81,17.828,-0.982
georgetown_4,georgetown,4,Emory OS,Binghamton KR,Neg,23.723,21.802,-1.921,26.124,27.88,1.756
georgetown_4,georgetown,4,Michigan State AZ,Gonzaga DW,Neg,17.677,17.496,-0.182,27.26,27.334,0.074
georgetown_4,georgetown,4,Minnesota HK,Harvard AB,Neg,15.69,15.261,-0.429,27.985,28.086,0.101
georgetown_4,georgetown,4,Cornell DK,Michigan DS,Neg,17.9,15.767,-2.132,19.761,20.595,0.834
georgetown_4,georgetown,4,Cal State Fullerton MM,Michigan State BS,Neg,14.943,14.492,-0.451,26.392,26.515,0.123
georgetown_4,georgetown,4,Minnesota UW,Wake Forest BW,Neg,17.176,17.096,-0.079,30.668,30.699,0.031
georgetown_4,georgetown,4,Harvard FK,Kentucky GS,Neg,11.446,11.427,-0.019,28.241,28.248,0.007
georgetown_4,georgetown,4,CSU Long Beach EG,Dartmouth MM,Aff,18.039,18.334,0.295,9.697,9.398,-0.3
georgetown_4,georgetown,4,Northwestern RY,Cal State Fullerton DR,Neg,14.871,13.615,-1.256,15.653,17.696,2.043
georgetown_5,georgetown,5,Binghamton TC,Kansas MR,Neg,36.326,36.217,-0.109,42.109,42.23,0.121
georgetown_5,georgetown,5,Harvard DS,Kansas LS,Neg,30.311,29.981,-0.33,34.903,35.068,0.165
georgetown_5,georgetown,5,Emory GH,Michigan BP,Neg,41.873,41.372,-0.5,37.96,38.353,0.393
georgetown_5,georgetown,5,Dartmouth BC,Kentucky GS,Aff,38.895,38.925,0.03,28.248,28.206,-0.042
georgetown_5,georgetown,5,Michigan SS,Emory CP,Neg,34.381,34.066,-0.315,33.727,34.083,0.356
georgetown_5,georgetown,5,Kentucky AM,Emory BS (Bellam/Shirts),Aff,37.659,37.772,0.113,32.238,31.328,-0.91
georgetown_5,georgetown,5,Georgetown CS,Wake Forest LS,Neg,34.971,34.478,-0.493,31.888,32.332,0.444
georgetown_5,georgetown,5,Michigan State GL,West Georgia DK,Neg,35.72,35.352,-0.368,32.758,33.297,0.539
georgetown_5,georgetown,5,Emory LY,Northwestern DR,Neg,36.817,36.48,-0.337,36.088,36.373,0.285
georgetown_5,georgetown,5,UC Berkeley MR,Iowa BW,Neg,31.718,31.028,-0.689,27.598,28.215,0.617
georgetown_5,georgetown,5,Macalester PK,CSU Long Beach OM,Neg,38.525,37.372,-1.153,34.86,35.241,0.381
georgetown_5,georgetown,5,Wake Forest BM,CSU Long Beach EG,Aff,31.379,31.403,0.023,18.334,18.253,-0.081
georgetown_5,georgetown,5,James Madison CP,Emory KP,Neg,24.617,24.479,-0.138,32.344,32.427,0.083
georgetown_5,georgetown,5,NYU MS,Dartmouth KR,Aff,33.089,33.22,0.131,26.206,25.954,-0.252
georgetown_5,georgetown,5,Dartmouth BJ,Michigan ES (Esmailzadeh/Shetty),Neg,18.998,18.973,-0.025,33.491,33.544,0.053
georgetown_5,georgetown,5,UC Berkeley TB,Binghamton KR,Aff,29.478,29.791,0.313,27.88,26.022,-1.858
georgetown_5,georgetown,5,Gonzaga DW,Dartmouth CG,Aff,27.334,27.681,0.347,26.414,26.086,-0.328
georgetown_5,georgetown,5,Kansas WH,Michigan DS,Neg,29.861,29.145,-0.716,20.595,23.175,2.581
georgetown_5,georgetown,5,Harvard AB,Texas AF,Neg,28.086,27.583,-0.503,30.718,30.953,0.234
georgetown_5,georgetown,5,Emory MR,Dartmouth CaGu,Aff,30.322,30.517,0.195,27.324,25.415,-1.91
georgetown_5,georgetown,5,Kansas WW,UC Berkeley US,Aff,32.061,32.329,0.268,30.842,30.068,-0.773
georgetown_5,georgetown,5,Northwestern AL,Michigan State BS,Neg,29.015,28.561,-0.454,26.515,27.497,0.982
georgetown_5,georgetown,5,James Madison BR,Northwestern PS,Neg,26.283,26.121,-0.162,33.392,33.491,0.099
georgetown_5,georgetown,5,Iowa AP,Wake Forest BW,Neg,30.61,30.225,-0.385,30.699,31.134,0.435
georgetown_5,georgetown,5,Harvard FK,Michigan AO,Neg,11.427,11.371,-0.056,25.059,25.082,0.023
georgetown_5,georgetown,5,Emory RT,Southern Nazarene YH,Aff,17.828,18.638,0.81,17.537,16.922,-0.615
georgetown_5,georgetown,5,Northwestern AZ,Emory OS,Neg,19.537,18.995,-0.542,21.802,23.595,1.793
georgetown_5,georgetown,5,Cal State Fullerton DR,Emory FW,Neg,17.696,16.34,-1.355,20.935,21.267,0.331
georgetown_5,georgetown,5,Michigan State JS,Cornell BD,Aff,23.267,23.476,0.209,17.127,16.707,-0.42
georgetown_5,georgetown,5,Georgetown PV,Michigan State AZ,Aff,23.752,23.954,0.202,17.496,17.148,-0.348
georgetown_5,georgetown,5,Dartmouth MM,Minnesota HK,Aff,9.398,10.785,1.387,15.261,11.531,-3.73
georgetown_5,georgetown,5,Cornell DK,Minnesota UW,Aff,15.767,18.166,2.399,17.096,16.096,-1.001
georgetown_6,georgetown,6,Kansas MR,Kentucky AM,Aff,42.23,42.382,0.152,37.772,37.637,-0.135
georgetown_6,georgetown,6,Michigan BP,Harvard DS,Aff,38.353,38.41,0.057,29.981,29.834,-0.146
georgetown_6,georgetown,6,Kansas LS,Emory GH,Neg,35.068,34.951,-0.116,41.372,41.483,0.111
georgetown_6,georgetown,6,Emory CP,Kansas WW,Aff,34.083,34.332,0.248,32.329,32.076,-0.253
georgetown_6,georgetown,6,Northwestern DR,Gonzaga DW,Aff,36.373,36.426,0.053,27.681,27.601,-0.08
georgetown_6,georgetown,6,CSU Long Beach OM,UC Berkeley TB,Aff,35.241,35.352,0.111,29.791,29.603,-0.188
georgetown_6,georgetown,6,Iowa BW,NYU MS,Neg,28.215,28.038,-0.177,33.22,33.402,0.181
georgetown_6,georgetown,6,Wake Forest LS,Emory MR,Neg,32.332,31.959,-0.373,30.517,30.933,0.416
georgetown_6,georgetown,6,West Georgia DK,Dartmouth BC,Neg,33.297,33.147,-0.15,38.925,39.024,0.099
georgetown_6,georgetown,6,Emory KP,Wake Forest BM,Neg,32.427,32.08,-0.347,31.403,31.758,0.355
georgetown_6,georgetown,6,Emory BS (Bellam/Shirts),Michigan SS,Neg,31.328,30.168,-1.16,34.066,34.242,0.176
georgetown_6,georgetown,6,Texas AF,UC Berkeley MR,Neg,30.953,30.624,-0.329,31.028,31.442,0.414
georgetown_6,georgetown,6,Northwestern PS,Macalester PK,Aff,33.491,33.954,0.463,37.372,36.317,-1.054
georgetown_6,georgetown,6,Michigan ES (Esmailzadeh/Shetty),Binghamton TC,Aff,33.544,34.849,1.305,36.217,35.881,-0.336
georgetown_6,georgetown,6,Wake Forest BW,Michigan State GL,Neg,31.134,30.907,-0.227,35.352,35.488,0.135
georgetown_6,georgetown,6,Michigan State BS,Georgetown CS,Neg,27.497,27.273,-0.224,34.478,34.584,0.105
georgetown_6,georgetown,6,Michigan DS,Emory LY,Neg,23.175,23.106,-0.069,36.48,36.5,0.02
georgetown_6,georgetown,6,Dartmouth CG,Michigan State JS,Neg,26.086,25.616,-0.47,23.476,24.176,0.7
georgetown_6,georgetown,6,UC Berkeley US,Georgetown PV,Aff,30.068,30.395,0.327,23.954,23.754,-0.2
georgetown_6,georgetown,6,Dartmouth CaGu,James Madison CP,Aff,25.415,27.341,1.926,24.479,24.109,-0.37
georgetown_6,georgetown,6,Kentucky GS,Emory RT,Aff,28.206,28.267,0.061,18.638,18.488,-0.15
georgetown_6,georgetown,6,Binghamton KR,Dartmouth BJ,Aff,26.022,26.72,0.698,18.973,18.813,-0.161
georgetown_6,georgetown,6,Dartmouth KR,Harvard AB,Neg,25.954,25.397,-0.557,27.583,28.108,0.525
georgetown_6,georgetown,6,Michigan AO,Northwestern AL,Neg,25.082,24.859,-0.223,28.561,28.769,0.208
georgetown_6,georgetown,6,Emory OS,Iowa AP,Neg,23.595,22.783,-0.812,30.225,30.358,0.133
georgetown_6,georgetown,6,Emory FW,James Madison BR,Neg,21.267,21.001,-0.265,26.121,26.362,0.241
georgetown_6,georgetown,6,Cal State Fullerton MM,Kansas WH,Neg,14.492,14.311,-0.181,29.145,29.167,0.022
georgetown_6,georgetown,6,CSU Long Beach EG,Cornell DK,Neg,18.253,17.381,-0.872,18.166,19.901,1.734
georgetown_6,georgetown,6,Southern Nazarene YH,Dartmouth MM,Aff,16.922,17.166,0.244,10.785,10.409,-0.375
georgetown_6,georgetown,6,Cornell BD,Northwestern AZ,Neg,16.707,16.009,-0.698,18.995,19.555,0.559
georgetown_6,georgetown,6,Minnesota UW,Cal State Fullerton DR,Aff,16.096,16.962,0.867,16.34,14.671,-1.669
georgetown_6,georgetown,6,Minnesota HK,Harvard FK,Aff,11.531,13.28,1.75,11.371,10.637,-0.735
georgetown_7,georgetown,7,Kansas MR,Michigan BP,Neg,42.382,41.927,-0.454,38.41,38.79,0.38
georgetown_7,georgetown,7,Dartmouth BC,Kansas LS,Aff,39.024,39.154,0.13,34.951,34.778,-0.174
georgetown_7,georgetown,7,Northwestern DR,Emory CP,Aff,36.426,36.614,0.187,34.332,34.102,-0.23
georgetown_7,georgetown,7,Emory GH,CSU Long Beach OM,Aff,41.483,41.595,0.112,35.352,35.257,-0.095
georgetown_7,georgetown,7,Michigan State JS,Kentucky AM,Neg,24.176,24.149,-0.027,37.637,37.651,0.014
georgetown_7,georgetown,7,Michigan State GL,Michigan ES (Esmailzadeh/Shetty),Aff,35.488,35.706,0.219,34.849,34.053,-0.796
georgetown_7,georgetown,7,Northwestern PS,Harvard DS,Aff,33.954,34.118,0.164,29.834,29.507,-0.327
georgetown_7,georgetown,7,Wake Forest LS,UC Berkeley MR,Aff,31.959,32.228,0.269,31.442,31.068,-0.374
georgetown_7,georgetown,7,NYU MS,Emory LY,Neg,33.402,33.158,-0.244,36.5,36.689,0.188
georgetown_7,georgetown,7,West Georgia DK,Michigan SS,Neg,33.147,32.84,-0.307,34.242,34.479,0.237
georgetown_7,georgetown,7,Wake Forest BM,Georgetown CS,Neg,31.758,31.556,-0.202,34.584,34.802,0.219
georgetown_7,georgetown,7,Iowa BW,Emory MR,Neg,28.038,27.793,-0.245,30.933,31.145,0.213
georgetown_7,georgetown,7,Harvard AB,Binghamton TC,Neg,28.108,27.936,-0.172,35.881,35.951,0.069
georgetown_7,georgetown,7,Macalester PK,Binghamton KR,Aff,36.317,36.45,0.133,26.72,26.336,-0.384
georgetown_7,georgetown,7,Dartmouth CaGu,Emory BS (Bellam/Shirts),Aff,27.341,29.453,2.112,30.168,28.562,-1.606
georgetown_7,georgetown,7,Emory KP,Michigan DS,Aff,32.08,32.142,0.062,23.106,22.894,-0.212
georgetown_7,georgetown,7,Northwestern AL,Texas AF,Neg,28.769,28.509,-0.26,30.624,30.875,0.251
georgetown_7,georgetown,7,Kansas WW,James Madison BR,Aff,32.076,32.202,0.126,26.362,26.164,-0.198
georgetown_7,georgetown,7,Michigan State BS,UC Berkeley TB,Neg,27.273,26.8,-0.473,29.603,29.903,0.3
georgetown_7,georgetown,7,Wake Forest BW,UC Berkeley US,Aff,30.907,31.272,0.364,30.395,29.674,-0.721
georgetown_7,georgetown,7,Kansas WH,Gonzaga DW,Aff,29.167,29.431,0.264,27.601,27.301,-0.3
georgetown_7,georgetown,7,Iowa AP,Kentucky GS,Aff,30.358,30.635,0.278,28.267,28.019,-0.247
georgetown_7,georgetown,7,Cornell DK,Dartmouth CG,Neg,19.901,19.196,-0.704,25.616,25.756,0.139
georgetown_7,georgetown,7,Dartmouth KR,Northwestern AZ,Aff,25.397,25.668,0.271,19.555,19.25,-0.305
georgetown_7,georgetown,7,James Madison CP,Emory RT,Neg,24.109,23.317,-0.792,18.488,19.808,1.32
georgetown_7,georgetown,7,Emory OS,Southern Nazarene YH,Aff,22.783,23.611,0.827,17.166,16.912,-0.254
georgetown_7,georgetown,7,Emory FW,Michigan AO,Neg,21.001,20.7,-0.301,24.859,25.06,0.201
georgetown_7,georgetown,7,Georgetown PV,Dartmouth BJ,Neg,23.754,22.932,-0.823,18.813,19.588,0.775
georgetown_7,georgetown,7,Harvard FK,CSU Long Beach EG,Aff,10.637,12.057,1.42,17.381,15.751,-1.63
georgetown_7,georgetown,7,Cornell BD,Minnesota UW,Neg,16.009,15.259,-0.75,16.962,17.711,0.749
georgetown_7,georgetown,7,Dartmouth MM,Cal State Fullerton MM,Aff,10.409,11.465,1.056,14.311,11.406,-2.906
georgetown_7,georgetown,7,Minnesota HK,Cal State Fullerton DR,Aff,13.28,14.91,1.63,14.671,13.167,-1.504
georgetown_dubs,georgetown,dubs,UC Berkeley TB,Northwestern DR,Neg,29.903,29.767,-0.136,36.614,36.694,0.08
georgetown_dubs,georgetown,dubs,Dartmouth CaGu,Michigan BP,Neg,29.453,29.108,-0.345,38.79,38.838,0.048
georgetown_dubs,georgetown,dubs,Dartmouth BC,Kansas WH,Aff,39.154,39.191,0.037,29.431,29.381,-0.051
georgetown_dubs,georgetown,dubs,NYU MS,Michigan SS,Aff,33.158,33.587,0.429,34.479,34.168,-0.312
georgetown_dubs,georgetown,dubs,Macalester PK,Northwestern PS,Aff,36.45,36.902,0.452,34.118,33.907,-0.211
georgetown_dubs,georgetown,dubs,Wake Forest BW,Emory GH,Neg,31.272,31.217,-0.055,41.595,41.636,0.041
georgetown_dubs,georgetown,dubs,Texas AF,Wake Forest LS,Aff,30.875,31.244,0.37,32.228,31.897,-0.331
georgetown_dubs,georgetown,dubs,Michigan State GL,Iowa AP,Aff,35.706,35.818,0.111,30.635,30.472,-0.164
georgetown_dubs,georgetown,dubs,Kansas LS,Harvard DS,Aff,34.778,34.913,0.136,29.507,29.253,-0.254
georgetown_dubs,georgetown,dubs,Michigan ES (Esmailzadeh/Shetty),Kentucky AM,Aff,34.053,35.204,1.151,37.651,37.287,-0.364
georgetown_dubs,georgetown,dubs,Emory CP,UC Berkeley MR,Aff,34.102,34.293,0.191,31.068,30.82,-0.249
georgetown_dubs,georgetown,dubs,Binghamton TC,Emory MR,Aff,35.951,36.074,0.123,31.145,30.996,-0.15
georgetown_dubs,georgetown,dubs,Georgetown CS,Wake Forest BM,Neg,34.802,34.346,-0.457,31.556,31.978,0.423
georgetown_dubs,georgetown,dubs,West Georgia DK,CSU Long Beach OM,Neg,32.84,32.595,-0.244,35.257,35.437,0.18
georgetown_octas,georgetown,octas,Binghamton TC,Michigan BP,Neg,36.074,35.902,-0.172,38.838,38.997,0.159
georgetown_octas,georgetown,octas,Dartmouth BC,Macalester PK,Neg,39.191,38.897,-0.294,36.902,37.662,0.76
georgetown_octas,georgetown,octas,NYU MS,Kansas MR,Neg,33.587,33.507,-0.08,41.927,41.991,0.064
georgetown_octas,georgetown,octas,Kansas LS,Northwestern DR,Neg,34.913,34.675,-0.238,36.694,36.883,0.189
georgetown_octas,georgetown,octas,CSU Long Beach OM,Emory GH,Neg,35.437,35.347,-0.09,41.636,41.744,0.107
georgetown_octas,georgetown,octas,Wake Forest BM,Texas AF,Aff,31.978,32.234,0.256,31.244,30.97,-0.274
georgetown_octas,georgetown,octas,Michigan State GL,Emory LY,Aff,35.818,36.086,0.269,36.689,36.367,-0.322
georgetown_octas,georgetown,octas,Emory CP,Michigan ES (Esmailzadeh/Shetty),Neg,34.293,34.046,-0.247,35.204,35.828,0.624
georgetown_quarters,georgetown,quarters,Michigan State GL,Macalester PK,Aff,36.086,36.361,0.275,37.662,37.011,-0.651
georgetown_quarters,georgetown,quarters,Kansas MR,Wake Forest BM,Aff,41.991,42.034,0.043,32.234,32.191,-0.043
georgetown_quarters,georgetown,quarters,Emory GH,Northwestern DR,Aff,41.744,41.881,0.137,36.883,36.772,-0.111
georgetown_semis,georgetown,semis,Michigan State GL,Kansas MR,Neg,36.361,36.269,-0.092,42.034,42.145,0.111
georgetown_semis,georgetown,semis,Michigan BP,Emory GH,Neg,38.997,38.845,-0.152,41.881,42.069,0.188
georgetown_finals,georgetown,finals,Kansas MR,Emory GH,Aff,42.145,42.411,0.266,42.069,41.796,-0.273
dartmouthrr_1,dartmouthrr,1,Northwestern DR,Dartmouth BC,Neg,36.772,36.598,-0.173,38.897,39.067,0.17
dartmouthrr_1,dartmouthrr,1,Kentucky AM,Binghamton TC,Aff,37.287,37.497,0.21,35.902,35.696,-0.206
dartmouthrr_1,dartmouthrr,1,Emory GH,Kansas MR,Neg,41.796,41.549,-0.247,42.411,42.652,0.241
dartmouthrr_2,dartmouthrr,2,Binghamton TC,Northwestern DR,Neg,35.696,35.48,-0.216,36.598,36.8,0.202
dartmouthrr_2,dartmouthrr,2,Michigan BP,Kentucky AM,Neg,38.845,38.578,-0.267,37.497,37.788,0.291
dartmouthrr_2,dartmouthrr,2,Dartmouth BC,Emory GH,Neg,39.067,38.91,-0.157,41.549,41.733,0.183
dartmouthrr_3,dartmouthrr,3,Northwestern DR,Michigan BP,Neg,36.8,36.626,-0.175,38.578,38.751,0.173
dartmouthrr_3,dartmouthrr,3,Kansas MR,Kentucky AM,Aff,42.652,42.771,0.119,37.788,37.676,-0.112
dartmouthrr_3,dartmouthrr,3,Binghamton TC,Dartmouth BC,Neg,35.48,35.337,-0.143,38.91,39.042,0.132
dartmouthrr_4,dartmouthrr,4,Kansas MR,Northwestern DR,Aff,42.771,42.862,0.091,36.626,36.547,-0.079
dartmouthrr_4,dartmouthrr,4,Emory GH,Michigan BP,Aff,41.733,41.898,0.165,38.751,38.61,-0.14
dartmouthrr_4,dartmouthrr,4,Kentucky AM,Dartmouth BC,Neg,37.676,37.48,-0.196,39.042,39.221,0.179
dartmouthrr_5,dartmouthrr,5,Michigan BP,Binghamton TC,Aff,38.61,38.742,0.131,35.337,35.193,-0.144
dartmouthrr_5,dartmouthrr,5,Dartmouth BC,Kansas MR,Aff,39.221,39.539,0.318,42.862,42.489,-0.373
dartmouthrr_5,dartmouthrr,5,Northwestern DR,Emory GH,Neg,36.547,36.455,-0.092,41.898,42.004,0.106
dartmouthrr_6,dartmouthrr,6,Emory GH,Kentucky AM,Neg,42.004,41.602,-0.402,37.48,37.858,0.378
dartmouthrr_6,dartmouthrr,6,Kansas MR,Binghamton TC,Aff,42.489,42.557,0.068,35.193,35.128,-0.065
dartmouthrr_6,dartmouthrr,6,Dartmouth BC,Michigan BP,Neg,39.539,39.312,-0.227,38.742,38.973,0.231
dartmouthrr_7,dartmouthrr,7,Michigan BP,Kansas MR,Aff,38.973,39.279,0.306,42.557,42.202,-0.355
dartmouthrr_7,dartmouthrr,7,Binghamton TC,Emory GH,Neg,35.128,35.052,-0.076,41.602,41.682,0.08
dartmouthrr_7,dartmouthrr,7,Kentucky AM,Northwestern DR,Aff,37.858,38.042,0.184,36.455,36.279,-0.176
texas_1,texas,1,Kansas LM,Dartmouth GM,Neg,25.0,20.795,-4.205,25.0,29.205,4.205
texas_1,texas,1,Missouri State BN,Emory KP,Neg,25.0,22.203,-2.797,32.142,32.235,0.092
texas_1,texas,1,Emory MR,Kansas WW,Aff,30.996,31.348,0.352,32.202,31.849,-0.352
texas_1,texas,1,Kentucky GS,Emory SW,Aff,28.019,28.123,0.104,21.018,20.499,-0.52
texas_1,texas,1,Texas NS,West Georgia DK,Neg,25.0,22.338,-2.662,32.595,32.695,0.1
texas_1,texas,1,UC Berkeley TB,Wichita State MW,Aff,29.767,29.919,0.152,23.73,23.545,-0.185
texas_1,texas,1,Southern California MT,Michigan State BS,Neg,25.132,24.307,-0.825,26.8,27.264,0.464
texas_1,texas,1,North Texas JW (Jones/Wofford),Wake Forest EP,Aff,21.478,23.106,1.628,28.894,28.109,-0.785
texas_1,texas,1,UTD KP,Emory FW,Aff,30.226,30.294,0.068,20.7,20.61,-0.09
texas_1,texas,1,Macalester/Michigan WG,Wake Forest BM,Neg,25.0,22.217,-2.783,32.191,32.276,0.085
texas_1,texas,1,UTD KS,Dartmouth BJ,Aff,28.725,28.804,0.079,19.588,19.501,-0.087
texas_1,texas,1,Dartmouth KR,Texas AF,Neg,25.668,25.383,-0.285,30.97,31.097,0.127
texas_1,texas,1,Navy CR,Kansas EM,Aff,28.294,28.543,0.249,25.0,20.945,-4.055
texas_1,texas,1,Iowa AP,NYU MS,Aff,30.472,30.959,0.487,33.507,33.026,-0.481
texas_1,texas,1,Southern California BR,Kansas State SR,Aff,29.711,29.73,0.019,13.792,13.738,-0.054
texas_1,texas,1,Minnesota HU,Kansas LS,Neg,25.0,22.905,-2.095,34.675,34.745,0.069
texas_1,texas,1,Wake Forest LS,Emory CP,Aff,31.897,32.248,0.351,34.046,33.684,-0.362
texas_1,texas,1,Wake Forest BW,Navy LS,Aff,31.217,31.22,0.003,11.751,11.744,-0.007
texas_1,texas,1,Baylor LD,NYU JT,Aff,28.573,29.227,0.654,25.0,21.134,-3.866
texas_1,texas,1,Kansas SH,Emory GY,Aff,27.192,29.122,1.929,30.949,30.384,-0.565
texas_1,texas,1,UTD HR,Oklahoma LM,Aff,27.444,27.643,0.199,25.0,20.615,-4.385
texas_1,texas,1,Northwestern HL,CSU Long Beach OM,Neg,23.276,23.191,-0.085,35.347,35.37,0.023
texas_1,texas,1,Houston DF,Michigan State MM,Neg,24.242,24.142,-0.1,34.374,34.428,0.054
texas_1,texas,1,Minnesota PW,Purdue AH,Aff,25.0,29.205,4.205,25.0,20.795,-4.205
texas_1,texas,1,Michigan DS,Macalester PK,Neg,22.894,22.841,-0.053,37.011,37.039,0.028
texas_1,texas,1,Harvard AB,James Madison BR,Aff,27.936,28.409,0.473,26.164,25.805,-0.359
texas_1,texas,1,Kansas BW,Kentucky RS,Neg,25.228,24.932,-0.296,30.005,30.239,0.234
texas_1,texas,1,George Mason DF,Wake Forest HN,Aff,24.79,25.062,0.272,25.0,19.572,-5.428
texas_1,texas,1,Michigan AO,Southern Nazarene BS,Aff,25.06,25.27,0.21,25.0,19.665,-5.335
texas_1,texas,1,George Mason WR,Michigan ES (Esmailzadeh/Shetty),Neg,29.547,29.394,-0.153,35.828,36.072,0.244
texas_1,texas,1,Kansas SA,Binghamton TP,Aff,25.0,29.205,4.205,25.0,20.795,-4.205
texas_1,texas,1,Harvard DS,Michigan SS,Neg,29.253,28.995,-0.259,34.168,34.289,0.121
texas_1,texas,1,Houston KY,Dartmouth ML,Aff,25.0,29.205,4.205,25.0,20.795,-4.205
texas_1,texas,1,Houston AS,Michigan State GL,Neg,25.0,23.288,-1.712,36.269,36.313,0.043
texas_1,texas,1,Kansas WH,Harvard FK,Aff,29.381,29.385,0.005,12.057,12.046,-0.011
texas_1,texas,1,Binghamton KR,Georgetown CS,Neg,26.336,25.864,-0.471,34.346,34.427,0.082
texas_1,texas,1,Liberty CL,Arizona State SS,Aff,29.921,30.019,0.098,16.47,16.388,-0.082
texas_1,texas,1,Samford GP,Emory LY,Neg,20.703,20.671,-0.033,36.367,36.376,0.009
texas_1,texas,1,Dartmouth CaGu,Iowa KS,Aff,29.108,29.76,0.652,25.0,21.317,-3.683
texas_1,texas,1,Emory RT,Northwestern DR,Neg,19.808,19.794,-0.014,36.279,36.283,0.004
texas_1,texas,1,Kansas BP,Binghamton TC,Neg,25.0,23.0,-2.0,35.052,35.101,0.05
texas_1,texas,1,Dartmouth CG,Kansas HM,Aff,25.756,25.97,0.215,23.017,22.087,-0.93
texas_1,texas,1,Macalester HD,Dartmouth BC,Neg,19.079,19.069,-0.009,39.312,39.313,0.001
texas_1,texas,1,Kentucky AM,Kansas State AD,Aff,38.042,38.044,0.002,18.175,18.161,-0.013
texas_1,texas,1,Iowa BW,Northern Iowa VD,Aff,27.793,27.966,0.173,25.0,20.741,-4.259
texas_1,texas,1,James Madison MO,Michigan State AG,Aff,23.069,23.525,0.456,22.736,21.967,-0.769
texas_1,texas,1,Wichita State GM,Michigan BP,Neg,20.154,20.152,-0.003,39.279,39.28,0.001
texas_1,texas,1,James Madison CP,Kansas State SS,Aff,23.317,23.562,0.246,19.675,18.499,-1.175
texas_1,texas,1,Michigan State JS,Georgetown PV,Aff,24.149,24.557,0.408,22.932,22.54,-0.392
texas_1,texas,1,Southern California BrRe,Emory GH,Neg,25.655,25.64,-0.015,41.682,41.687,0.005
texas_1,texas,1,Northwestern AL,Kansas MR,Neg,28.509,28.495,-0.015,42.202,42.212,0.01
texas_1,texas,1,Stanford LL,Kansas HB,Aff,30.016,30.14,0.124,20.056,19.706,-0.35
texas_1,texas,1,Emory PO,Indiana FM,Aff,24.661,24.677,0.016,7.45,7.41,-0.041
texas_2,texas,2,Indiana FM,Wake Forest LS,Neg,7.41,7.408,-0.001,32.248,32.248,0.0
texas_2,texas,2,Kansas MR,Emory PO,Aff,42.212,42.215,0.003,24.677,24.669,-0.007
texas_2,texas,2,Kansas HB,Southern California BrRe,Neg,19.706,19.031,-0.675,25.64,25.892,0.252
texas_2,texas,2,Emory GH,Stanford LL,Aff,41.687,41.711,0.023,30.14,30.074,-0.065
texas_2,texas,2,Northern Iowa VD,Wichita State GM,Neg,20.741,16.71,-4.031,20.152,20.534,0.382
texas_2,texas,2,Michigan BP,Iowa BW,Aff,39.28,39.3,0.02,27.966,27.93,-0.036
texas_2,texas,2,Kansas State SS,Kansas BP,Aff,18.499,20.066,1.566,23.0,17.273,-5.728
texas_2,texas,2,Kansas State AD,Macalester HD,Neg,18.161,16.951,-1.211,19.069,20.156,1.087
texas_2,texas,2,Dartmouth BC,Kentucky AM,Aff,39.313,39.482,0.17,38.044,37.859,-0.185
texas_2,texas,2,Binghamton TC,James Madison CP,Aff,35.101,35.123,0.021,23.562,23.52,-0.042
texas_2,texas,2,Kansas HM,Emory RT,Neg,22.087,20.654,-1.433,19.794,20.596,0.802
texas_2,texas,2,Iowa KS,Samford GP,Aff,21.317,25.051,3.735,20.671,20.02,-0.651
texas_2,texas,2,Northwestern DR,Dartmouth CaGu,Aff,36.283,36.355,0.072,29.76,29.242,-0.519
texas_2,texas,2,Arizona State SS,Binghamton KR,Neg,16.388,16.179,-0.21,25.864,26.196,0.332
texas_2,texas,2,Emory LY,Dartmouth CG,Aff,36.376,36.413,0.037,25.97,25.927,-0.044
texas_2,texas,2,Harvard FK,Houston AS,Neg,12.046,11.904,-0.142,23.288,24.58,1.293
texas_2,texas,2,Georgetown CS,Liberty CL,Aff,34.427,34.578,0.151,30.019,29.416,-0.602
texas_2,texas,2,Michigan State GL,Kansas WH,Aff,36.313,36.382,0.07,29.385,29.287,-0.098
texas_2,texas,2,Dartmouth ML,Kansas BW,Neg,20.795,17.844,-2.95,24.932,25.196,0.264
texas_2,texas,2,Binghamton TP,Harvard DS,Neg,20.795,18.936,-1.859,28.995,29.144,0.149
texas_2,texas,2,Michigan SS,Kansas SA,Neg,34.289,34.04,-0.248,29.205,35.649,6.443
texas_2,texas,2,Southern Nazarene BS,George Mason WR,Neg,19.665,18.501,-1.164,29.394,29.486,0.092
texas_2,texas,2,Michigan ES (Esmailzadeh/Shetty),Minnesota PW,Neg,36.072,35.386,-0.686,29.205,36.262,7.057
texas_2,texas,2,Wake Forest HN,Michigan DS,Neg,19.572,16.959,-2.614,22.841,23.319,0.478
texas_2,texas,2,Kentucky RS,Houston KY,Neg,30.239,29.9,-0.339,29.205,33.939,4.734
texas_2,texas,2,Wake Forest EP,Iowa AP,Neg,28.109,27.85,-0.259,30.959,31.179,0.22
texas_2,texas,2,Macalester PK,George Mason DF,Aff,37.039,37.085,0.046,25.062,25.022,-0.039
texas_2,texas,2,Purdue AH,Houston DF,Neg,20.795,17.605,-3.19,24.142,24.449,0.307
texas_2,texas,2,Michigan State MM,Michigan AO,Aff,34.428,34.494,0.066,25.27,25.206,-0.065
texas_2,texas,2,Oklahoma LM,Missouri State BN,Neg,20.615,17.882,-2.733,22.203,25.271,3.068
texas_2,texas,2,CSU Long Beach OM,UTD HR,Aff,35.37,35.434,0.064,27.643,27.539,-0.104
texas_2,texas,2,NYU JT,Kansas SH,Neg,21.134,19.429,-1.705,29.122,29.478,0.357
texas_2,texas,2,Emory GY,Baylor LD,Aff,30.384,30.708,0.323,29.227,28.125,-1.102
texas_2,texas,2,Emory CP,Kansas LM,Aff,33.684,33.722,0.038,20.795,19.855,-0.94
texas_2,texas,2,Navy LS,Minnesota HU,Aff,11.744,12.988,1.244,22.905,14.086,-8.819
texas_2,texas,2,Kansas LS,Wake Forest BW,Aff,34.745,34.918,0.174,31.22,30.987,-0.232
texas_2,texas,2,Kansas State SR,Harvard AB,Neg,13.738,13.659,-0.079,28.409,28.441,0.032
texas_2,texas,2,NYU MS,Northwestern AL,Neg,33.026,32.493,-0.533,28.495,29.02,0.525
texas_2,texas,2,Kansas EM,Dartmouth KR,Neg,20.945,18.436,-2.509,25.383,25.658,0.275
texas_2,texas,2,Dartmouth BJ,Macalester/Michigan WG,Neg,19.501,19.27,-0.231,22.217,25.465,3.247
texas_2,texas,2,Texas AF,Southern California BR,Aff,31.097,31.331,0.234,29.73,29.298,-0.432
texas_2,texas,2,Emory FW,Texas NS,Neg,20.61,20.323,-0.287,22.338,25.931,3.593
texas_2,texas,2,Wake Forest BM,Navy CR,Aff,32.276,32.431,0.154,28.543,28.238,-0.306
texas_2,texas,2,West Georgia DK,UTD KP,Aff,32.695,32.928,0.233,30.294,30.023,-0.271
texas_2,texas,2,Wichita State MW,Southern California MT,Neg,23.545,23.149,-0.396,24.307,25.151,0.844
texas_2,texas,2,Kansas WW,North Texas JW (Jones/Wofford),Aff,31.849,31.913,0.063,23.106,22.943,-0.163
texas_2,texas,2,Emory SW,Northwestern HL,Neg,20.499,19.591,-0.907,23.191,23.748,0.557
texas_2,texas,2,Emory KP,UC Berkeley TB,Aff,32.235,32.444,0.209,29.919,29.639,-0.281
texas_2,texas,2,Dartmouth GM,Emory MR,Neg,29.205,25.585,-3.621,31.348,31.509,0.161
texas_2,texas,2,Georgetown PV,James Madison MO,Neg,22.54,22.155,-0.385,23.525,23.936,0.412
texas_2,texas,2,Michigan State AG,Kentucky GS,Neg,21.967,21.676,-0.291,28.123,28.241,0.118
texas_2,texas,2,James Madison BR,Michigan State JS,Neg,25.805,25.299,-0.506,24.557,25.083,0.526
texas_2,texas,2,Michigan State BS,UTD KS,Aff,27.264,27.947,0.683,28.804,28.34,-0.465
texas_3,texas,3,Navy CR,Kansas WH,Neg,28.238,27.805,-0.433,29.287,29.551,0.264
texas_3,texas,3,Iowa KS,UTD KS,Neg,25.051,22.905,-2.146,28.34,28.545,0.205
texas_3,texas,3,Kansas BP,Kansas State AD,Neg,17.273,14.237,-3.035,16.951,17.983,1.033
texas_3,texas,3,Emory FW,Kansas HB,Aff,20.323,20.693,0.37,19.031,17.861,-1.17
texas_3,texas,3,Kentucky GS,Michigan State GL,Neg,28.241,28.168,-0.074,36.382,36.435,0.052
texas_3,texas,3,Wake Forest HN,Wichita State MW,Aff,16.959,21.75,4.792,23.149,22.581,-0.569
texas_3,texas,3,North Texas JW (Jones/Wofford),Stanford LL,Neg,22.943,22.717,-0.226,30.074,30.271,0.196
texas_3,texas,3,Southern California MT,Emory CP,Neg,25.151,24.946,-0.204,33.722,33.784,0.061
texas_3,texas,3,Indiana FM,NYU JT,Neg,7.408,7.158,-0.25,19.429,20.167,0.738
texas_3,texas,3,Arizona State SS,Georgetown PV,Neg,16.179,15.805,-0.374,22.155,22.321,0.166
texas_3,texas,3,Kansas SA,Texas AF,Aff,35.649,37.433,1.784,31.331,31.199,-0.132
texas_3,texas,3,Texas NS,Macalester/Michigan WG,Aff,25.931,28.446,2.515,25.465,22.925,-2.54
texas_3,texas,3,Purdue AH,Michigan State AG,Aff,17.605,22.158,4.553,21.676,20.933,-0.743
texas_3,texas,3,Emory SW,Wake Forest EP,Neg,19.591,19.268,-0.323,27.85,27.944,0.094
texas_3,texas,3,Kansas WW,Emory GY,Neg,31.913,31.581,-0.332,30.708,31.164,0.456
texas_3,texas,3,Emory GH,James Madison MO,Aff,41.711,41.713,0.002,23.936,23.932,-0.004
texas_3,texas,3,Dartmouth GM,Liberty CL,Neg,25.585,23.478,-2.107,29.416,29.941,0.525
texas_3,texas,3,Dartmouth CaGu,George Mason WR,Neg,29.242,28.069,-1.173,29.486,29.84,0.354
texas_3,texas,3,Houston DF,Michigan ES (Esmailzadeh/Shetty),Neg,24.449,24.37,-0.079,35.386,35.465,0.079
texas_3,texas,3,Michigan State MM,Wake Forest LS,Aff,34.494,34.746,0.252,32.248,32.056,-0.192
texas_3,texas,3,Minnesota HU,Kansas HM,Aff,14.086,18.611,4.525,20.654,19.28,-1.374
texas_3,texas,3,Harvard DS,Emory RT,Aff,29.144,29.262,0.119,20.596,20.445,-0.151
texas_3,texas,3,Kentucky AM,Binghamton KR,Aff,37.859,37.884,0.024,26.196,26.024,-0.172
texas_3,texas,3,CSU Long Beach OM,Emory MR,Aff,35.434,35.568,0.134,31.509,31.347,-0.163
texas_3,texas,3,Dartmouth KR,Southern California BR,Neg,25.658,25.312,-0.347,29.298,29.585,0.287
texas_3,texas,3,Kansas LM,Kansas State SR,Aff,19.855,21.859,2.004,13.659,13.147,-0.512
texas_3,texas,3,Emory KP,Kansas LS,Neg,32.444,32.244,-0.2,34.918,35.119,0.201
texas_3,texas,3,Michigan State JS,Georgetown CS,Neg,25.083,25.007,-0.077,34.578,34.629,0.051
texas_3,texas,3,Kansas EM,George Mason DF,Neg,18.436,16.997,-1.439,25.022,25.173,0.151
texas_3,texas,3,Harvard FK,Dartmouth BJ,Neg,11.904,11.687,-0.217,19.27,19.397,0.127
texas_3,texas,3,Houston KY,Michigan BP,Neg,33.939,32.243,-1.696,39.3,39.381,0.081
texas_3,texas,3,Northwestern HL,Dartmouth CG,Neg,23.748,23.156,-0.592,25.927,26.158,0.232
texas_3,texas,3,Binghamton TP,Dartmouth ML,Neg,18.936,15.675,-3.261,17.844,20.819,2.975
texas_3,texas,3,Wake Forest BW,Michigan AO,Aff,30.987,31.137,0.15,25.206,25.071,-0.135
texas_3,texas,3,West Georgia DK,Binghamton TC,Neg,32.928,32.693,-0.235,35.123,35.285,0.162
texas_3,texas,3,Macalester PK,Harvard AB,Aff,37.085,37.197,0.111,28.441,28.312,-0.129
texas_3,texas,3,Iowa AP,Michigan State BS,Aff,31.179,31.379,0.2,27.947,27.605,-0.341
texas_3,texas,3,Northwestern DR,Baylor LD,Aff,36.355,36.406,0.051,28.125,27.82,-0.305
texas_3,texas,3,Michigan SS,Navy LS,Aff,34.04,34.041,0.001,12.988,12.985,-0.003
texas_3,texas,3,Kansas BW,Northwestern AL,Neg,25.196,24.873,-0.323,29.02,29.194,0.174
texas_3,texas,3,Kentucky RS,Kansas State SS,Aff,29.9,29.985,0.086,20.066,19.761,-0.304
texas_3,texas,3,NYU MS,Northern Iowa VD,Aff,32.493,32.511,0.019,16.71,16.492,-0.218
texas_3,texas,3,Dartmouth BC,Wake Forest BM,Neg,39.482,39.079,-0.404,32.431,32.977,0.547
texas_3,texas,3,UTD HR,Emory PO,Aff,27.539,27.79,0.252,24.669,24.263,-0.406
texas_3,texas,3,James Madison CP,Macalester HD,Neg,23.52,22.967,-0.553,20.156,21.809,1.653
texas_3,texas,3,Michigan DS,Wichita State GM,Aff,23.319,23.901,0.582,20.534,20.205,-0.329
texas_3,texas,3,Southern Nazarene BS,Samford GP,Neg,18.501,15.842,-2.659,20.02,20.63,0.611
texas_3,texas,3,Kansas MR,Minnesota PW,Aff,42.215,42.301,0.087,36.262,34.826,-1.437
texas_3,texas,3,UTD KP,Southern California BrRe,Neg,30.023,29.475,-0.548,25.892,26.821,0.928
texas_3,texas,3,Iowa BW,Houston AS,Neg,27.93,27.609,-0.321,24.58,29.684,5.103
texas_3,texas,3,Oklahoma LM,James Madison BR,Neg,17.882,16.519,-1.363,25.299,25.432,0.133
texas_3,texas,3,Kansas SH,Emory LY,Aff,29.478,31.579,2.101,36.413,35.922,-0.49
texas_4,texas,4,Dartmouth BJ,Iowa BW,Aff,19.397,20.31,0.913,27.609,26.865,-0.744
texas_4,texas,4,Navy LS,Kansas BW,Neg,12.985,12.895,-0.09,24.873,24.929,0.056
texas_4,texas,4,Kansas HM,Harvard FK,Aff,19.28,19.567,0.287,11.687,11.484,-0.203
texas_4,texas,4,Wake Forest EP,Navy CR,Neg,27.944,27.578,-0.366,27.805,28.279,0.474
texas_4,texas,4,Emory MR,UTD HR,Aff,31.347,31.514,0.168,27.79,27.569,-0.222
texas_4,texas,4,Minnesota PW,Texas NS,Neg,34.826,31.532,-3.293,28.446,32.106,3.66
texas_4,texas,4,Liberty CL,Kentucky AM,Neg,29.941,29.674,-0.267,37.884,37.939,0.055
texas_4,texas,4,Houston AS,Wake Forest BW,Aff,29.684,32.772,3.088,31.137,30.81,-0.327
texas_4,texas,4,Emory CP,Houston KY,Aff,33.784,33.964,0.18,32.243,30.087,-2.156
texas_4,texas,4,Macalester HD,Emory KP,Neg,21.809,21.645,-0.164,32.244,32.285,0.041
texas_4,texas,4,James Madison MO,Michigan SS,Neg,23.932,23.865,-0.067,34.041,34.078,0.037
texas_4,texas,4,Binghamton TC,Kansas SH,Aff,35.285,35.406,0.122,31.579,31.018,-0.561
texas_4,texas,4,Wichita State GM,Dartmouth GM,Aff,20.205,20.716,0.511,23.478,19.987,-3.491
texas_4,texas,4,Wake Forest BM,CSU Long Beach OM,Neg,32.977,32.801,-0.176,35.568,35.732,0.164
texas_4,texas,4,Michigan State AG,Kansas EM,Aff,20.933,21.282,0.35,16.997,15.35,-1.646
texas_4,texas,4,Emory LY,Purdue AH,Aff,35.922,35.945,0.023,22.158,21.897,-0.261
texas_4,texas,4,Missouri State BN,Dartmouth BC,Neg,25.271,24.769,-0.502,39.079,39.099,0.02
texas_4,texas,4,Texas AF,Minnesota HU,Aff,31.199,31.228,0.03,18.611,18.34,-0.271
texas_4,texas,4,Michigan AO,Kansas WW,Aff,25.071,25.713,0.643,31.581,31.037,-0.543
texas_4,texas,4,Baylor LD,Southern Nazarene BS,Aff,27.82,27.985,0.164,15.842,15.391,-0.451
texas_4,texas,4,Georgetown CS,Michigan State MM,Aff,34.629,34.922,0.293,34.746,34.41,-0.336
texas_4,texas,4,Kansas State AD,Dartmouth KR,Neg,17.983,17.591,-0.393,25.312,25.485,0.173
texas_4,texas,4,Kansas HB,Oklahoma LM,Aff,17.861,18.716,0.855,16.519,14.245,-2.274
texas_4,texas,4,Southern California BR,Kentucky GS,Neg,29.585,29.032,-0.553,28.168,28.522,0.355
texas_4,texas,4,Kansas WH,Michigan DS,Aff,29.551,29.673,0.122,23.901,23.562,-0.339
texas_4,texas,4,Kansas State SS,Houston DF,Aff,19.761,21.848,2.087,24.37,23.545,-0.825
texas_4,texas,4,Emory GY,Southern California MT,Aff,31.164,31.304,0.14,24.946,24.629,-0.317
texas_4,texas,4,Northern Iowa VD,Binghamton TP,Aff,16.492,18.593,2.101,15.675,13.326,-2.348
texas_4,texas,4,Kansas State SR,Kansas BP,Neg,13.147,12.238,-0.908,14.237,16.302,2.065
texas_4,texas,4,Kansas LS,Iowa AP,Aff,35.119,35.279,0.159,31.379,31.198,-0.181
texas_4,texas,4,Macalester/Michigan WG,Iowa KS,Neg,22.925,20.641,-2.284,22.905,24.973,2.068
texas_4,texas,4,Emory PO,Arizona State SS,Aff,24.263,24.403,0.14,15.805,15.59,-0.215
texas_4,texas,4,Dartmouth ML,James Madison CP,Aff,20.819,24.208,3.389,22.967,22.581,-0.386
texas_4,texas,4,UTD KS,Kansas MR,Neg,28.545,28.527,-0.017,42.301,42.312,0.01
texas_4,texas,4,Michigan ES (Esmailzadeh/Shetty),Kentucky RS,Aff,35.465,35.72,0.255,29.985,29.795,-0.191
texas_4,texas,4,Michigan State GL,Northwestern DR,Neg,36.435,36.212,-0.223,36.406,36.613,0.207
texas_4,texas,4,George Mason WR,Macalester PK,Neg,29.84,29.727,-0.113,37.197,37.339,0.142
texas_4,texas,4,Dartmouth CG,Emory GH,Neg,26.158,26.151,-0.007,41.713,41.718,0.005
texas_4,texas,4,Michigan State BS,Emory FW,Aff,27.605,27.773,0.167,20.693,20.543,-0.15
texas_4,texas,4,James Madison BR,NYU MS,Neg,25.432,25.304,-0.128,32.511,32.607,0.096
texas_4,texas,4,George Mason DF,Harvard DS,Neg,25.173,24.945,-0.227,29.262,29.534,0.272
texas_4,texas,4,Georgetown PV,Dartmouth CaGu,Neg,22.321,22.153,-0.168,28.069,28.535,0.466
texas_4,texas,4,Northwestern AL,UC Berkeley TB,Neg,29.194,28.912,-0.282,29.639,29.989,0.35
texas_4,texas,4,Binghamton KR,Emory SW,Aff,26.024,26.51,0.486,19.268,18.859,-0.409
texas_4,texas,4,Southern California BrRe,West Georgia DK,Neg,26.821,26.598,-0.223,32.693,32.813,0.12
texas_4,texas,4,Stanford LL,Wake Forest HN,Aff,30.271,30.426,0.155,21.75,21.11,-0.64
texas_4,texas,4,Michigan BP,Kansas SA,Neg,39.381,39.189,-0.192,37.433,40.302,2.869
texas_4,texas,4,Emory RT,North Texas JW (Jones/Wofford),Neg,20.445,20.001,-0.444,22.717,23.201,0.484
texas_4,texas,4,NYU JT,Northwestern HL,Neg,20.167,17.958,-2.209,23.156,23.569,0.413
texas_4,texas,4,Samford GP,UTD KP,Neg,20.63,20.432,-0.199,29.475,29.55,0.075
texas_4,texas,4,Harvard AB,Michigan State JS,Neg,28.312,27.533,-0.779,25.007,25.606,0.6
texas_5,texas,5,NYU MS,Wake Forest BW,Aff,32.607,32.846,0.239,30.81,30.533,-0.277
texas_5,texas,5,Houston DF,Northern Iowa VD,Aff,23.545,23.795,0.251,18.593,17.337,-1.255
texas_5,texas,5,Kansas WH,Wake Forest BM,Neg,29.673,29.485,-0.188,32.801,32.959,0.158
texas_5,texas,5,Emory PO,Kentucky RS,Aff,24.403,25.355,0.952,29.795,29.065,-0.73
texas_5,texas,5,Missouri State BN,Southern California BrRe,Neg,24.769,22.143,-2.626,26.598,26.933,0.335
texas_5,texas,5,North Texas JW (Jones/Wofford),Minnesota PW,Neg,23.201,23.031,-0.171,31.532,32.152,0.619
texas_5,texas,5,Michigan State AG,Emory RT,Aff,21.282,21.817,0.535,20.001,19.522,-0.479
texas_5,texas,5,Binghamton TP,Oklahoma LM,Neg,13.326,11.35,-1.977,14.245,15.997,1.752
texas_5,texas,5,Emory FW,Navy LS,Aff,20.543,20.67,0.127,12.895,12.657,-0.238
texas_5,texas,5,Texas AF,Emory GY,Neg,31.228,30.96,-0.268,31.304,31.668,0.364
texas_5,texas,5,Southern California BR,Dartmouth ML,Aff,29.032,29.236,0.205,24.208,23.045,-1.163
texas_5,texas,5,Northwestern AL,Dartmouth BJ,Aff,28.912,28.975,0.063,20.31,20.225,-0.085
texas_5,texas,5,Dartmouth BC,Emory MR,Neg,39.099,38.69,-0.409,31.514,32.111,0.597
texas_5,texas,5,Kansas HM,James Madison CP,Neg,19.567,18.977,-0.59,22.581,22.83,0.25
texas_5,texas,5,UC Berkeley TB,UTD KP,Aff,29.989,30.323,0.334,29.55,29.229,-0.321
texas_5,texas,5,Wichita State GM,Harvard AB,Neg,20.716,20.563,-0.153,27.533,27.704,0.171
texas_5,texas,5,Macalester/Michigan WG,NYU JT,Aff,20.641,22.099,1.458,17.958,16.288,-1.67
texas_5,texas,5,Dartmouth KR,Liberty CL,Neg,25.485,25.197,-0.288,29.674,30.176,0.502
texas_5,texas,5,Kansas State SS,Binghamton KR,Neg,21.848,21.253,-0.595,26.51,27.129,0.619
texas_5,texas,5,Indiana FM,Kansas WW,Neg,7.158,7.156,-0.002,31.037,31.038,0.0
texas_5,texas,5,Wichita State MW,Iowa BW,Neg,22.581,22.355,-0.226,26.865,27.036,0.17
texas_5,texas,5,Kansas State SR,Emory SW,Neg,12.238,11.814,-0.424,18.859,19.249,0.39
texas_5,texas,5,Harvard DS,Michigan BP,Neg,29.534,29.455,-0.08,39.189,39.221,0.032
texas_5,texas,5,Georgetown CS,Emory CP,Aff,34.922,35.17,0.248,33.964,33.732,-0.232
texas_5,texas,5,Michigan SS,Emory KP,Aff,34.078,34.275,0.196,32.285,32.071,-0.214
texas_5,texas,5,Iowa AP,Houston AS,Aff,31.198,31.496,0.297,32.772,30.351,-2.421
texas_5,texas,5,Kansas BP,Southern California MT,Neg,16.302,15.664,-0.638,24.629,24.843,0.214
texas_5,texas,5,Michigan State GL,Texas NS,Aff,36.212,36.32,0.108,32.106,30.815,-1.292
texas_5,texas,5,Samford GP,Purdue AH,Aff,20.432,21.229,0.798,21.897,19.361,-2.536
texas_5,texas,5,Michigan ES (Esmailzadeh/Shetty),Michigan State MM,Neg,35.72,35.068,-0.652,34.41,34.772,0.362
texas_5,texas,5,Minnesota HU,Dartmouth GM,Aff,18.34,20.359,2.019,19.987,17.956,-2.031
texas_5,texas,5,UTD KS,Kansas LM,Neg,28.527,28.053,-0.474,21.859,27.286,5.427
texas_5,texas,5,George Mason DF,Wake Forest LS,Aff,24.945,25.768,0.823,32.056,31.538,-0.518
texas_5,texas,5,Wake Forest HN,Kansas HB,Neg,21.11,18.879,-2.231,18.716,19.931,1.214
texas_5,texas,5,Iowa KS,Dartmouth CG,Neg,24.973,23.151,-1.822,26.151,26.382,0.231
texas_5,texas,5,Dartmouth CaGu,Michigan DS,Aff,28.535,29.021,0.486,23.562,23.207,-0.355
texas_5,texas,5,Kansas SA,Macalester PK,Neg,40.302,37.893,-2.409,37.339,37.876,0.538
texas_5,texas,5,Georgetown PV,Kansas State AD,Aff,22.153,22.352,0.199,17.591,17.004,-0.586
texas_5,texas,5,Kansas LS,Northwestern DR,Aff,35.279,35.6,0.321,36.613,36.377,-0.236
texas_5,texas,5,Michigan AO,Houston KY,Neg,25.713,25.559,-0.154,30.087,31.273,1.187
texas_5,texas,5,Navy CR,George Mason WR,Neg,28.279,27.915,-0.365,29.727,30.034,0.307
texas_5,texas,5,West Georgia DK,Michigan State JS,Neg,32.813,32.205,-0.608,25.606,26.435,0.829
texas_5,texas,5,Arizona State SS,Harvard FK,Aff,15.59,16.044,0.454,11.484,11.125,-0.358
texas_5,texas,5,Binghamton TC,CSU Long Beach OM,Neg,35.406,35.201,-0.205,35.732,35.955,0.223
texas_5,texas,5,Kansas SH,Kentucky GS,Aff,31.018,31.632,0.614,28.522,28.322,-0.2
texas_5,texas,5,Northwestern HL,Baylor LD,Neg,23.569,23.207,-0.363,27.985,28.537,0.553
texas_5,texas,5,Michigan State BS,Kentucky AM,Aff,27.773,29.038,1.265,37.939,37.416,-0.523
texas_5,texas,5,Macalester HD,UTD HR,Neg,21.645,21.234,-0.411,27.569,27.709,0.141
texas_5,texas,5,Kansas EM,Southern Nazarene BS,Neg,15.35,13.493,-1.858,15.391,17.424,2.033
texas_5,texas,5,Kansas MR,Emory GH,Aff,42.312,42.521,0.21,41.718,41.502,-0.216
texas_5,texas,5,Emory LY,Stanford LL,Aff,35.945,36.056,0.111,30.426,30.177,-0.249
texas_6,texas,6,Kansas State AD,UTD KS,Neg,17.004,16.864,-0.141,28.053,28.1,0.047
texas_6,texas,6,Harvard AB,NYU MS,Neg,27.704,27.477,-0.227,32.846,32.98,0.134
texas_6,texas,6,Emory KP,Michigan State AG,Aff,32.071,32.109,0.039,21.817,21.726,-0.091
texas_6,texas,6,Northwestern DR,Emory LY,Neg,36.377,36.172,-0.204,36.056,36.331,0.275
texas_6,texas,6,Southern California BrRe,Harvard DS,Aff,26.933,27.604,0.672,29.455,28.849,-0.605
texas_6,texas,6,Wake Forest BW,Macalester HD,Aff,30.533,30.6,0.067,21.234,21.044,-0.19
texas_6,texas,6,Emory GY,Kansas SA,Aff,31.668,32.224,0.556,37.893,35.261,-2.632
texas_6,texas,6,Michigan BP,Michigan State BS,Aff,39.221,39.248,0.027,29.038,28.972,-0.066
texas_6,texas,6,James Madison CP,Michigan AO,Neg,22.83,22.57,-0.26,25.559,25.768,0.209
texas_6,texas,6,Emory CP,George Mason DF,Neg,33.732,33.18,-0.552,25.768,26.596,0.827
texas_6,texas,6,Liberty CL,Texas AF,Aff,30.176,31.1,0.924,30.96,30.685,-0.274
texas_6,texas,6,Michigan State MM,Kansas MR,Neg,34.772,34.692,-0.08,42.521,42.578,0.057
texas_6,texas,6,Kansas HB,North Texas JW (Jones/Wofford),Aff,19.931,21.282,1.351,23.031,22.243,-0.787
texas_6,texas,6,Houston AS,Samford GP,Aff,30.351,30.777,0.426,21.229,21.046,-0.184
texas_6,texas,6,Oklahoma LM,Wake Forest HN,Neg,15.997,14.709,-1.288,18.879,19.891,1.011
texas_6,texas,6,Texas NS,Northwestern AL,Neg,30.815,28.644,-2.17,28.975,29.273,0.298
texas_6,texas,6,Kentucky RS,Minnesota HU,Aff,29.065,29.163,0.098,20.359,19.895,-0.464
texas_6,texas,6,Kansas WW,Dartmouth KR,Aff,31.038,31.144,0.106,25.197,24.989,-0.208
texas_6,texas,6,Wake Forest BM,Kansas SH,Aff,32.959,33.153,0.194,31.632,30.967,-0.665
texas_6,texas,6,Dartmouth CG,Michigan ES (Esmailzadeh/Shetty),Neg,26.382,26.316,-0.066,35.068,35.183,0.115
texas_6,texas,6,Wake Forest LS,Missouri State BN,Aff,31.538,31.593,0.054,22.143,21.459,-0.685
texas_6,texas,6,Purdue AH,Kansas EM,Aff,19.361,20.193,0.832,13.493,12.647,-0.845
texas_6,texas,6,Indiana FM,Binghamton TP,Aff,7.156,8.83,1.674,11.35,8.563,-2.787
texas_6,texas,6,Binghamton KR,Kansas BW,Neg,27.129,25.766,-1.364,24.929,25.542,0.613
texas_6,texas,6,Navy LS,Wichita State MW,Neg,12.657,12.515,-0.143,22.355,22.428,0.073
texas_6,texas,6,UTD HR,Dartmouth BC,Neg,27.709,27.67,-0.039,38.69,38.71,0.02
texas_6,texas,6,UTD KP,Macalester/Michigan WG,Aff,29.229,29.335,0.106,22.099,21.366,-0.733
texas_6,texas,6,Dartmouth ML,Emory FW,Aff,23.045,24.412,1.367,20.67,20.385,-0.285
texas_6,texas,6,Michigan DS,Wake Forest EP,Neg,23.207,22.831,-0.376,27.578,27.759,0.181
texas_6,texas,6,Kentucky AM,Georgetown PV,Aff,37.416,37.421,0.006,22.352,22.341,-0.011
texas_6,texas,6,George Mason WR,Kansas WH,Neg,30.034,29.646,-0.388,29.485,29.788,0.303
texas_6,texas,6,Kansas LM,Michigan State GL,Neg,27.286,26.658,-0.628,36.32,36.369,0.049
texas_6,texas,6,Minnesota PW,Southern California BR,Neg,32.152,29.773,-2.379,29.236,29.729,0.493
texas_6,texas,6,Michigan State JS,Binghamton TC,Neg,26.435,26.357,-0.079,35.201,35.243,0.042
texas_6,texas,6,Baylor LD,Emory PO,Aff,28.537,29.153,0.615,25.355,25.038,-0.318
texas_6,texas,6,Kentucky GS,Dartmouth CaGu,Neg,28.322,28.075,-0.247,29.021,29.867,0.846
texas_6,texas,6,NYU JT,Arizona State SS,Aff,16.288,18.286,1.998,16.044,15.417,-0.628
texas_6,texas,6,Houston KY,West Georgia DK,Neg,31.273,29.705,-1.569,32.205,32.428,0.223
texas_6,texas,6,Dartmouth BJ,Houston DF,Neg,20.225,19.998,-0.227,23.795,24.114,0.319
texas_6,texas,6,Stanford LL,UC Berkeley TB,Aff,30.177,30.736,0.559,30.323,29.985,-0.338
texas_6,texas,6,Macalester PK,Georgetown CS,Aff,37.876,38.184,0.307,35.17,34.986,-0.184
texas_6,texas,6,CSU Long Beach OM,Kansas LS,Aff,35.955,36.171,0.216,35.6,35.349,-0.251
texas_6,texas,6,Emory SW,Wichita State GM,Aff,19.249,20.364,1.115,20.563,20.08,-0.483
texas_6,texas,6,Emory GH,Michigan SS,Aff,41.502,41.568,0.066,34.275,34.204,-0.071
texas_6,texas,6,Harvard FK,Kansas State SR,Neg,11.125,10.593,-0.533,11.814,12.753,0.939
texas_6,texas,6,Southern Nazarene BS,Kansas BP,Neg,17.424,15.362,-2.062,15.664,17.552,1.888
texas_6,texas,6,Southern California MT,Northwestern HL,Neg,24.843,23.98,-0.863,23.207,23.967,0.761
texas_6,texas,6,Emory MR,Iowa AP,Neg,32.111,31.826,-0.285,31.496,31.816,0.321
texas_6,texas,6,Northern Iowa VD,Kansas State SS,Neg,17.337,16.148,-1.189,21.253,21.84,0.587
texas_6,texas,6,Dartmouth GM,Kansas HM,Aff,17.956,19.759,1.803,18.977,18.18,-0.796
texas_6,texas,6,Iowa BW,Navy CR,Aff,27.036,27.383,0.347,27.915,27.445,-0.47
texas_7,texas,7,Houston DF,Texas NS,Neg,24.114,23.863,-0.252,28.644,29.446,0.802
texas_7,texas,7,Dartmouth ML,Texas AF,Aff,24.412,27.204,2.792,30.685,30.279,-0.406
texas_7,texas,7,Michigan State GL,Wake Forest BM,Aff,36.369,36.502,0.133,33.153,33.004,-0.149
texas_7,texas,7,Dartmouth BC,Northwestern AL,Aff,38.71,38.741,0.031,29.273,29.225,-0.047
texas_7,texas,7,Southern California BrRe,Kentucky AM,Neg,27.604,27.527,-0.078,37.421,37.454,0.032
texas_7,texas,7,UTD HR,Wake Forest BW,Aff,27.67,28.153,0.482,30.6,30.133,-0.467
texas_7,texas,7,Southern Nazarene BS,Northern Iowa VD,Neg,15.362,13.983,-1.379,16.148,17.567,1.418
texas_7,texas,7,North Texas JW (Jones/Wofford),Indiana FM,Aff,22.243,22.287,0.044,8.83,8.732,-0.098
texas_7,texas,7,Purdue AH,Emory SW,Neg,20.193,18.635,-1.559,20.364,21.117,0.753
texas_7,texas,7,Wichita State GM,Macalester HD,Neg,20.08,19.724,-0.356,21.044,21.816,0.772
texas_7,texas,7,Macalester/Michigan WG,Dartmouth GM,Neg,21.366,19.519,-1.847,19.759,21.235,1.476
texas_7,texas,7,Michigan BP,CSU Long Beach OM,Neg,39.248,38.971,-0.277,36.171,36.488,0.317
texas_7,texas,7,Wake Forest LS,UTD KS,Aff,31.593,31.74,0.147,28.1,27.884,-0.217
texas_7,texas,7,Stanford LL,Michigan ES (Esmailzadeh/Shetty),Neg,30.736,30.469,-0.267,35.183,35.446,0.263
texas_7,texas,7,Dartmouth KR,James Madison CP,Aff,24.989,25.345,0.356,22.57,22.311,-0.26
texas_7,texas,7,Kansas State AD,Kansas HM,Aff,16.864,17.945,1.081,18.18,17.36,-0.82
texas_7,texas,7,Kansas BP,Michigan DS,Aff,17.552,20.05,2.497,22.831,21.872,-0.959
texas_7,texas,7,UC Berkeley TB,Emory PO,Neg,29.985,29.442,-0.543,25.038,25.862,0.824
texas_7,texas,7,Kansas MR,Macalester PK,Aff,42.578,42.69,0.111,38.184,37.961,-0.223
texas_7,texas,7,Kansas State SR,Arizona State SS,Aff,12.753,13.952,1.199,15.417,14.522,-0.895
texas_7,texas,7,Dartmouth CaGu,Michigan SS,Neg,29.867,29.415,-0.452,34.204,34.327,0.124
texas_7,texas,7,Emory LY,Kansas LS,Neg,36.331,36.044,-0.287,35.349,35.636,0.287
texas_7,texas,7,Binghamton TC,Iowa AP,Aff,35.243,35.368,0.125,31.816,31.642,-0.175
texas_7,texas,7,Emory GH,Southern California BR,Aff,41.568,41.587,0.02,29.729,29.692,-0.037
texas_7,texas,7,Dartmouth CG,Iowa BW,Neg,26.316,26.052,-0.263,27.383,27.647,0.264
texas_7,texas,7,Dartmouth BJ,Minnesota HU,Aff,19.998,20.321,0.323,19.895,18.368,-1.527
texas_7,texas,7,Oklahoma LM,Navy LS,Aff,14.709,15.973,1.264,12.515,12.004,-0.511
texas_7,texas,7,Harvard DS,Kansas HB,Aff,28.849,28.977,0.127,21.282,21.012,-0.27
texas_7,texas,7,Binghamton KR,Iowa KS,Neg,25.766,24.673,-1.092,23.151,25.24,2.089
texas_7,texas,7,Houston AS,Northwestern DR,Neg,30.777,30.033,-0.744,36.172,36.253,0.081
texas_7,texas,7,Liberty CL,Kansas SH,Neg,31.1,30.36,-0.74,30.967,31.667,0.699
texas_7,texas,7,Kansas State SS,Minnesota PW,Neg,21.84,21.542,-0.298,29.773,30.234,0.461
texas_7,texas,7,UTD KP,Houston KY,Aff,29.335,29.634,0.3,29.705,28.181,-1.523
texas_7,texas,7,Southern California MT,Wake Forest HN,Aff,23.98,24.347,0.367,19.891,19.074,-0.816
texas_7,texas,7,Michigan State JS,NYU MS,Aff,26.357,27.09,0.733,32.98,32.414,-0.566
texas_7,texas,7,Kansas SA,George Mason DF,Aff,35.261,35.569,0.308,26.596,26.513,-0.083
texas_7,texas,7,Wake Forest EP,George Mason WR,Aff,27.759,28.184,0.425,29.646,29.215,-0.43
texas_7,texas,7,Harvard AB,Kansas LM,Aff,27.477,27.844,0.367,26.658,24.835,-1.823
texas_7,texas,7,Missouri State BN,Emory FW,Aff,21.459,23.434,1.976,20.385,20.075,-0.31
texas_7,texas,7,Wichita State MW,Michigan State AG,Neg,22.428,22.001,-0.427,21.726,22.362,0.636
texas_7,texas,7,NYU JT,Georgetown PV,Aff,18.286,20.85,2.564,22.341,21.843,-0.497
texas_7,texas,7,Emory CP,Northwestern HL,Aff,33.18,33.227,0.046,23.967,23.847,-0.12
texas_7,texas,7,Harvard FK,Binghamton TP,Aff,10.593,10.997,0.404,8.563,7.249,-1.314
texas_7,texas,7,Kansas WH,West Georgia DK,Neg,29.788,29.598,-0.19,32.428,32.622,0.194
texas_7,texas,7,Baylor LD,Emory MR,Neg,29.153,28.538,-0.615,31.826,31.996,0.169
texas_7,texas,7,Michigan State BS,Emory KP,Aff,28.972,29.613,0.641,32.109,31.74,-0.369
texas_7,texas,7,Michigan State MM,Kansas BW,Aff,34.692,34.75,0.058,25.542,25.445,-0.097
texas_7,texas,7,Kansas WW,Kentucky RS,Neg,31.144,30.813,-0.331,29.163,29.668,0.505
texas_7,texas,7,Michigan AO,Kentucky GS,Neg,25.768,25.55,-0.217,28.075,28.278,0.202
texas_7,texas,7,Georgetown CS,Emory GY,Aff,34.986,35.165,0.179,32.224,31.995,-0.229
texas_8,texas,8,NYU MS,Dartmouth CaGu,Neg,32.414,32.045,-0.369,29.415,30.493,1.079
texas_8,texas,8,Kansas SH,Dartmouth BC,Neg,31.667,31.453,-0.214,38.741,38.798,0.056
texas_8,texas,8,Iowa KS,Harvard DS,Neg,25.24,24.36,-0.88,28.977,29.215,0.238
texas_8,texas,8,Kansas LS,Michigan State GL,Aff,35.636,35.913,0.276,36.502,36.269,-0.233
texas_8,texas,8,Georgetown PV,Wichita State MW,Aff,21.843,22.221,0.378,22.001,21.61,-0.39
texas_8,texas,8,Texas AF,Kansas BP,Aff,30.279,30.32,0.041,20.05,19.814,-0.236
texas_8,texas,8,Emory PO,Stanford LL,Neg,25.862,25.633,-0.229,30.469,30.718,0.249
texas_8,texas,8,Kansas HB,Houston DF,Neg,21.012,20.44,-0.572,23.863,24.182,0.319
texas_8,texas,8,Kansas BW,Emory CP,Neg,25.445,25.315,-0.13,33.227,33.29,0.064
texas_8,texas,8,CSU Long Beach OM,Kansas MR,Neg,36.488,36.411,-0.077,42.69,42.767,0.078
texas_8,texas,8,Emory MR,Michigan BP,Neg,31.996,31.918,-0.077,38.971,39.028,0.057
texas_8,texas,8,Wake Forest BM,Michigan State BS,Aff,33.004,33.144,0.141,29.613,29.352,-0.261
texas_8,texas,8,Kentucky GS,Harvard AB,Neg,28.278,27.996,-0.282,27.844,28.328,0.484
texas_8,texas,8,Iowa BW,Baylor LD,Neg,27.647,27.397,-0.25,28.538,29.255,0.717
texas_8,texas,8,Michigan SS,Emory LY,Neg,34.327,34.138,-0.189,36.044,36.239,0.195
texas_8,texas,8,Arizona State SS,Purdue AH,Neg,14.522,14.168,-0.354,18.635,19.455,0.821
texas_8,texas,8,Minnesota PW,Liberty CL,Aff,30.234,31.565,1.332,30.36,29.719,-0.64
texas_8,texas,8,Michigan DS,Oklahoma LM,Aff,21.872,22.122,0.25,15.973,15.33,-0.644
texas_8,texas,8,Wake Forest BW,Missouri State BN,Aff,30.133,30.244,0.111,23.434,22.701,-0.733
texas_8,texas,8,George Mason WR,NYU JT,Aff,29.215,29.298,0.083,20.85,20.455,-0.395
texas_8,texas,8,Emory FW,Kansas State AD,Aff,20.075,20.369,0.294,17.945,17.285,-0.66
texas_8,texas,8,Macalester HD,North Texas JW (Jones/Wofford),Neg,21.816,21.078,-0.738,22.287,22.793,0.506
texas_8,texas,8,UTD KS,Michigan AO,Aff,27.884,28.135,0.251,25.55,25.341,-0.209
texas_8,texas,8,Kentucky AM,Georgetown CS,Aff,37.454,37.602,0.148,35.165,34.975,-0.19
texas_8,texas,8,Iowa AP,Kansas SA,Neg,31.642,31.491,-0.151,35.569,36.245,0.676
texas_8,texas,8,Michigan ES (Esmailzadeh/Shetty),Emory GH,Neg,35.446,35.261,-0.185,41.587,41.67,0.082
texas_8,texas,8,Northern Iowa VD,Dartmouth CG,Neg,17.567,17.153,-0.414,26.052,26.124,0.072
texas_8,texas,8,Binghamton TP,Southern Nazarene BS,Neg,7.249,6.684,-0.565,13.983,14.551,0.568
texas_8,texas,8,Northwestern DR,Dartmouth ML,Aff,36.253,36.293,0.04,27.204,26.911,-0.293
texas_8,texas,8,Dartmouth GM,Kansas WH,Neg,21.235,20.894,-0.341,29.598,29.664,0.066
texas_8,texas,8,Kansas LM,Kansas State SS,Aff,24.835,25.916,1.081,21.542,20.973,-0.569
texas_8,texas,8,Emory SW,Southern California MT,Aff,21.117,22.212,1.095,24.347,23.478,-0.869
texas_8,texas,8,Houston KY,Dartmouth KR,Aff,28.181,29.044,0.863,25.345,25.043,-0.302
texas_8,texas,8,Emory KP,Wake Forest LS,Aff,31.74,31.996,0.256,31.74,31.498,-0.242
texas_8,texas,8,Emory GY,Michigan State JS,Aff,31.995,32.149,0.154,27.09,26.923,-0.167
texas_8,texas,8,Kentucky RS,Southern California BrRe,Aff,29.668,29.947,0.279,27.527,27.174,-0.352
texas_8,texas,8,Michigan State AG,Dartmouth BJ,Neg,22.362,21.671,-0.692,20.321,20.763,0.442
texas_8,texas,8,Indiana FM,Macalester/Michigan WG,Neg,8.732,8.524,-0.208,19.519,19.791,0.272
texas_8,texas,8,Wake Forest HN,UC Berkeley TB,Neg,19.074,18.852,-0.222,29.442,29.492,0.05
texas_8,texas,8,West Georgia DK,Michigan State MM,Neg,32.622,32.418,-0.204,34.75,34.973,0.223
texas_8,texas,8,Minnesota HU,Binghamton KR,Neg,18.368,17.829,-0.539,24.673,25.016,0.342
texas_8,texas,8,Kansas HM,Wichita State GM,Neg,17.36,16.854,-0.506,19.724,20.011,0.287
texas_8,texas,8,James Madison CP,Kansas WW,Neg,22.311,22.232,-0.078,30.813,30.869,0.056
texas_8,texas,8,Southern California BR,UTD KP,Neg,29.692,29.282,-0.41,29.634,29.948,0.313
texas_8,texas,8,Macalester PK,Binghamton TC,Neg,37.961,37.399,-0.562,35.368,35.639,0.271
texas_8,texas,8,Northwestern HL,Samford GP,Neg,23.847,23.075,-0.772,21.046,22.036,0.991
texas_8,texas,8,Navy LS,Kansas State SR,Aff,12.004,12.831,0.827,13.952,12.951,-1.001
texas_8,texas,8,Kansas EM,Harvard FK,Neg,12.647,10.697,-1.95,10.997,11.574,0.578
texas_8,texas,8,Northwestern AL,UTD HR,Aff,29.225,29.465,0.24,28.153,27.865,-0.288
texas_8,texas,8,George Mason DF,Wake Forest EP,Aff,26.513,26.939,0.426,28.184,27.787,-0.397
texas_8,texas,8,Texas NS,Houston AS,Neg,29.446,28.324,-1.122,30.033,31.218,1.185
texas_dubs,texas,dubs,Houston AS,Kansas MR,Neg,31.218,31.063,-0.155,42.767,42.792,0.024
texas_dubs,texas,dubs,Harvard DS,Emory GH,Neg,29.215,29.185,-0.031,41.67,41.686,0.016
texas_dubs,texas,dubs,Michigan State JS,CSU Long Beach OM,Neg,26.923,26.864,-0.059,36.411,36.446,0.035
texas_dubs,texas,dubs,Binghamton TC,Emory CP,Aff,35.639,35.783,0.143,33.29,33.116,-0.175
texas_dubs,texas,dubs,Michigan BP,Dartmouth CaGu,Neg,39.028,38.628,-0.4,30.493,32.072,1.579
texas_dubs,texas,dubs,George Mason DF,Macalester PK,Neg,26.939,26.894,-0.045,37.399,37.452,0.053
texas_dubs,texas,dubs,Northwestern DR,Michigan ES (Esmailzadeh/Shetty),Aff,36.293,36.455,0.162,35.261,34.844,-0.417
texas_dubs,texas,dubs,Kentucky AM,West Georgia DK,Neg,37.602,37.251,-0.351,32.418,32.888,0.47
texas_dubs,texas,dubs,Michigan State MM,Emory KP,Aff,34.973,35.163,0.19,31.996,31.835,-0.162
texas_dubs,texas,dubs,Kansas SH,Michigan State GL,Neg,31.453,31.138,-0.315,36.269,36.365,0.096
texas_dubs,texas,dubs,Georgetown CS,Stanford LL,Aff,34.975,35.108,0.132,30.718,30.463,-0.255
texas_dubs,texas,dubs,Dartmouth BC,Michigan SS,Aff,38.798,38.887,0.09,34.138,34.025,-0.114
texas_dubs,texas,dubs,Baylor LD,Wake Forest BM,Neg,29.255,28.829,-0.426,33.144,33.27,0.126
texas_dubs,texas,dubs,Iowa AP,Emory LY,Aff,31.491,31.952,0.461,36.239,35.836,-0.403
texas_dubs,texas,dubs,Kansas SA,Emory GY,Aff,36.245,36.837,0.592,32.149,31.98,-0.169
texas_octas,texas,octas,Iowa AP,Emory GH,Neg,31.952,31.911,-0.041,41.686,41.72,0.034
texas_octas,texas,octas,CSU Long Beach OM,Wake Forest BM,Neg,36.446,36.141,-0.305,33.27,33.596,0.326
texas_octas,texas,octas,Binghamton TC,Dartmouth BC,Aff,35.783,36.066,0.283,38.887,38.624,-0.263
texas_octas,texas,octas,Georgetown CS,Kansas LS,Aff,35.108,35.383,0.276,35.913,35.648,-0.265
texas_octas,texas,octas,Michigan State GL,Dartmouth CaGu,Neg,36.365,36.057,-0.307,32.072,33.072,0.999
texas_octas,texas,octas,Macalester PK,Michigan State MM,Aff,37.452,37.733,0.281,35.163,34.959,-0.204
texas_octas,texas,octas,Northwestern DR,West Georgia DK,Aff,36.455,36.565,0.11,32.888,32.736,-0.153
texas_quarters,texas,quarters,Kansas MR,Northwestern DR,Aff,42.792,42.868,0.076,36.565,36.499,-0.066
texas_quarters,texas,quarters,Emory GH,Macalester PK,Aff,41.72,41.841,0.121,37.733,37.527,-0.207
texas_quarters,texas,quarters,Dartmouth CaGu,Wake Forest BM,Neg,33.072,32.534,-0.538,33.596,33.794,0.198
texas_quarters,texas,quarters,Georgetown CS,Binghamton TC,Neg,35.383,35.161,-0.222,36.066,36.241,0.175
texas_semis,texas,semis,Kansas MR,Binghamton TC,Aff,42.868,42.937,0.069,36.241,36.179,-0.061
texas_semis,texas,semis,Wake Forest BM,Emory GH,Aff,33.794,34.271,0.477,41.841,41.356,-0.484
texas_finals,texas,finals,Wake Forest BM,Kansas MR,Neg,34.271,34.229,-0.042,42.937,42.979,0.042
