Round,Tournament,Round_Label,Aff,Neg,Win,Aff_Mu_Before,Aff_Mu_After,Aff_Mu_Delta,Neg_Mu_Before,Neg_Mu_After,Neg_Mu_Delta
nu_1,nu,1,Arizona State SS,Kansas LS,Neg,17.59,17.506,-0.084,37.433,37.5,0.067
nu_1,nu,1,Western Kentucky CF,Dartmouth HP (Park/Hatton),Aff,27.145,28.466,1.321,25.0,20.79,-4.21
nu_1,nu,1,Iowa AP,Michigan AO,Aff,33.207,34.049,0.842,26.628,25.763,-0.865
nu_1,nu,1,Northwestern AT,Emory CF (Feldman/Charabuddi),Aff,27.416,30.21,2.794,24.215,21.369,-2.846
nu_1,nu,1,Michigan BP,Baylor LL,Aff,40.173,40.365,0.192,23.199,22.605,-0.594
nu_1,nu,1,Missouri State NS,Emory KS,Neg,27.305,24.251,-3.054,30.978,32.297,1.319
nu_1,nu,1,Wyoming CH,UTD PR,Neg,17.14,16.776,-0.363,31.194,31.459,0.265
nu_1,nu,1,Wake Forest PS (Sencion/Patel),Macalester CD,Aff,28.988,30.813,1.825,20.804,18.872,-1.932
nu_1,nu,1,Dartmouth CG,Western Kentucky SS (Schintgen/StPeter),Neg,26.658,20.949,-5.709,21.345,23.952,2.607
nu_1,nu,1,Georgia CP,Binghamton PT,Neg,25.0,13.725,-11.275,7.671,13.312,5.641
nu_1,nu,1,Harvard AB,Michigan State FM,Aff,29.791,30.803,1.012,25.0,21.604,-3.396
nu_1,nu,1,Michigan ES,Harvard FK,Aff,34.436,34.475,0.039,12.503,12.451,-0.052
nu_1,nu,1,Georgetown LN,Kansas AU,Neg,25.0,21.974,-3.026,30.387,32.687,2.3
nu_1,nu,1,Missouri State CG,Michigan State GL,Neg,19.359,19.172,-0.187,37.251,37.369,0.118
nu_1,nu,1,Michigan CS (Cho/Saudek),Kansas HL,Aff,24.823,27.595,2.772,20.484,19.18,-1.303
nu_1,nu,1,Michigan SS (Shah/Shih),Wake Forest SK (Shakarov/Kampine),Aff,35.683,36.177,0.494,25.0,23.114,-1.886
nu_1,nu,1,Georgetown GT,Emory GM,Neg,23.939,22.101,-1.838,32.928,33.566,0.638
nu_1,nu,1,Georgetown VP,Emory RY,Neg,20.46,19.561,-0.899,34.491,34.811,0.32
nu_1,nu,1,Baylor DL,Michigan HM,Aff,30.074,31.036,0.962,23.41,21.014,-2.397
nu_1,nu,1,Baylor MP,Wake Forest HN,Neg,25.0,19.253,-5.747,22.584,24.602,2.019
nu_1,nu,1,Northwestern LL,Kansas HP,Neg,28.731,26.505,-2.227,35.282,36.292,1.01
nu_1,nu,1,Wyoming WW,Liberty CL,Neg,25.0,22.301,-2.699,32.292,33.073,0.781
nu_1,nu,1,UTD HK,Northwestern PS,Neg,30.763,29.723,-1.04,36.099,37.106,1.008
nu_1,nu,1,Emory GS,Kansas State DR (Raines/Day),Aff,36.683,36.998,0.315,22.062,21.2,-0.862
nu_1,nu,1,Emory AS,Wake Forest AB,Aff,25.0,29.205,4.205,25.0,20.795,-4.205
nu_1,nu,1,Iowa BS,Western Kentucky IP,Aff,26.589,28.493,1.904,25.0,20.742,-4.258
nu_1,nu,1,Michigan State GS,Michigan AM,Aff,26.265,27.699,1.434,25.0,20.504,-4.496
nu_1,nu,1,CSU Long Beach OM,Baylor BK,Aff,37.004,37.15,0.145,20.634,20.444,-0.19
nu_1,nu,1,Western Kentucky KN,Emory CT,Neg,25.0,20.795,-4.205,25.0,29.205,4.205
nu_1,nu,1,Macalester HW,UC Berkeley MR,Aff,27.13,32.92,5.791,31.937,29.826,-2.111
nu_1,nu,1,Emory OP,Kansas State DS,Aff,27.802,28.618,0.817,20.235,18.021,-2.214
nu_1,nu,1,Northwestern LR,Iowa KS,Aff,31.465,33.463,1.998,24.043,22.877,-1.166
nu_1,nu,1,Missouri State HN,Harvard DS,Neg,27.305,23.91,-3.395,29.862,31.15,1.288
nu_1,nu,1,Kansas State AS,Michigan CC,Neg,21.069,19.788,-1.281,25.0,28.619,3.619
nu_1,nu,1,CSU Long Beach ES,Georgetown KL,Aff,21.856,26.048,4.192,25.0,19.697,-5.303
nu_1,nu,1,Emory PS,Kansas CS,Neg,19.657,17.583,-2.074,24.296,26.95,2.654
nu_1,nu,1,Dartmouth BJ,Michigan GJ,Neg,22.439,21.217,-1.223,25.0,29.088,4.088
nu_1,nu,1,Georgetown AC,Kansas HM,Aff,31.99,32.51,0.52,13.967,13.614,-0.352
nu_1,nu,1,Emory SW,Binghamton CK,Neg,25.458,24.793,-0.665,35.449,35.979,0.53
nu_1,nu,1,Emory LY,Kansas BW,Aff,36.693,37.347,0.654,28.574,27.783,-0.791
nu_1,nu,1,Dartmouth GM,Michigan State JS,Neg,21.183,20.303,-0.88,28.966,29.739,0.773
nu_1,nu,1,Dartmouth KR,West Georgia KK,Neg,26.374,25.165,-1.208,29.734,32.77,3.036
nu_1,nu,1,UC Davis MS,Emory CG,Aff,25.0,29.205,4.205,25.0,20.795,-4.205
nu_1,nu,1,Iowa EW,Wake Forest MP,Aff,27.09,29.995,2.905,25.0,21.143,-3.857
nu_1,nu,1,Indiana FT,Wake Forest DE,Neg,17.958,15.209,-2.749,23.057,24.16,1.103
nu_1,nu,1,Emory JR,Kentucky GS,Neg,26.685,23.786,-2.899,30.873,31.882,1.01
nu_1,nu,1,Wichita State GM,UC Berkeley BU,Neg,22.947,22.163,-0.784,30.691,31.589,0.897
nu_1,nu,1,Georgia CK,Oklahoma BW (Werner/Bustos),Aff,25.0,29.205,4.205,25.0,20.795,-4.205
nu_1,nu,1,Kansas OW,George Mason RS,Aff,31.951,32.714,0.763,25.0,22.206,-2.794
nu_1,nu,1,Southern California ZB,Wake Forest SL,Neg,22.25,19.278,-2.973,26.604,27.756,1.152
nu_1,nu,1,Southern California BR,Kansas BM,Aff,30.561,31.048,0.487,19.989,19.431,-0.558
nu_1,nu,1,Cornell LD,George Mason WW,Neg,21.131,18.805,-2.327,27.667,29.793,2.126
nu_1,nu,1,Southern California MT,Stanford LL,Neg,26.19,25.04,-1.149,32.037,32.977,0.941
nu_1,nu,1,Gonzaga RW,Cornell DV,Aff,29.675,30.338,0.663,17.78,16.485,-1.295
nu_1,nu,1,George Mason DG,Trinity KP,Neg,27.626,23.112,-4.515,25.944,27.86,1.915
nu_1,nu,1,North Texas VH,Southern California BM,Neg,25.0,21.047,-3.953,26.695,29.72,3.026
nu_2,nu,2,George Mason WW,Southern California BR,Aff,29.793,33.66,3.867,31.048,29.419,-1.629
nu_2,nu,2,Kansas BM,Cornell LD,Neg,19.431,17.727,-1.704,18.805,22.637,3.832
nu_2,nu,2,Cornell DV,Southern California MT,Neg,16.485,14.884,-1.601,25.04,25.738,0.697
nu_2,nu,2,Stanford LL,Gonzaga RW,Aff,32.977,34.173,1.196,30.338,28.515,-1.823
nu_2,nu,2,Southern California BM,George Mason DG,Neg,29.72,24.807,-4.913,23.112,27.233,4.121
nu_2,nu,2,Trinity KP,North Texas VH,Aff,27.86,28.66,0.8,21.047,18.92,-2.127
nu_2,nu,2,Oklahoma BW (Werner/Bustos),Wichita State GM,Neg,20.795,17.182,-3.613,22.163,23.45,1.287
nu_2,nu,2,UC Berkeley BU,Georgia CK,Neg,31.589,29.686,-1.903,29.205,33.955,4.749
nu_2,nu,2,Wake Forest SL,Kansas OW,Neg,27.756,26.67,-1.086,32.714,33.68,0.966
nu_2,nu,2,George Mason RS,Southern California ZB,Aff,22.206,25.086,2.88,19.278,16.918,-2.36
nu_2,nu,2,Dartmouth HP (Park/Hatton),Arizona State SS,Neg,20.79,16.155,-4.635,17.506,19.784,2.277
nu_2,nu,2,Kansas LS,Western Kentucky CF,Aff,37.5,38.075,0.575,28.466,27.855,-0.611
nu_2,nu,2,Emory KS,Iowa AP,Neg,32.297,30.642,-1.655,34.049,35.372,1.323
nu_2,nu,2,Michigan AO,Missouri State NS,Aff,25.763,27.016,1.253,24.251,21.319,-2.932
nu_2,nu,2,Macalester CD,Wyoming CH,Aff,18.872,21.845,2.973,16.776,15.165,-1.612
nu_2,nu,2,UTD PR,Wake Forest PS (Sencion/Patel),Neg,31.459,29.896,-1.563,30.813,34.516,3.703
nu_2,nu,2,Binghamton PT,Dartmouth CG,Neg,13.312,12.26,-1.052,20.949,22.274,1.325
nu_2,nu,2,Western Kentucky SS (Schintgen/StPeter),Georgia CP,Neg,23.952,20.697,-3.256,13.725,20.148,6.423
nu_2,nu,2,Michigan State FM,UTD HK,Neg,21.604,19.833,-1.771,29.723,30.351,0.628
nu_2,nu,2,Northwestern PS,Harvard AB,Aff,37.106,37.888,0.782,30.803,29.928,-0.875
nu_2,nu,2,Kansas AU,Michigan ES,Aff,32.687,36.736,4.049,34.475,32.758,-1.717
nu_2,nu,2,Harvard FK,Georgetown LN,Neg,12.451,11.698,-0.753,21.974,23.611,1.636
nu_2,nu,2,Kansas HL,Missouri State CG,Aff,19.18,21.077,1.897,19.172,16.753,-2.419
nu_2,nu,2,Michigan State GL,Michigan CS (Cho/Saudek),Aff,37.369,37.89,0.522,27.595,26.442,-1.154
nu_2,nu,2,Emory GM,Michigan SS (Shah/Shih),Aff,33.566,35.74,2.174,36.177,34.11,-2.067
nu_2,nu,2,Wake Forest SK (Shakarov/Kampine),Georgetown GT,Neg,23.114,19.086,-4.027,22.101,25.379,3.278
nu_2,nu,2,Michigan HM,Georgetown VP,Neg,21.014,17.568,-3.445,19.561,23.22,3.658
nu_2,nu,2,Emory RY,Baylor DL,Aff,34.811,35.95,1.139,31.036,29.726,-1.31
nu_2,nu,2,Wake Forest HN,Emory GS,Neg,24.602,24.221,-0.381,36.998,37.341,0.343
nu_2,nu,2,Kansas State DR (Raines/Day),Baylor MP,Aff,21.2,24.147,2.947,19.253,16.555,-2.698
nu_2,nu,2,Michigan AM,Emory SW,Neg,20.504,18.003,-2.5,24.793,25.974,1.181
nu_2,nu,2,Binghamton CK,Michigan State GS,Aff,35.979,36.601,0.622,27.699,27.007,-0.692
nu_2,nu,2,Emory CT,CSU Long Beach OM,Neg,29.205,27.293,-1.912,37.15,37.791,0.641
nu_2,nu,2,Baylor BK,Western Kentucky KN,Aff,20.444,22.207,1.763,20.795,16.73,-4.064
nu_2,nu,2,Kansas State DS,Macalester HW,Neg,18.021,17.337,-0.684,32.92,33.452,0.532
nu_2,nu,2,UC Berkeley MR,Emory OP,Aff,29.826,31.268,1.442,28.618,26.978,-1.641
nu_2,nu,2,Harvard DS,Northwestern LR,Neg,31.15,29.903,-1.247,33.463,36.223,2.76
nu_2,nu,2,Iowa KS,Missouri State HN,Neg,22.877,20.934,-1.943,23.91,26.772,2.862
nu_2,nu,2,Georgetown KL,Kansas State AS,Neg,19.697,15.944,-3.753,19.788,21.485,1.697
nu_2,nu,2,Michigan CC,CSU Long Beach ES,Aff,28.619,31.479,2.861,26.048,23.587,-2.461
nu_2,nu,2,Kansas CS,Michigan BP,Neg,26.95,26.219,-0.731,40.365,40.666,0.301
nu_2,nu,2,Baylor LL,Emory PS,Aff,22.605,25.031,2.426,17.583,15.881,-1.702
nu_2,nu,2,Michigan GJ,Wyoming WW,Aff,29.088,30.98,1.891,22.301,20.238,-2.063
nu_2,nu,2,Liberty CL,Dartmouth BJ,Aff,33.073,33.432,0.358,21.217,20.855,-0.362
nu_2,nu,2,Wake Forest AB,Georgetown AC,Neg,20.795,19.528,-1.267,32.51,33.673,1.163
nu_2,nu,2,Kansas HM,Emory AS,Neg,13.614,13.14,-0.475,29.205,29.946,0.741
nu_2,nu,2,Emory CG,Northwestern LL,Neg,20.795,18.471,-2.324,26.505,28.319,1.814
nu_2,nu,2,Kansas HP,UC Davis MS,Aff,36.292,37.152,0.86,29.205,27.111,-2.094
nu_2,nu,2,Michigan State JS,Emory LY,Neg,29.739,29.034,-0.705,37.347,37.982,0.635
nu_2,nu,2,Kansas BW,Dartmouth GM,Aff,27.783,28.55,0.767,20.303,19.496,-0.806
nu_2,nu,2,Wake Forest MP,Dartmouth KR,Aff,21.143,26.461,5.317,25.165,23.234,-1.931
nu_2,nu,2,West Georgia KK,Iowa EW,Aff,32.77,35.045,2.275,29.995,27.491,-2.504
nu_2,nu,2,Wake Forest DE,Northwestern AT,Neg,24.16,23.228,-0.932,30.21,32.096,1.886
nu_2,nu,2,Emory CF (Feldman/Charabuddi),Indiana FT,Aff,21.369,23.187,1.818,15.209,13.379,-1.83
nu_2,nu,2,Western Kentucky IP,Emory JR,Neg,20.742,18.005,-2.737,23.786,26.024,2.239
nu_2,nu,2,Kentucky GS,Iowa BS,Neg,31.882,29.863,-2.02,28.493,31.684,3.191
nu_3,nu,3,West Georgia KK,Kansas LS,Neg,35.045,33.017,-2.028,38.075,39.182,1.107
nu_3,nu,3,Wake Forest MP,Kansas AU,Neg,26.461,25.542,-0.918,36.736,37.571,0.836
nu_3,nu,3,Emory GM,Michigan GJ,Aff,35.74,36.537,0.797,30.98,28.891,-2.089
nu_3,nu,3,Georgetown GT,Emory CF (Feldman/Charabuddi),Neg,25.379,22.178,-3.201,23.187,26.354,3.167
nu_3,nu,3,Iowa EW,Baylor LL,Aff,27.491,29.578,2.087,25.031,22.562,-2.469
nu_3,nu,3,Georgetown AC,Emory LY,Neg,33.673,31.356,-2.317,37.982,38.819,0.837
nu_3,nu,3,Emory AS,Iowa AP,Neg,29.946,27.669,-2.277,35.372,36.085,0.713
nu_3,nu,3,Binghamton CK,Macalester HW,Aff,36.601,37.65,1.049,33.452,31.375,-2.077
nu_3,nu,3,Kansas OW,Northwestern LR,Aff,33.68,35.377,1.697,36.223,32.858,-3.365
nu_3,nu,3,Michigan CC,CSU Long Beach OM,Neg,31.479,29.777,-1.703,37.791,38.519,0.728
nu_3,nu,3,Wake Forest PS (Sencion/Patel),George Mason WW,Aff,34.516,36.842,2.326,33.66,31.366,-2.294
nu_3,nu,3,Michigan State GL,Emory GS,Aff,37.89,39.397,1.506,37.341,35.708,-1.633
nu_3,nu,3,Kansas HL,Harvard DS,Neg,21.077,20.493,-0.584,29.903,30.428,0.525
nu_3,nu,3,CSU Long Beach ES,Michigan AO,Neg,23.587,21.466,-2.121,27.016,27.976,0.96
nu_3,nu,3,Missouri State HN,Georgetown LN,Neg,26.772,23.898,-2.874,23.611,27.769,4.158
nu_3,nu,3,UC Berkeley MR,Wake Forest SL,Neg,31.268,29.127,-2.141,26.67,29.16,2.49
nu_3,nu,3,Macalester CD,Georgia CP,Neg,21.845,18.691,-3.154,20.148,22.624,2.475
nu_3,nu,3,Binghamton PT,Kansas State AS,Neg,12.26,11.523,-0.737,21.485,22.071,0.586
nu_3,nu,3,Wake Forest HN,Michigan ES,Neg,24.221,23.558,-0.663,32.758,33.295,0.537
nu_3,nu,3,Harvard AB,Kansas BW,Neg,29.928,28.109,-1.819,28.55,30.455,1.904
nu_3,nu,3,Kansas HP,Georgia CK,Aff,37.152,38.374,1.221,33.955,31.763,-2.191
nu_3,nu,3,Emory RY,Liberty CL,Neg,35.95,34.035,-1.915,33.432,35.544,2.113
nu_3,nu,3,Iowa BS,Northwestern PS,Neg,31.684,30.732,-0.952,37.888,38.597,0.709
nu_3,nu,3,UC Berkeley BU,Kansas State DR (Raines/Day),Aff,29.686,30.573,0.887,24.147,22.318,-1.829
nu_3,nu,3,Wyoming WW,Michigan State FM,Neg,20.238,17.055,-3.183,19.833,22.805,2.973
nu_3,nu,3,Michigan State JS,Georgetown VP,Aff,29.034,29.823,0.789,23.22,21.543,-1.677
nu_3,nu,3,Northwestern LL,Wake Forest DE,Neg,28.319,24.049,-4.27,23.228,25.526,2.298
nu_3,nu,3,Georgetown KL,Dartmouth BJ,Neg,15.944,14.115,-1.829,20.855,21.787,0.932
nu_3,nu,3,Wake Forest AB,Baylor MP,Aff,19.528,22.148,2.62,16.555,14.501,-2.054
nu_3,nu,3,Kansas HM,Indiana FT,Aff,13.14,15.652,2.512,13.379,10.576,-2.803
nu_3,nu,3,Michigan AM,Wake Forest SK (Shakarov/Kampine),Aff,18.003,20.898,2.894,19.086,15.79,-3.296
nu_3,nu,3,Missouri State NS,Dartmouth KR,Aff,21.319,24.419,3.1,23.234,21.541,-1.692
nu_3,nu,3,Emory PS,Harvard FK,Aff,15.881,17.591,1.71,11.698,10.414,-1.283
nu_3,nu,3,Western Kentucky IP,Dartmouth HP (Park/Hatton),Neg,18.005,14.669,-3.337,16.155,19.042,2.887
nu_3,nu,3,Dartmouth GM,Missouri State CG,Neg,19.496,17.373,-2.123,16.753,19.323,2.571
nu_3,nu,3,Michigan BP,Trinity KP,Aff,40.666,40.968,0.302,28.66,28.341,-0.319
nu_3,nu,3,Northwestern AT,Stanford LL,Aff,32.096,35.505,3.409,34.173,32.607,-1.566
nu_3,nu,3,Baylor DL,Cornell LD,Aff,29.726,30.457,0.731,22.637,21.297,-1.34
nu_3,nu,3,Michigan SS (Shah/Shih),George Mason RS,Aff,34.11,34.568,0.458,25.086,23.83,-1.256
nu_3,nu,3,Wichita State GM,UC Davis MS,Aff,23.45,25.271,1.821,27.111,22.663,-4.448
nu_3,nu,3,Southern California BR,Western Kentucky CF,Aff,29.419,30.725,1.306,27.855,26.394,-1.461
nu_3,nu,3,Southern California MT,Emory KS,Neg,25.738,24.705,-1.033,30.642,31.609,0.968
nu_3,nu,3,Arizona State SS,Kansas CS,Neg,19.784,18.921,-0.863,26.219,27.878,1.659
nu_3,nu,3,Emory CT,Southern California BM,Neg,27.293,23.514,-3.78,24.807,27.637,2.829
nu_3,nu,3,Cornell DV,Iowa KS,Neg,14.884,13.147,-1.737,20.934,21.96,1.026
nu_3,nu,3,Western Kentucky KN,Michigan HM,Neg,16.73,14.102,-2.629,17.568,20.015,2.447
nu_3,nu,3,Kansas State DS,Wyoming CH,Neg,17.337,13.471,-3.865,15.165,17.201,2.036
nu_3,nu,3,Oklahoma BW (Werner/Bustos),Emory CG,Neg,17.182,14.706,-2.476,18.471,21.266,2.795
nu_3,nu,3,UTD PR,Emory OP,Aff,29.896,31.04,1.144,26.978,25.81,-1.168
nu_3,nu,3,Michigan CS (Cho/Saudek),Michigan State GS,Neg,26.442,23.713,-2.729,27.007,28.462,1.455
nu_3,nu,3,Emory SW,Dartmouth CG,Neg,25.974,23.701,-2.273,22.274,25.701,3.427
nu_3,nu,3,UTD HK,Western Kentucky SS (Schintgen/StPeter),Aff,30.351,30.796,0.445,20.697,20.232,-0.465
nu_3,nu,3,Emory JR,Baylor BK,Aff,26.024,27.938,1.913,22.207,21.04,-1.167
nu_3,nu,3,Gonzaga RW,George Mason DG,Neg,28.515,26.452,-2.063,27.233,29.878,2.645
nu_3,nu,3,Kansas BM,North Texas VH,Aff,17.727,19.357,1.63,18.92,15.314,-3.606
nu_4,nu,4,Kansas LS,Binghamton CK,Neg,39.182,37.464,-1.718,37.65,39.312,1.662
nu_4,nu,4,Iowa AP,Wake Forest PS (Sencion/Patel),Neg,36.085,34.919,-1.166,36.842,38.979,2.137
nu_4,nu,4,Kansas AU,Michigan State GL,Neg,37.571,35.504,-2.068,39.397,40.482,1.086
nu_4,nu,4,Emory CF (Feldman/Charabuddi),Baylor DL,Neg,26.354,24.762,-1.592,30.457,31.419,0.962
nu_4,nu,4,Baylor LL,Wake Forest MP,Neg,22.562,20.62,-1.942,25.542,27.382,1.84
nu_4,nu,4,CSU Long Beach OM,Michigan BP,Neg,38.519,37.395,-1.124,40.968,42.159,1.191
nu_4,nu,4,Georgia CP,Emory GM,Neg,22.624,22.355,-0.269,36.537,36.707,0.17
nu_4,nu,4,Northwestern LR,Kansas BM,Aff,32.858,33.179,0.321,19.357,19.137,-0.22
nu_4,nu,4,Emory GS,Kansas HL,Aff,35.708,35.841,0.133,20.493,20.347,-0.146
nu_4,nu,4,Michigan AO,Emory PS,Aff,27.976,28.32,0.345,17.591,16.979,-0.612
nu_4,nu,4,Harvard DS,Southern California MT,Aff,30.428,31.189,0.761,24.705,23.888,-0.817
nu_4,nu,4,George Mason DG,Michigan AM,Aff,29.878,30.56,0.682,20.898,20.007,-0.891
nu_4,nu,4,Kansas BW,Missouri State NS,Neg,30.455,28.227,-2.228,24.419,27.842,3.423
nu_4,nu,4,Michigan ES,Iowa EW,Aff,33.295,34.217,0.922,29.578,27.878,-1.7
nu_4,nu,4,Trinity KP,UC Berkeley BU,Neg,28.341,27.072,-1.268,30.573,31.825,1.253
nu_4,nu,4,Michigan State GS,Wichita State GM,Aff,28.462,29.547,1.084,25.271,24.263,-1.008
nu_4,nu,4,Dartmouth CG,Southern California BR,Neg,25.701,24.504,-1.197,30.725,31.473,0.749
nu_4,nu,4,George Mason WW,Emory JR,Aff,31.366,32.89,1.523,27.938,26.333,-1.604
nu_4,nu,4,Southern California BM,Michigan CC,Neg,27.637,25.935,-1.701,29.777,31.884,2.107
nu_4,nu,4,Kansas CS,Michigan State JS,Neg,27.878,25.626,-2.251,29.823,30.931,1.108
nu_4,nu,4,Emory LY,Kansas HP,Aff,38.819,40.109,1.289,38.374,36.769,-1.604
nu_4,nu,4,Liberty CL,Northwestern AT,Neg,35.544,34.205,-1.339,35.505,37.737,2.231
nu_4,nu,4,Northwestern PS,Kansas OW,Aff,38.597,39.564,0.966,35.377,34.426,-0.951
nu_4,nu,4,Kansas State DR (Raines/Day),Michigan CS (Cho/Saudek),Neg,22.318,20.107,-2.211,23.713,25.596,1.884
nu_4,nu,4,Harvard FK,Kansas State DS,Neg,10.414,9.147,-1.267,13.471,15.353,1.882
nu_4,nu,4,Stanford LL,Iowa BS,Neg,32.607,31.066,-1.541,30.732,32.806,2.074
nu_4,nu,4,Georgetown LN,West Georgia KK,Neg,27.769,26.192,-1.577,33.017,34.254,1.238
nu_4,nu,4,Emory KS,Kentucky GS,Aff,31.609,32.878,1.268,29.863,28.675,-1.187
nu_4,nu,4,Wake Forest DE,Emory AS,Neg,25.526,24.431,-1.095,27.669,30.163,2.493
nu_4,nu,4,Wake Forest SL,Michigan SS (Shah/Shih),Neg,29.16,28.425,-0.735,34.568,35.278,0.709
nu_4,nu,4,Michigan GJ,Georgetown AC,Neg,28.891,26.912,-1.978,31.356,33.425,2.069
nu_4,nu,4,Georgia CK,UTD HK,Neg,31.763,29.068,-2.695,30.796,32.272,1.475
nu_4,nu,4,Macalester HW,UTD PR,Neg,31.375,28.967,-2.408,31.04,32.372,1.332
nu_4,nu,4,Kansas State AS,Emory RY,Neg,22.071,21.762,-0.309,34.035,34.269,0.234
nu_4,nu,4,Western Kentucky SS (Schintgen/StPeter),Cornell DV,Aff,20.232,20.873,0.642,13.147,11.883,-1.264
nu_4,nu,4,Western Kentucky CF,CSU Long Beach ES,Aff,26.394,27.213,0.819,21.466,20.03,-1.436
nu_4,nu,4,UC Davis MS,Kansas HM,Neg,22.663,18.725,-3.938,15.652,19.182,3.531
nu_4,nu,4,Georgetown VP,Macalester CD,Aff,21.543,23.381,1.839,18.691,17.013,-1.677
nu_4,nu,4,Baylor BK,Wake Forest AB,Neg,21.04,19.707,-1.333,22.148,24.838,2.69
nu_4,nu,4,Dartmouth BJ,Wake Forest HN,Aff,21.787,23.576,1.789,23.558,21.539,-2.02
nu_4,nu,4,Emory OP,Missouri State HN,Aff,25.81,26.905,1.095,23.898,22.039,-1.859
nu_4,nu,4,George Mason RS,Gonzaga RW,Neg,23.83,21.624,-2.206,26.452,27.645,1.192
nu_4,nu,4,Michigan State FM,UC Berkeley MR,Neg,22.805,21.413,-1.392,29.127,29.691,0.564
nu_4,nu,4,Michigan HM,Binghamton PT,Aff,20.015,20.938,0.922,11.523,10.788,-0.735
nu_4,nu,4,Iowa KS,Northwestern LL,Neg,21.96,20.503,-1.457,24.049,25.828,1.778
nu_4,nu,4,Cornell LD,Arizona State SS,Neg,21.297,18.34,-2.957,18.921,20.841,1.92
nu_4,nu,4,Wyoming CH,Georgetown GT,Neg,17.201,16.235,-0.966,22.178,23.62,1.442
nu_4,nu,4,Missouri State CG,Emory SW,Neg,19.323,18.277,-1.046,23.701,24.665,0.963
nu_4,nu,4,Dartmouth HP (Park/Hatton),Emory CT,Neg,19.042,17.638,-1.404,23.514,25.164,1.65
nu_4,nu,4,Emory CG,Harvard AB,Neg,21.266,19.904,-1.362,28.109,28.705,0.597
nu_4,nu,4,Wake Forest SK (Shakarov/Kampine),Georgetown KL,Neg,15.79,12.913,-2.877,14.115,16.72,2.605
nu_4,nu,4,North Texas VH,Oklahoma BW (Werner/Bustos),Aff,15.314,17.539,2.226,14.706,12.404,-2.302
nu_4,nu,4,Indiana FT,Western Kentucky IP,Aff,10.576,13.672,3.096,14.669,11.423,-3.246
nu_4,nu,4,Dartmouth KR,Wyoming WW,Neg,21.541,19.765,-1.777,17.055,21.106,4.051
nu_4,nu,4,Baylor MP,Dartmouth GM,Neg,14.501,12.543,-1.958,17.373,18.403,1.029
nu_5,nu,5,Wake Forest HN,Georgetown KL,Aff,21.539,22.358,0.82,16.72,15.487,-1.233
nu_5,nu,5,Wyoming WW,Baylor BK,Neg,21.106,18.696,-2.41,19.707,21.309,1.602
nu_5,nu,5,UC Davis MS,Indiana FT,Aff,18.725,19.848,1.123,13.672,12.54,-1.133
nu_5,nu,5,Emory CG,Michigan AM,Neg,19.904,17.651,-2.253,20.007,22.083,2.076
nu_5,nu,5,Michigan State FM,Kansas State DS,Aff,21.413,22.587,1.174,15.353,14.266,-1.088
nu_5,nu,5,Western Kentucky KN,Kansas HL,Aff,14.102,18.213,4.112,20.347,18.019,-2.328
nu_5,nu,5,Wyoming CH,Emory PS,Neg,16.235,14.843,-1.391,16.979,18.887,1.908
nu_5,nu,5,Binghamton PT,CSU Long Beach ES,Neg,10.788,10.201,-0.586,20.03,20.694,0.664
nu_5,nu,5,Kansas BW,North Texas VH,Aff,28.227,28.513,0.286,17.539,17.005,-0.534
nu_5,nu,5,Arizona State SS,Dartmouth CG,Neg,20.841,19.872,-0.969,24.504,25.713,1.21
nu_5,nu,5,Michigan CS (Cho/Saudek),Georgetown GT,Aff,25.596,27.165,1.569,23.62,21.95,-1.67
nu_5,nu,5,Georgetown VP,Trinity KP,Neg,23.381,21.905,-1.477,27.072,27.978,0.906
nu_5,nu,5,Georgetown LN,Wichita State GM,Neg,26.192,23.345,-2.847,24.263,25.664,1.401
nu_5,nu,5,Stanford LL,Harvard AB,Neg,31.066,29.586,-1.48,28.705,30.39,1.685
nu_5,nu,5,Dartmouth HP (Park/Hatton),Southern California MT,Neg,17.638,16.627,-1.012,23.888,24.559,0.671
nu_5,nu,5,George Mason RS,Missouri State CG,Neg,21.624,18.531,-3.094,18.277,20.136,1.859
nu_5,nu,5,Kansas BM,Iowa KS,Aff,19.137,20.788,1.651,20.503,18.626,-1.878
nu_5,nu,5,Wake Forest SK (Shakarov/Kampine),Baylor MP,Neg,12.913,10.749,-2.164,12.543,14.634,2.091
nu_5,nu,5,Dartmouth KR,Western Kentucky IP,Aff,19.765,20.185,0.42,11.423,10.672,-0.751
nu_5,nu,5,Michigan HM,Southern California BM,Neg,20.938,19.677,-1.261,25.935,27.038,1.103
nu_5,nu,5,Oklahoma BW (Werner/Bustos),Harvard FK,Aff,12.404,13.958,1.554,9.147,8.032,-1.115
nu_5,nu,5,Iowa AP,Gonzaga RW,Aff,34.919,35.396,0.478,27.645,27.022,-0.622
nu_5,nu,5,George Mason DG,Kansas AU,Neg,30.56,29.512,-1.048,35.504,36.666,1.162
nu_5,nu,5,Kansas OW,Southern California BR,Aff,34.426,35.307,0.881,31.473,30.554,-0.919
nu_5,nu,5,George Mason WW,Emory GS,Neg,32.89,31.45,-1.44,35.841,36.868,1.027
nu_5,nu,5,Macalester CD,Missouri State HN,Neg,17.013,15.854,-1.159,22.039,23.087,1.048
nu_5,nu,5,Kansas LS,Harvard DS,Aff,37.464,38.052,0.588,31.189,30.555,-0.633
nu_5,nu,5,Emory LY,Michigan BP,Neg,40.109,39.131,-0.977,42.159,43.27,1.111
nu_5,nu,5,Northwestern AT,Emory GM,Neg,37.737,35.707,-2.03,36.707,38.115,1.409
nu_5,nu,5,Emory CF (Feldman/Charabuddi),Kansas State AS,Aff,24.762,26.266,1.504,21.762,20.636,-1.127
nu_5,nu,5,Baylor LL,Cornell LD,Aff,20.62,22.423,1.803,18.34,16.859,-1.481
nu_5,nu,5,Wake Forest PS (Sencion/Patel),Binghamton CK,Neg,38.979,37.137,-1.842,39.312,40.47,1.158
nu_5,nu,5,UC Berkeley BU,CSU Long Beach OM,Neg,31.825,31.098,-0.727,37.395,38.062,0.668
nu_5,nu,5,Michigan CC,Georgetown AC,Neg,31.884,30.053,-1.83,33.425,35.354,1.929
nu_5,nu,5,Michigan SS (Shah/Shih),Baylor DL,Aff,35.278,36.067,0.789,31.419,30.48,-0.94
nu_5,nu,5,Michigan ES,UTD PR,Aff,34.217,35.329,1.112,32.372,31.344,-1.028
nu_5,nu,5,UTD HK,Michigan State GS,Aff,32.272,33.25,0.979,29.547,28.531,-1.016
nu_5,nu,5,Emory KS,Northwestern LR,Neg,32.878,31.649,-1.229,33.179,35.153,1.974
nu_5,nu,5,Emory AS,Michigan State JS,Neg,30.163,27.873,-2.29,30.931,32.072,1.141
nu_5,nu,5,Wake Forest MP,Kentucky GS,Neg,27.382,25.375,-2.007,28.675,29.713,1.038
nu_5,nu,5,Western Kentucky CF,Kansas HM,Aff,27.213,27.701,0.488,19.182,18.484,-0.698
nu_5,nu,5,Emory OP,Wake Forest DE,Neg,26.905,25.284,-1.621,24.431,26.212,1.781
nu_5,nu,5,Missouri State NS,Wake Forest AB,Neg,27.842,25.869,-1.973,24.838,27.879,3.041
nu_5,nu,5,Kansas CS,UC Berkeley MR,Neg,25.626,24.171,-1.456,29.691,30.397,0.706
nu_5,nu,5,Michigan GJ,Georgia CK,Aff,26.912,29.548,2.636,29.068,26.843,-2.225
nu_5,nu,5,Western Kentucky SS (Schintgen/StPeter),Dartmouth BJ,Aff,20.873,22.724,1.851,23.576,21.846,-1.73
nu_5,nu,5,Kansas HP,Michigan AO,Aff,36.769,37.242,0.473,28.32,27.891,-0.43
nu_5,nu,5,Liberty CL,West Georgia KK,Aff,34.205,35.417,1.212,34.254,32.21,-2.044
nu_5,nu,5,Northwestern PS,Michigan State GL,Neg,39.564,38.433,-1.13,40.482,41.663,1.181
nu_5,nu,5,Kansas State DR (Raines/Day),Dartmouth GM,Aff,20.107,21.993,1.886,18.403,17.33,-1.073
nu_5,nu,5,Emory CT,Northwestern LL,Aff,25.164,27.512,2.349,25.828,23.946,-1.882
nu_5,nu,5,Iowa BS,Emory RY,Neg,32.806,31.554,-1.253,34.269,35.363,1.094
nu_5,nu,5,Wake Forest SL,Macalester HW,Aff,28.425,29.703,1.278,28.967,26.949,-2.018
nu_5,nu,5,Iowa EW,Emory SW,Aff,27.878,29.372,1.493,24.665,23.7,-0.964
nu_5,nu,5,Emory JR,Georgia CP,Aff,26.333,27.635,1.301,22.355,21.12,-1.235
nu_6,nu,6,Michigan State JS,Northwestern PS,Neg,32.072,31.524,-0.548,38.433,38.922,0.489
nu_6,nu,6,Southern California BR,Michigan CS (Cho/Saudek),Neg,30.554,29.056,-1.498,27.165,29.578,2.413
nu_6,nu,6,Northwestern LL,Wake Forest MP,Aff,23.946,25.741,1.795,25.375,23.295,-2.08
nu_6,nu,6,Georgetown GT,Baylor LL,Neg,21.95,20.301,-1.649,22.423,24.253,1.83
nu_6,nu,6,Dartmouth CG,Emory JR,Aff,25.713,27.533,1.82,27.635,25.546,-2.089
nu_6,nu,6,Kentucky GS,Iowa EW,Neg,29.713,28.563,-1.15,29.372,31.255,1.883
nu_6,nu,6,Binghamton CK,Michigan SS (Shah/Shih),Neg,40.47,38.735,-1.735,36.067,37.804,1.737
nu_6,nu,6,Michigan State GL,Michigan ES,Aff,41.663,42.173,0.509,35.329,34.793,-0.536
nu_6,nu,6,Wake Forest DE,George Mason DG,Neg,26.212,25.403,-0.809,29.512,30.681,1.169
nu_6,nu,6,North Texas VH,Macalester CD,Neg,17.005,14.877,-2.128,15.854,17.755,1.901
nu_6,nu,6,Kansas HL,Oklahoma BW (Werner/Bustos),Aff,18.019,18.863,0.844,13.958,12.749,-1.209
nu_6,nu,6,Baylor MP,Dartmouth HP (Park/Hatton),Neg,14.634,13.191,-1.443,16.627,18.07,1.444
nu_6,nu,6,UC Berkeley MR,Emory LY,Neg,30.397,30.076,-0.321,39.131,39.455,0.323
nu_6,nu,6,Emory PS,Michigan CC,Neg,18.887,18.497,-0.39,30.053,30.494,0.44
nu_6,nu,6,Michigan AM,Stanford LL,Neg,22.083,21.309,-0.774,29.586,29.968,0.382
nu_6,nu,6,Harvard AB,Western Kentucky CF,Aff,30.39,31.233,0.842,27.701,26.736,-0.965
nu_6,nu,6,Harvard FK,Wake Forest SK (Shakarov/Kampine),Neg,8.032,6.962,-1.07,10.749,12.145,1.395
nu_6,nu,6,Iowa KS,Dartmouth KR,Neg,18.626,17.409,-1.217,20.185,21.178,0.993
nu_6,nu,6,Southern California BM,Wake Forest SL,Neg,27.038,25.698,-1.339,29.703,30.523,0.82
nu_6,nu,6,Dartmouth BJ,Kansas State DR (Raines/Day),Neg,21.846,20.747,-1.099,21.993,23.855,1.862
nu_6,nu,6,Georgia CK,Michigan State FM,Neg,26.843,24.565,-2.278,22.587,25.441,2.855
nu_6,nu,6,Michigan BP,UTD HK,Aff,43.27,43.557,0.286,33.25,32.972,-0.279
nu_6,nu,6,Kansas AU,Wake Forest PS (Sencion/Patel),Neg,36.666,34.986,-1.68,37.137,38.595,1.457
nu_6,nu,6,Emory RY,Northwestern AT,Aff,35.363,36.533,1.17,35.707,34.09,-1.617
nu_6,nu,6,Wichita State GM,Emory KS,Neg,25.664,25.116,-0.548,31.649,32.218,0.57
nu_6,nu,6,West Georgia KK,Emory CT,Aff,32.21,33.174,0.964,27.512,26.392,-1.121
nu_6,nu,6,Southern California MT,Arizona State SS,Aff,24.559,25.329,0.77,19.872,19.099,-0.773
nu_6,nu,6,Missouri State CG,Kansas CS,Neg,20.136,19.319,-0.817,24.171,25.388,1.217
nu_6,nu,6,UTD PR,UC Berkeley BU,Aff,31.344,32.444,1.1,31.098,29.816,-1.282
nu_6,nu,6,CSU Long Beach ES,Georgetown LN,Neg,20.694,19.298,-1.396,23.345,24.737,1.392
nu_6,nu,6,Trinity KP,George Mason WW,Neg,27.978,27.119,-0.859,31.45,32.613,1.164
nu_6,nu,6,Georgetown AC,Liberty CL,Aff,35.354,37.411,2.057,35.417,34.331,-1.085
nu_6,nu,6,Dartmouth GM,Emory CG,Aff,17.33,18.528,1.199,17.651,15.537,-2.114
nu_6,nu,6,Michigan AO,Kansas BW,Neg,27.891,26.716,-1.174,28.513,29.649,1.136
nu_6,nu,6,Emory GM,Kansas HP,Neg,38.115,36.827,-1.288,37.242,38.727,1.485
nu_6,nu,6,Georgia CP,Western Kentucky KN,Neg,21.12,19.02,-2.1,18.213,20.689,2.476
nu_6,nu,6,Indiana FT,Wyoming WW,Neg,12.54,11.678,-0.862,18.696,19.542,0.846
nu_6,nu,6,Harvard DS,Emory CF (Feldman/Charabuddi),Aff,30.555,31.303,0.747,26.266,25.153,-1.113
nu_6,nu,6,Wake Forest AB,Western Kentucky SS (Schintgen/StPeter),Aff,27.879,28.965,1.085,22.724,22.076,-0.648
nu_6,nu,6,Northwestern LR,Kansas LS,Neg,35.153,33.904,-1.25,38.052,38.889,0.837
nu_6,nu,6,Gonzaga RW,Wake Forest HN,Aff,27.022,27.844,0.821,22.358,21.585,-0.773
nu_6,nu,6,Kansas HM,Emory OP,Neg,18.484,17.735,-0.749,25.284,25.749,0.465
nu_6,nu,6,Kansas State AS,UC Davis MS,Aff,20.636,21.925,1.289,19.848,18.218,-1.63
nu_6,nu,6,Western Kentucky IP,George Mason RS,Aff,10.672,13.958,3.286,18.531,15.241,-3.29
nu_6,nu,6,CSU Long Beach OM,Kansas OW,Neg,38.062,36.451,-1.611,35.307,36.77,1.462
nu_6,nu,6,Emory SW,Kansas BM,Neg,23.7,21.982,-1.719,20.788,22.5,1.712
nu_6,nu,6,Macalester HW,Georgetown VP,Aff,26.949,27.818,0.869,21.905,20.857,-1.048
nu_6,nu,6,Cornell LD,Wyoming CH,Neg,16.859,14.776,-2.082,14.843,16.475,1.632
nu_6,nu,6,Missouri State HN,Emory AS,Neg,23.087,22.136,-0.951,27.873,29.04,1.167
nu_6,nu,6,Kansas State DS,Missouri State NS,Aff,14.266,18.741,4.475,25.869,22.677,-3.192
nu_6,nu,6,Michigan State GS,Michigan GJ,Aff,28.531,29.811,1.28,29.548,27.441,-2.107
nu_6,nu,6,Baylor DL,Iowa BS,Aff,30.48,31.929,1.449,31.554,30.127,-1.427
nu_6,nu,6,Emory GS,Iowa AP,Aff,36.868,38.015,1.147,35.396,34.421,-0.976
nu_7,nu,7,Michigan State GL,Michigan BP,Neg,42.173,41.25,-0.922,43.557,44.573,1.016
nu_7,nu,7,Kansas OW,Emory LY,Aff,36.77,38.078,1.308,39.455,38.044,-1.411
nu_7,nu,7,Southern California MT,Emory CF (Feldman/Charabuddi),Neg,25.329,24.12,-1.209,25.153,26.766,1.613
nu_7,nu,7,Kentucky GS,Baylor LL,Aff,28.563,29.175,0.612,24.253,23.203,-1.051
nu_7,nu,7,Binghamton CK,Emory GM,Aff,38.735,39.543,0.808,36.827,35.961,-0.866
nu_7,nu,7,Kansas LS,Emory RY,Aff,38.889,39.735,0.846,36.533,35.731,-0.802
nu_7,nu,7,Emory GS,Wake Forest PS (Sencion/Patel),Aff,38.015,39.248,1.233,38.595,37.104,-1.491
nu_7,nu,7,Georgetown AC,Michigan SS (Shah/Shih),Aff,37.411,39.194,1.783,37.804,36.815,-0.989
nu_7,nu,7,Michigan CS (Cho/Saudek),Iowa AP,Neg,29.578,28.76,-0.819,34.421,34.987,0.566
nu_7,nu,7,CSU Long Beach OM,Iowa EW,Aff,36.451,36.999,0.548,31.255,30.435,-0.82
nu_7,nu,7,Emory AS,Kansas AU,Neg,29.04,28.169,-0.871,34.986,35.731,0.745
nu_7,nu,7,George Mason DG,Northwestern AT,Neg,30.681,29.686,-0.994,34.09,34.977,0.887
nu_7,nu,7,UTD HK,Harvard AB,Aff,32.972,33.926,0.954,31.233,30.369,-0.863
nu_7,nu,7,George Mason WW,Michigan ES,Neg,32.613,31.419,-1.195,34.793,35.649,0.856
nu_7,nu,7,Northwestern LR,Wake Forest AB,Aff,33.904,34.719,0.816,28.965,28.007,-0.958
nu_7,nu,7,Dartmouth CG,UTD PR,Aff,27.533,29.737,2.203,32.444,30.875,-1.569
nu_7,nu,7,Baylor DL,Michigan CC,Aff,31.929,32.86,0.931,30.494,28.902,-1.591
nu_7,nu,7,Harvard DS,Wake Forest SL,Neg,31.303,30.018,-1.285,30.523,31.669,1.146
nu_7,nu,7,West Georgia KK,Michigan State JS,Aff,33.174,34.456,1.283,31.524,30.595,-0.929
nu_7,nu,7,Liberty CL,Kansas BW,Neg,34.331,32.677,-1.654,29.649,31.357,1.707
nu_7,nu,7,Kansas HP,Northwestern PS,Aff,38.727,39.95,1.223,38.922,37.858,-1.064
nu_7,nu,7,Kansas State DR (Raines/Day),Emory CT,Aff,23.855,25.762,1.907,26.392,24.311,-2.081
nu_7,nu,7,Iowa BS,Macalester HW,Aff,30.127,30.984,0.857,27.818,26.687,-1.131
nu_7,nu,7,Michigan State GS,Emory KS,Neg,29.811,28.966,-0.845,32.218,33.077,0.858
nu_7,nu,7,Southern California BR,Georgetown KL,Aff,29.056,29.174,0.117,15.487,15.259,-0.227
nu_7,nu,7,Kansas BM,Southern California BM,Aff,22.5,23.986,1.486,25.698,23.614,-2.084
nu_7,nu,7,Emory OP,Western Kentucky SS (Schintgen/StPeter),Aff,25.749,26.437,0.688,22.076,21.325,-0.75
nu_7,nu,7,UC Berkeley BU,Western Kentucky KN,Aff,29.816,30.137,0.321,20.689,20.203,-0.487
nu_7,nu,7,Emory JR,Kansas State AS,Aff,25.546,26.55,1.004,21.925,21.088,-0.838
nu_7,nu,7,Georgetown LN,UC Berkeley MR,Neg,24.737,23.845,-0.893,30.076,30.604,0.528
nu_7,nu,7,Trinity KP,Western Kentucky CF,Neg,27.119,25.871,-1.248,26.736,27.949,1.213
nu_7,nu,7,Michigan AO,Gonzaga RW,Aff,26.716,27.953,1.236,27.844,26.379,-1.465
nu_7,nu,7,Michigan GJ,Stanford LL,Neg,27.441,26.22,-1.221,29.968,30.688,0.72
nu_7,nu,7,Wichita State GM,Kansas CS,Aff,25.116,26.186,1.07,25.388,23.657,-1.73
nu_7,nu,7,Northwestern LL,Baylor BK,Aff,25.741,26.589,0.848,21.309,20.522,-0.787
nu_7,nu,7,Wake Forest DE,Michigan State FM,Neg,25.403,24.347,-1.056,25.441,27.144,1.702
nu_7,nu,7,Emory SW,Oklahoma BW (Werner/Bustos),Aff,21.982,22.294,0.312,12.749,12.269,-0.479
nu_7,nu,7,Dartmouth KR,Arizona State SS,Aff,21.178,22.028,0.85,19.099,18.112,-0.987
nu_7,nu,7,Missouri State NS,Macalester CD,Aff,22.677,23.35,0.673,17.755,16.881,-0.874
nu_7,nu,7,Kansas State DS,Georgia CK,Neg,18.741,17.982,-0.759,24.565,25.274,0.709
nu_7,nu,7,Georgetown GT,Missouri State CG,Neg,20.301,18.554,-1.747,19.319,20.629,1.31
nu_7,nu,7,Dartmouth GM,Wake Forest MP,Aff,18.528,20.193,1.665,23.295,20.839,-2.456
nu_7,nu,7,Dartmouth BJ,Wyoming CH,Aff,20.747,21.381,0.635,16.475,15.729,-0.746
nu_7,nu,7,Dartmouth HP (Park/Hatton),Georgia CP,Neg,18.07,16.642,-1.428,19.02,20.322,1.302
nu_7,nu,7,Wake Forest HN,Wyoming WW,Aff,21.585,22.542,0.956,19.542,18.253,-1.289
nu_7,nu,7,Missouri State HN,Kansas HL,Aff,22.136,23.19,1.054,18.863,18.008,-0.855
nu_7,nu,7,UC Davis MS,Emory PS,Aff,18.218,19.738,1.52,18.497,16.828,-1.669
nu_7,nu,7,CSU Long Beach ES,Georgetown VP,Neg,19.298,17.92,-1.378,20.857,22.229,1.372
nu_7,nu,7,Michigan AM,Kansas HM,Aff,21.309,22.466,1.156,17.735,16.722,-1.013
nu_7,nu,7,Indiana FT,George Mason RS,Aff,11.678,13.853,2.175,15.241,13.182,-2.059
nu_7,nu,7,Baylor MP,Iowa KS,Neg,13.191,12.202,-0.989,17.409,18.16,0.751
nu_7,nu,7,Emory CG,North Texas VH,Neg,15.537,13.8,-1.737,14.877,16.604,1.727
nu_8,nu,8,Michigan BP,Emory GS,Neg,44.573,42.834,-1.739,39.248,40.996,1.748
nu_8,nu,8,Iowa AP,Georgetown AC,Neg,34.987,34.415,-0.572,39.194,40.068,0.874
nu_8,nu,8,Emory RY,Kansas HP,Aff,35.731,37.177,1.446,39.95,38.347,-1.602
nu_8,nu,8,Kansas AU,Binghamton CK,Neg,35.731,34.809,-0.922,39.543,40.105,0.562
nu_8,nu,8,Michigan ES,Kansas OW,Neg,35.649,34.864,-0.785,38.078,38.745,0.667
nu_8,nu,8,Wake Forest SL,Kansas LS,Neg,31.669,31.37,-0.299,39.735,40.05,0.316
nu_8,nu,8,Kansas BW,Michigan State GL,Neg,31.357,31.149,-0.208,41.25,41.464,0.214
nu_8,nu,8,Emory LY,Northwestern LL,Aff,38.044,38.195,0.152,26.589,26.371,-0.218
nu_8,nu,8,Northwestern PS,West Georgia KK,Aff,37.858,38.474,0.616,34.456,33.548,-0.909
nu_8,nu,8,Michigan SS (Shah/Shih),Dartmouth CG,Aff,36.815,37.159,0.343,29.737,29.284,-0.453
nu_8,nu,8,Emory GM,UTD HK,Neg,35.961,34.763,-1.198,33.926,35.221,1.295
nu_8,nu,8,Wake Forest PS (Sencion/Patel),Northwestern LR,Neg,37.104,35.593,-1.511,34.719,36.418,1.699
nu_8,nu,8,Northwestern AT,Baylor DL,Aff,34.977,35.935,0.958,32.86,32.042,-0.818
nu_8,nu,8,Emory KS,CSU Long Beach OM,Neg,33.077,32.441,-0.636,36.999,37.616,0.617
nu_8,nu,8,UTD PR,Kansas BM,Aff,30.875,31.227,0.353,23.986,23.59,-0.396
nu_8,nu,8,Michigan State JS,Emory OP,Neg,30.595,29.017,-1.578,26.437,27.915,1.479
nu_8,nu,8,Iowa EW,Kansas State DR (Raines/Day),Aff,30.435,31.212,0.777,25.762,24.993,-0.769
nu_8,nu,8,Harvard AB,Michigan AO,Neg,30.369,29.132,-1.237,27.953,29.249,1.297
nu_8,nu,8,Wake Forest AB,Michigan CS (Cho/Saudek),Neg,28.007,26.605,-1.402,28.76,29.931,1.171
nu_8,nu,8,Stanford LL,Emory AS,Aff,30.688,31.349,0.662,28.169,26.937,-1.232
nu_8,nu,8,UC Berkeley MR,Iowa BS,Aff,30.604,31.64,1.036,30.984,29.89,-1.094
nu_8,nu,8,Michigan CC,George Mason DG,Aff,28.902,30.573,1.671,29.686,28.313,-1.373
nu_8,nu,8,Western Kentucky CF,Emory JR,Neg,27.949,26.777,-1.172,26.55,28.133,1.583
nu_8,nu,8,Michigan State FM,Wichita State GM,Aff,27.144,28.465,1.321,26.186,25.321,-0.865
nu_8,nu,8,Emory CF (Feldman/Charabuddi),Kentucky GS,Neg,26.766,25.711,-1.055,29.175,29.908,0.733
nu_8,nu,8,Georgia CP,Harvard DS,Neg,20.322,20.0,-0.322,30.018,30.265,0.248
nu_8,nu,8,Kansas State AS,Michigan State GS,Aff,21.088,23.448,2.361,28.966,26.987,-1.979
nu_8,nu,8,Baylor LL,UC Berkeley BU,Neg,23.203,22.581,-0.622,30.137,30.571,0.434
nu_8,nu,8,Western Kentucky KN,George Mason WW,Neg,20.203,19.902,-0.301,31.419,31.672,0.254
nu_8,nu,8,Georgetown VP,Southern California BR,Neg,22.229,21.629,-0.599,29.174,29.569,0.395
nu_8,nu,8,Missouri State CG,Liberty CL,Neg,20.629,20.477,-0.152,32.677,32.804,0.126
nu_8,nu,8,Western Kentucky SS (Schintgen/StPeter),Dartmouth KR,Aff,21.325,22.477,1.152,22.028,20.958,-1.07
nu_8,nu,8,Southern California BM,Missouri State HN,Aff,23.614,24.833,1.219,23.19,21.906,-1.284
nu_8,nu,8,Emory CT,Dartmouth GM,Neg,24.311,22.158,-2.153,20.193,21.617,1.424
nu_8,nu,8,Baylor BK,Michigan AM,Aff,20.522,21.949,1.426,22.466,20.613,-1.853
nu_8,nu,8,Kansas CS,Wake Forest HN,Neg,23.657,22.066,-1.592,22.542,23.764,1.222
nu_8,nu,8,Georgia CK,UC Davis MS,Aff,25.274,25.943,0.669,19.738,19.063,-0.675
nu_8,nu,8,Macalester HW,Missouri State NS,Neg,26.687,24.921,-1.766,23.35,24.906,1.556
nu_8,nu,8,Gonzaga RW,Dartmouth BJ,Neg,26.379,24.543,-1.835,21.381,22.962,1.581
nu_8,nu,8,Wyoming CH,Michigan GJ,Aff,15.729,18.259,2.53,26.22,23.029,-3.191
nu_8,nu,8,Wake Forest SK (Shakarov/Kampine),Southern California MT,Neg,12.145,11.871,-0.274,24.12,24.294,0.174
nu_8,nu,8,Georgetown KL,Trinity KP,Aff,15.259,19.309,4.05,25.871,23.603,-2.267
nu_8,nu,8,Macalester CD,Georgetown LN,Neg,16.881,16.308,-0.573,23.845,24.459,0.614
nu_8,nu,8,North Texas VH,Emory SW,Aff,16.604,19.035,2.43,22.294,20.543,-1.75
nu_8,nu,8,Western Kentucky IP,Wake Forest DE,Neg,13.958,13.608,-0.349,24.347,24.561,0.214
nu_8,nu,8,Arizona State SS,Harvard FK,Aff,18.112,18.313,0.201,6.962,6.711,-0.251
nu_8,nu,8,Wake Forest MP,Indiana FT,Aff,20.839,21.372,0.533,13.853,13.294,-0.559
nu_8,nu,8,Kansas HM,Emory CG,Neg,16.722,14.933,-1.788,13.8,15.682,1.882
nu_8,nu,8,Iowa KS,Kansas State DS,Aff,18.16,19.27,1.11,17.982,16.599,-1.383
nu_8,nu,8,Kansas HL,Dartmouth HP (Park/Hatton),Neg,18.008,16.714,-1.293,16.642,18.252,1.61
nu_8,nu,8,Wyoming WW,CSU Long Beach ES,Neg,18.253,16.839,-1.415,17.92,19.406,1.486
nu_8,nu,8,Emory PS,Georgetown GT,Aff,16.828,18.5,1.672,18.554,16.986,-1.567
nu_8,nu,8,George Mason RS,Baylor MP,Neg,13.182,11.751,-1.43,12.202,13.759,1.557
nu_dubs,nu,dubs,Harvard DS,Kansas LS,Neg,30.265,30.042,-0.223,40.05,40.262,0.211
nu_dubs,nu,dubs,Wake Forest PS (Sencion/Patel),Michigan State GL,Neg,35.593,35.092,-0.501,41.464,41.895,0.431
nu_dubs,nu,dubs,Binghamton CK,Kansas BW,Neg,40.105,38.223,-1.881,31.149,33.19,2.041
nu_dubs,nu,dubs,UC Berkeley BU,Michigan BP,Neg,30.571,30.439,-0.132,42.834,42.951,0.117
nu_dubs,nu,dubs,Georgetown AC,West Georgia KK,Neg,40.068,37.824,-2.244,33.548,35.63,2.082
nu_dubs,nu,dubs,Southern California BR,Emory GS,Neg,29.569,29.422,-0.146,40.996,41.138,0.142
nu_dubs,nu,dubs,Kansas OW,Stanford LL,Aff,38.745,39.028,0.283,31.349,31.052,-0.298
nu_dubs,nu,dubs,Baylor DL,Emory LY,Neg,32.042,31.621,-0.421,38.195,38.594,0.399
nu_dubs,nu,dubs,CSU Long Beach OM,Kansas AU,Aff,37.616,38.266,0.649,34.809,33.879,-0.93
nu_dubs,nu,dubs,UTD PR,Kansas HP,Neg,31.227,30.91,-0.317,38.347,38.689,0.341
nu_dubs,nu,dubs,Michigan SS (Shah/Shih),Liberty CL,Aff,37.159,37.66,0.502,32.804,32.276,-0.528
nu_dubs,nu,dubs,UTD HK,Michigan ES,Neg,35.221,34.25,-0.971,34.864,35.851,0.987
nu_dubs,nu,dubs,Iowa AP,Northwestern PS,Neg,34.415,33.863,-0.552,38.474,39.003,0.529
nu_dubs,nu,dubs,Northwestern LR,Kentucky GS,Aff,36.418,36.917,0.498,29.908,29.533,-0.375
nu_dubs,nu,dubs,Dartmouth CG,Northwestern AT,Aff,29.284,31.266,1.983,35.935,33.97,-1.965
nu_octas,nu,octas,Kansas LS,Dartmouth CG,Aff,40.262,40.497,0.236,31.266,31.019,-0.247
nu_octas,nu,octas,Michigan State GL,Northwestern LR,Neg,41.895,40.485,-1.411,36.917,38.699,1.782
nu_octas,nu,octas,Kansas BW,Northwestern PS,Neg,33.19,32.822,-0.368,39.003,39.376,0.372
nu_octas,nu,octas,West Georgia KK,Emory RY,Neg,35.63,34.747,-0.883,37.177,37.891,0.714
nu_octas,nu,octas,Emory GS,Michigan SS (Shah/Shih),Aff,41.138,41.735,0.596,37.66,37.131,-0.529
nu_octas,nu,octas,Emory LY,CSU Long Beach OM,Neg,38.594,37.684,-0.91,38.266,39.166,0.901
nu_quarters,nu,quarters,Kansas LS,CSU Long Beach OM,Neg,40.497,39.46,-1.038,39.166,40.077,0.91
nu_quarters,nu,quarters,Northwestern LR,Kansas OW,Aff,38.699,39.709,1.01,39.028,38.211,-0.817
nu_quarters,nu,quarters,Northwestern PS,Emory GS,Neg,39.376,38.788,-0.587,41.735,42.376,0.641
nu_quarters,nu,quarters,Emory RY,Michigan BP,Neg,37.891,37.487,-0.404,42.951,43.422,0.471
nu_semis,nu,semis,Michigan BP,CSU Long Beach OM,Aff,43.422,43.99,0.568,40.077,39.607,-0.47
nu_semis,nu,semis,Emory GS,Northwestern LR,Neg,42.376,41.34,-1.036,39.709,40.866,1.157
nu_finals,nu,finals,Michigan BP,Northwestern LR,Aff,43.99,44.529,0.539,40.866,40.338,-0.527
kentuckyrr_1,kentuckyrr,1,Georgetown AC,Michigan BP,Neg,37.824,37.382,-0.442,44.529,44.811,0.282
kentuckyrr_1,kentuckyrr,1,Binghamton CK,CSU Long Beach OM,Aff,38.223,39.138,0.915,39.607,38.812,-0.795
kentuckyrr_1,kentuckyrr,1,Emory GS,Kentucky GS,Aff,41.34,41.429,0.089,29.533,29.421,-0.112
kentuckyrr_2,kentuckyrr,2,Michigan BP,Binghamton CK,Aff,44.811,45.131,0.32,39.138,38.82,-0.318
kentuckyrr_2,kentuckyrr,2,Kentucky GS,Georgetown AC,Neg,29.421,29.158,-0.263,37.382,37.707,0.325
kentuckyrr_2,kentuckyrr,2,Dartmouth CG,Emory GS,Neg,31.019,30.851,-0.168,41.429,41.553,0.123
kentuckyrr_3,kentuckyrr,3,CSU Long Beach OM,Emory GS,Neg,38.812,38.367,-0.445,41.553,42.041,0.488
kentuckyrr_3,kentuckyrr,3,Georgetown AC,Dartmouth CG,Aff,37.707,38.081,0.374,30.851,30.513,-0.338
kentuckyrr_3,kentuckyrr,3,Kentucky GS,Michigan BP,Neg,29.158,29.129,-0.029,45.131,45.155,0.024
kentuckyrr_4,kentuckyrr,4,CSU Long Beach OM,Georgetown AC,Neg,38.367,37.765,-0.602,38.081,39.061,0.98
kentuckyrr_4,kentuckyrr,4,Binghamton CK,Dartmouth CG,Neg,38.82,37.411,-1.41,30.513,32.339,1.825
kentuckyrr_4,kentuckyrr,4,Emory GS,Michigan BP,Aff,42.041,42.944,0.903,45.155,44.206,-0.949
kentuckyrr_5,kentuckyrr,5,Dartmouth CG,Kentucky GS,Neg,32.339,31.292,-1.046,29.129,30.272,1.144
kentuckyrr_5,kentuckyrr,5,Michigan BP,CSU Long Beach OM,Aff,44.206,44.443,0.238,37.765,37.552,-0.213
kentuckyrr_5,kentuckyrr,5,Georgetown AC,Binghamton CK,Aff,39.061,39.756,0.695,37.411,36.916,-0.495
kentuckyrr_6,kentuckyrr,6,CSU Long Beach OM,Kentucky GS,Aff,37.552,37.726,0.175,30.272,30.027,-0.246
kentuckyrr_6,kentuckyrr,6,Binghamton CK,Emory GS,Neg,36.916,36.677,-0.238,42.944,43.189,0.245
kentuckyrr_6,kentuckyrr,6,Michigan BP,Dartmouth CG,Neg,44.443,42.708,-1.735,31.292,33.325,2.033
kentuckyrr_7,kentuckyrr,7,Emory GS,Georgetown AC,Neg,43.189,42.377,-0.812,39.756,40.88,1.124
kentuckyrr_7,kentuckyrr,7,Dartmouth CG,CSU Long Beach OM,Neg,33.325,32.987,-0.338,37.726,38.01,0.284
kentuckyrr_7,kentuckyrr,7,Kentucky GS,Binghamton CK,Neg,30.027,29.762,-0.264,36.677,36.881,0.204
uk_1,uk,1,Kansas State LW,Dartmouth PT,Neg,25.0,20.795,-4.205,25.0,29.205,4.205
uk_1,uk,1,Michigan ES,Wake Forest MP,Aff,35.851,35.912,0.061,21.372,21.279,-0.093
uk_1,uk,1,Michigan State GL,Western Kentucky IP,Aff,40.485,40.485,0.001,13.608,13.607,-0.001
uk_1,uk,1,North Texas VH,Wyoming CH,Neg,19.035,17.691,-1.343,18.259,19.307,1.048
uk_1,uk,1,Kansas BW,Gonzaga RW,Aff,32.822,33.043,0.221,24.543,24.249,-0.295
uk_1,uk,1,Harvard CS,Kansas State DS,Aff,25.0,27.426,2.426,16.599,16.193,-0.406
uk_1,uk,1,George Mason RT,Western Kentucky KN,Neg,22.126,16.894,-5.232,19.902,21.194,1.292
uk_1,uk,1,West Georgia KK,Missouri State BC,Aff,34.747,34.86,0.113,19.394,18.631,-0.763
uk_1,uk,1,Purdue AH,Iowa KS,Neg,20.891,17.43,-3.461,19.27,20.276,1.006
uk_1,uk,1,Michigan SS (Shah/Shih),Emory CS (Cannaday/Stearns),Aff,37.131,37.262,0.131,24.801,23.963,-0.838
uk_1,uk,1,Emory LY,Dartmouth BC,Aff,37.684,37.796,0.112,25.378,25.053,-0.324
uk_1,uk,1,Kansas BP (Bauman/Persson),Emory CG,Neg,25.0,15.859,-9.141,15.682,17.249,1.567
uk_1,uk,1,Emory GM,UC Berkeley GS,Aff,34.763,34.998,0.236,25.0,22.918,-2.082
uk_1,uk,1,Kansas ST,Indiana FT,Aff,25.0,26.655,1.655,13.294,13.004,-0.289
uk_1,uk,1,Kansas FS,Wake Forest LW,Neg,18.596,18.179,-0.417,32.375,32.665,0.289
uk_1,uk,1,Harvard DS,Baylor MP,Aff,30.042,30.086,0.043,13.759,13.701,-0.058
uk_1,uk,1,Kansas JB,Wake Forest NS,Aff,22.99,26.824,3.834,23.94,19.627,-4.313
uk_1,uk,1,Stanford LL,Georgia CP,Aff,31.052,31.189,0.138,20.0,19.78,-0.22
uk_1,uk,1,Baylor DL,Macalester CD,Aff,31.621,31.675,0.054,16.308,16.227,-0.081
uk_1,uk,1,Kansas CF,Harvard FK,Aff,25.0,25.64,0.64,6.711,6.598,-0.113
uk_1,uk,1,Kansas BP (Pace/Blaser),Kentucky GS,Neg,25.0,21.47,-3.53,29.762,30.057,0.294
uk_1,uk,1,UTD PR,Kansas CS,Aff,30.91,31.13,0.219,22.066,21.723,-0.343
uk_1,uk,1,Kansas BM,Dartmouth JR,Aff,23.59,24.27,0.68,21.268,19.661,-1.607
uk_1,uk,1,Liberty CL,Minnesota HU,Neg,32.276,30.653,-1.623,22.706,27.162,4.456
uk_1,uk,1,Kansas SS,Missouri State BK,Neg,24.296,18.908,-5.389,20.21,22.657,2.448
uk_1,uk,1,UTD HK,Wake Forest SK (Sampat/Kampine),Neg,34.25,32.979,-1.271,22.616,31.978,9.362
uk_1,uk,1,Iowa AP,Harvard JS,Aff,33.863,34.117,0.254,25.0,22.692,-2.308
uk_1,uk,1,Kansas AU,Kansas State DR (Raines/Day),Aff,33.879,34.198,0.319,24.993,24.641,-0.351
uk_1,uk,1,Kansas HP,Navy CR,Aff,38.689,38.87,0.182,28.127,27.645,-0.482
uk_1,uk,1,Northwestern AT,Georgetown AC,Aff,33.97,35.831,1.861,40.88,39.593,-1.287
uk_1,uk,1,Kansas OW,Michigan BL,Aff,38.211,38.233,0.022,19.162,19.069,-0.094
uk_1,uk,1,Iowa EW,Binghamton CK,Neg,31.212,30.599,-0.612,36.881,37.115,0.234
uk_1,uk,1,Kansas LS,Gonzaga GW,Aff,39.46,39.583,0.123,26.065,25.155,-0.91
uk_1,uk,1,Michigan State FM,Iowa BS,Aff,28.465,29.948,1.483,29.89,28.832,-1.058
uk_1,uk,1,Michigan CC,Kansas VF,Aff,30.573,31.17,0.597,25.0,21.781,-3.219
uk_1,uk,1,Dartmouth GH (Guo/Hatton),Wake Forest HN,Aff,25.55,29.303,3.752,23.764,23.121,-0.642
uk_1,uk,1,Dartmouth BG,UC Berkeley BU,Neg,25.0,21.715,-3.285,30.439,30.876,0.437
uk_1,uk,1,Emory KS,Dartmouth GH (Hant/Gonzalez Arce),Aff,32.441,32.775,0.335,25.0,22.308,-2.692
uk_1,uk,1,Missouri State NS,Dartmouth CG,Neg,24.906,24.594,-0.312,32.987,33.153,0.166
uk_1,uk,1,George Mason WW,Dartmouth MR,Aff,31.672,32.175,0.503,25.0,22.101,-2.899
uk_1,uk,1,NYU JT,Northwestern NP,Neg,21.504,19.513,-1.991,25.0,28.615,3.615
uk_1,uk,1,Michigan CS (Cho/Saudek),Georgia CK,Neg,29.931,28.248,-1.683,25.943,27.718,1.775
uk_1,uk,1,NYU MS,Northwestern AK,Aff,33.028,33.55,0.523,22.46,20.953,-1.507
uk_1,uk,1,Michigan AO,Emory AS,Aff,29.249,29.911,0.661,26.937,25.843,-1.094
uk_1,uk,1,George Mason DG,Northwestern MO,Aff,28.313,29.042,0.729,26.427,22.423,-4.003
uk_1,uk,1,Texas FL,Emory GS,Neg,28.411,27.604,-0.807,42.377,42.446,0.069
uk_1,uk,1,Wichita State GM,Baylor BK,Aff,25.321,25.921,0.6,21.949,21.215,-0.734
uk_1,uk,1,Kentucky ER,Northwestern HP,Neg,24.541,21.005,-3.536,25.0,29.225,4.225
uk_1,uk,1,Kentucky BS,Northwestern LW,Neg,25.0,20.658,-4.342,25.215,28.611,3.396
uk_1,uk,1,Wake Forest AB,UTD DD,Neg,26.605,25.276,-1.329,22.162,28.573,6.411
uk_1,uk,1,Kentucky RW,Georgetown LN,Aff,28.902,31.722,2.819,24.459,23.75,-0.709
uk_1,uk,1,Louisville NJ,UTD HH,Neg,25.0,20.795,-4.205,25.0,29.205,4.205
uk_1,uk,1,Michigan State JS,Northwestern LL,Aff,29.017,29.679,0.663,26.371,25.438,-0.933
uk_1,uk,1,Michigan State GS,UTD KU,Aff,26.987,27.401,0.414,22.162,19.005,-3.157
uk_1,uk,1,"Harvard/Massachusetts, Amherst AL",Emory TT,Neg,27.395,22.149,-5.246,20.933,26.189,5.257
uk_1,uk,1,Northwestern LR,Missouri State HN,Aff,40.338,40.352,0.014,21.906,21.881,-0.024
uk_1,uk,1,James Madison KP,Western Kentucky SS (StPeter/Shockley),Neg,25.0,18.003,-6.997,19.23,21.776,2.547
uk_1,uk,1,Oklahoma DT,UC Berkeley MR,Neg,16.43,16.139,-0.291,31.64,31.72,0.08
uk_1,uk,1,Northwestern PS,Liberty KS,Aff,38.788,38.901,0.113,25.0,23.768,-1.232
uk_1,uk,1,Michigan BP,Georgetown GT,Aff,42.708,42.709,0.0,16.986,16.986,-0.001
uk_1,uk,1,Oklahoma BS,Macalester HW,Aff,23.623,28.5,4.877,24.921,24.009,-0.912
uk_1,uk,1,North Texas GV,Wyoming WW,Neg,25.0,16.385,-8.615,16.839,18.286,1.447
uk_1,uk,1,Emory RY,James Madison MO,Aff,37.487,37.625,0.138,25.271,24.14,-1.131
uk_2,uk,2,UTD DD,Kentucky RW,Neg,28.573,26.415,-2.159,31.722,33.96,2.238
uk_2,uk,2,Georgetown LN,Michigan State GS,Neg,23.75,22.9,-0.85,27.401,27.938,0.537
uk_2,uk,2,Northwestern LW,Wichita State GM,Neg,28.611,24.027,-4.585,25.921,26.74,0.819
uk_2,uk,2,CSU Long Beach OM,Louisville NJ,Aff,38.01,38.045,0.036,20.795,20.356,-0.439
uk_2,uk,2,Baylor BK,Wake Forest AB,Neg,21.215,20.62,-0.595,25.276,26.04,0.764
uk_2,uk,2,Northwestern MO,Dartmouth GH (Guo/Hatton),Neg,22.423,20.784,-1.639,29.303,30.8,1.497
uk_2,uk,2,Kansas State DR (Raines/Day),Emory GM,Neg,24.641,24.404,-0.237,34.998,35.164,0.166
uk_2,uk,2,Emory AS,Kentucky BS,Aff,25.843,26.428,0.584,20.658,18.129,-2.529
uk_2,uk,2,Northwestern AK,Michigan AO,Aff,20.953,28.167,7.214,29.911,28.722,-1.188
uk_2,uk,2,Georgia CK,Kentucky ER,Neg,27.718,26.367,-1.351,21.005,27.178,6.173
uk_2,uk,2,Northwestern NP,Michigan CS (Cho/Saudek),Neg,28.615,24.365,-4.25,28.248,29.046,0.798
uk_2,uk,2,Dartmouth CG,George Mason DG,Neg,33.153,32.335,-0.818,29.042,30.794,1.752
uk_2,uk,2,Dartmouth MR,James Madison KP,Aff,22.101,24.66,2.559,18.003,15.823,-2.18
uk_2,uk,2,Emory TT,West Georgia KK,Neg,26.189,24.904,-1.286,34.86,35.14,0.281
uk_2,uk,2,Wake Forest HN,George Mason WW,Neg,23.121,22.87,-0.251,32.175,32.504,0.329
uk_2,uk,2,Gonzaga GW,Michigan State FM,Neg,25.155,22.756,-2.399,29.948,30.492,0.544
uk_2,uk,2,Iowa BS,NYU MS,Neg,28.832,28.385,-0.447,33.55,34.607,1.057
uk_2,uk,2,Binghamton CK,Kansas OW,Aff,37.115,37.7,0.585,38.233,37.378,-0.855
uk_2,uk,2,Michigan BL,Iowa EW,Neg,19.069,18.526,-0.543,30.599,30.817,0.217
uk_2,uk,2,Georgetown AC,Kansas LS,Neg,39.593,38.964,-0.629,39.583,40.391,0.809
uk_2,uk,2,Navy CR,Northwestern AT,Neg,27.645,26.984,-0.661,35.831,36.088,0.258
uk_2,uk,2,UC Berkeley GS,Kansas FS,Neg,22.918,17.481,-5.437,18.179,20.867,2.688
uk_2,uk,2,Harvard JS,Kansas BM,Aff,22.692,27.482,4.79,24.27,23.518,-0.751
uk_2,uk,2,Wake Forest SK (Sampat/Kampine),Kansas HP,Neg,31.978,30.712,-1.266,38.87,39.197,0.327
uk_2,uk,2,Missouri State BK,UTD HK,Neg,22.657,22.159,-0.498,32.979,33.147,0.168
uk_2,uk,2,Minnesota HU,Kansas BP (Pace/Blaser),Neg,27.162,25.295,-1.867,21.47,27.139,5.669
uk_2,uk,2,Dartmouth JR,Iowa AP,Neg,19.661,19.508,-0.154,34.117,34.185,0.068
uk_2,uk,2,Harvard FK,UTD PR,Neg,6.598,6.595,-0.002,31.13,31.131,0.001
uk_2,uk,2,Kentucky GS,Liberty CL,Aff,30.057,30.757,0.7,30.653,29.796,-0.857
uk_2,uk,2,Macalester CD,Kansas JB,Neg,16.227,15.913,-0.314,26.824,27.934,1.11
uk_2,uk,2,Kansas CS,NYU JT,Neg,21.723,20.543,-1.18,19.513,23.052,3.539
uk_2,uk,2,Georgia CP,Kansas CF,Neg,19.78,19.267,-0.513,25.64,28.488,2.849
uk_2,uk,2,Wake Forest NS,Stanford LL,Neg,19.627,18.593,-1.034,31.189,31.349,0.159
uk_2,uk,2,Baylor MP,Kansas ST,Neg,13.701,13.478,-0.223,26.655,27.716,1.061
uk_2,uk,2,Wake Forest LW,Baylor DL,Neg,32.665,30.587,-2.078,31.675,32.582,0.907
uk_2,uk,2,Indiana FT,Emory LY,Neg,13.004,13.002,-0.002,37.796,37.797,0.001
uk_2,uk,2,Emory CG,Michigan ES,Neg,17.249,17.226,-0.023,35.912,35.928,0.016
uk_2,uk,2,Dartmouth BC,Kansas SS,Aff,25.053,25.927,0.874,18.908,17.255,-1.652
uk_2,uk,2,Iowa KS,Harvard DS,Neg,20.276,20.063,-0.213,30.086,30.294,0.208
uk_2,uk,2,Kansas VF,Texas FL,Neg,21.781,19.634,-2.147,27.604,29.603,1.999
uk_2,uk,2,Dartmouth GH (Hant/Gonzalez Arce),Kansas AU,Neg,22.308,21.218,-1.09,34.198,34.416,0.218
uk_2,uk,2,Emory GS,Michigan CC,Aff,42.446,42.522,0.076,31.17,30.962,-0.208
uk_2,uk,2,Kansas State DS,Michigan SS (Shah/Shih),Neg,16.193,16.184,-0.009,37.262,37.268,0.005
uk_2,uk,2,Gonzaga RW,North Texas VH,Aff,24.249,24.632,0.383,17.691,17.245,-0.446
uk_2,uk,2,Western Kentucky IP,Kansas State LW,Aff,13.607,15.453,1.846,20.795,14.073,-6.721
uk_2,uk,2,Dartmouth PT,Northwestern PS,Neg,29.205,27.673,-1.533,38.901,39.087,0.186
uk_2,uk,2,Wake Forest MP,North Texas GV,Aff,21.279,21.889,0.609,16.385,14.375,-2.009
uk_2,uk,2,James Madison MO,Kansas BP (Bauman/Persson),Neg,24.14,18.545,-5.595,15.859,20.44,4.58
uk_2,uk,2,Georgetown GT,Oklahoma BS,Aff,16.986,19.163,2.177,28.5,21.657,-6.844
uk_2,uk,2,Macalester HW,Michigan State GL,Neg,24.009,23.97,-0.039,40.485,40.514,0.029
uk_2,uk,2,Liberty KS,Oklahoma DT,Neg,23.768,17.023,-6.745,16.139,19.399,3.26
uk_2,uk,2,Western Kentucky SS (StPeter/Shockley),"Harvard/Massachusetts, Amherst AL",Neg,21.776,20.054,-1.723,22.149,25.196,3.047
uk_2,uk,2,Missouri State BC,Harvard CS,Neg,18.631,16.953,-1.678,27.426,29.132,1.706
uk_2,uk,2,Georgetown KL,Northwestern LR,Neg,19.309,19.297,-0.013,40.352,40.358,0.006
uk_2,uk,2,Wyoming WW,Emory RY,Neg,18.286,18.27,-0.016,37.625,37.635,0.01
uk_2,uk,2,Wyoming CH,Kansas BW,Neg,19.307,19.238,-0.069,33.043,33.1,0.056
uk_2,uk,2,Western Kentucky KN,Emory KS,Neg,21.194,20.973,-0.221,32.775,32.918,0.143
uk_2,uk,2,Emory CS (Cannaday/Stearns),Purdue AH,Aff,23.963,25.586,1.623,17.43,16.4,-1.03
uk_2,uk,2,UC Berkeley MR,Michigan BP,Neg,31.72,31.583,-0.137,42.709,42.787,0.078
uk_2,uk,2,UC Berkeley BU,Missouri State NS,Aff,30.876,31.292,0.416,24.594,24.184,-0.41
uk_2,uk,2,UTD KU,George Mason RT,Neg,19.005,15.291,-3.714,16.894,20.052,3.159
uk_2,uk,2,Northwestern LL,Dartmouth BG,Aff,25.438,26.054,0.615,21.715,18.896,-2.82
uk_2,uk,2,UTD HH,Michigan State JS,Aff,29.205,33.629,4.424,29.679,29.022,-0.657
uk_3,uk,3,Iowa KS,Northwestern LW,Neg,20.063,19.537,-0.526,24.027,25.753,1.726
uk_3,uk,3,UTD HH,George Mason DG,Neg,33.629,29.766,-3.863,30.794,31.802,1.009
uk_3,uk,3,Emory AS,Michigan CS (Cho/Saudek),Neg,26.428,25.561,-0.866,29.046,29.748,0.702
uk_3,uk,3,Wake Forest NS,Purdue AH,Neg,18.593,14.802,-3.792,16.4,18.434,2.034
uk_3,uk,3,Michigan State JS,"Harvard/Massachusetts, Amherst AL",Aff,29.022,29.484,0.462,25.196,23.384,-1.811
uk_3,uk,3,Kansas AU,Emory GS,Neg,34.416,34.095,-0.321,42.522,42.666,0.144
uk_3,uk,3,Minnesota HU,Emory TT,Neg,25.295,24.047,-1.248,24.904,27.816,2.912
uk_3,uk,3,Northwestern AT,Kentucky RW,Neg,36.088,35.281,-0.807,33.96,37.416,3.456
uk_3,uk,3,Dartmouth PT,UC Berkeley MR,Neg,27.673,25.211,-2.461,31.583,32.045,0.461
uk_3,uk,3,Emory KS,Michigan ES,Aff,32.918,34.156,1.238,35.928,34.781,-1.147
uk_3,uk,3,Michigan AO,Western Kentucky SS (StPeter/Shockley),Aff,28.722,28.943,0.22,20.054,19.465,-0.589
uk_3,uk,3,George Mason RT,Missouri State HN,Neg,20.052,17.849,-2.203,21.881,22.748,0.867
uk_3,uk,3,Dartmouth BC,Georgia CK,Aff,25.927,27.755,1.828,26.367,25.401,-0.966
uk_3,uk,3,Harvard CS,NYU MS,Neg,29.132,27.023,-2.109,34.607,35.367,0.76
uk_3,uk,3,Iowa BS,North Texas VH,Aff,28.385,28.511,0.126,17.245,17.083,-0.163
uk_3,uk,3,Stanford LL,West Georgia KK,Neg,31.349,30.865,-0.484,35.14,35.7,0.56
uk_3,uk,3,Kansas JB,Northwestern LR,Neg,27.934,27.283,-0.651,40.358,40.472,0.114
uk_3,uk,3,UTD HK,Iowa EW,Aff,33.147,33.721,0.574,30.817,29.959,-0.858
uk_3,uk,3,Baylor DL,Wichita State GM,Aff,32.582,32.953,0.372,26.74,26.38,-0.36
uk_3,uk,3,Kansas VF,Louisville NJ,Aff,19.634,22.621,2.987,20.356,16.747,-3.609
uk_3,uk,3,Dartmouth GH (Guo/Hatton),Emory RY,Neg,30.8,29.477,-1.323,37.635,37.914,0.278
uk_3,uk,3,Gonzaga RW,NYU JT,Aff,24.632,25.302,0.67,23.052,21.117,-1.935
uk_3,uk,3,Kentucky GS,UC Berkeley BU,Aff,30.757,31.392,0.635,31.292,30.283,-1.009
uk_3,uk,3,Georgia CP,Kansas SS,Neg,19.267,18.096,-1.171,17.255,20.468,3.213
uk_3,uk,3,CSU Long Beach OM,Michigan SS (Shah/Shih),Aff,38.045,38.494,0.449,37.268,36.556,-0.712
uk_3,uk,3,Harvard JS,Dartmouth MR,Neg,27.482,24.381,-3.102,24.66,28.355,3.695
uk_3,uk,3,Kansas BP (Pace/Blaser),Oklahoma BS,Aff,27.139,28.624,1.485,21.657,20.535,-1.122
uk_3,uk,3,Kansas LS,Northwestern PS,Aff,40.391,41.016,0.625,39.087,38.48,-0.607
uk_3,uk,3,UTD DD,Kansas FS,Aff,26.415,27.886,1.472,20.867,19.792,-1.075
uk_3,uk,3,Kansas BM,Georgetown GT,Aff,23.518,24.0,0.482,19.163,18.535,-0.628
uk_3,uk,3,Kansas ST,Binghamton CK,Neg,27.716,26.412,-1.304,37.7,37.814,0.114
uk_3,uk,3,Indiana FT,Liberty KS,Neg,13.002,12.308,-0.694,17.023,19.181,2.158
uk_3,uk,3,Baylor BK,Dartmouth GH (Hant/Gonzalez Arce),Aff,20.62,21.383,0.763,21.218,17.404,-3.814
uk_3,uk,3,Dartmouth BG,Wake Forest HN,Neg,18.896,16.808,-2.088,22.87,23.376,0.506
uk_3,uk,3,George Mason WW,Kansas HP,Neg,32.504,32.035,-0.469,39.197,39.518,0.32
uk_3,uk,3,Emory LY,Michigan State GS,Aff,37.797,37.954,0.157,27.938,27.773,-0.165
uk_3,uk,3,Texas FL,Wyoming CH,Aff,29.603,30.564,0.961,19.238,19.033,-0.205
uk_3,uk,3,Harvard FK,Macalester HW,Neg,6.595,6.551,-0.044,23.97,24.005,0.035
uk_3,uk,3,Kentucky ER,Emory CS (Cannaday/Stearns),Neg,27.178,24.568,-2.609,25.586,28.447,2.86
uk_3,uk,3,Baylor MP,Navy CR,Aff,13.478,16.468,2.99,26.984,22.463,-4.521
uk_3,uk,3,Missouri State BK,Kansas OW,Neg,22.159,22.016,-0.143,37.378,37.422,0.044
uk_3,uk,3,Michigan BP,Kansas CF,Aff,42.787,42.848,0.061,28.488,27.883,-0.606
uk_3,uk,3,UTD KU,Gonzaga GW,Neg,15.291,14.047,-1.244,22.756,24.062,1.307
uk_3,uk,3,James Madison KP,Kansas CS,Neg,15.823,13.911,-1.912,20.543,21.086,0.543
uk_3,uk,3,Michigan CC,Wake Forest AB,Aff,30.962,31.628,0.666,26.04,25.437,-0.603
uk_3,uk,3,Harvard DS,UTD PR,Aff,30.294,31.316,1.022,31.131,30.254,-0.877
uk_3,uk,3,Iowa AP,Emory GM,Aff,34.185,35.109,0.925,35.164,34.23,-0.934
uk_3,uk,3,Michigan State GL,Northwestern HP,Aff,40.514,40.681,0.167,29.225,28.023,-1.202
uk_3,uk,3,Western Kentucky KN,Wyoming WW,Aff,20.973,21.919,0.946,18.27,17.444,-0.826
uk_3,uk,3,Missouri State BC,Kansas State DR (Raines/Day),Neg,16.953,15.286,-1.667,24.404,24.814,0.41
uk_3,uk,3,Dartmouth CG,Wake Forest MP,Neg,32.335,31.118,-1.217,21.889,24.769,2.88
uk_3,uk,3,Wake Forest SK (Sampat/Kampine),Oklahoma DT,Neg,30.712,26.044,-4.668,19.399,23.753,4.354
uk_3,uk,3,UC Berkeley GS,Missouri State NS,Neg,17.481,15.957,-1.525,24.184,24.54,0.357
uk_3,uk,3,Michigan State FM,Kansas BW,Neg,30.492,29.71,-0.782,33.1,33.623,0.524
uk_3,uk,3,Kansas State DS,Macalester CD,Aff,16.184,17.319,1.135,15.913,14.729,-1.184
uk_3,uk,3,Northwestern AK,Kansas BP (Bauman/Persson),Aff,28.167,29.18,1.013,20.44,19.378,-1.062
uk_3,uk,3,Georgetown KL,Northwestern LL,Neg,19.297,18.712,-0.584,26.054,26.479,0.426
uk_3,uk,3,Michigan BL,Northwestern MO,Aff,18.526,20.911,2.384,20.784,17.49,-3.294
uk_3,uk,3,Western Kentucky IP,Northwestern NP,Neg,15.453,15.043,-0.41,24.365,25.432,1.067
uk_3,uk,3,Emory CG,Wake Forest LW,Neg,17.226,17.093,-0.133,30.587,30.768,0.181
uk_3,uk,3,North Texas GV,Georgetown LN,Neg,14.375,13.395,-0.98,22.9,23.268,0.368
uk_3,uk,3,James Madison MO,Liberty CL,Neg,18.545,17.862,-0.683,29.796,29.931,0.135
uk_3,uk,3,Kansas State LW,Georgetown AC,Neg,14.073,14.054,-0.019,38.964,38.967,0.003
uk_4,uk,4,Northwestern HP,Western Kentucky KN,Neg,28.023,22.403,-5.62,21.919,23.372,1.453
uk_4,uk,4,"Harvard/Massachusetts, Amherst AL",UC Berkeley GS,Neg,23.384,20.042,-3.342,15.957,20.117,4.161
uk_4,uk,4,Iowa EW,Western Kentucky IP,Aff,29.959,30.027,0.068,15.043,14.954,-0.089
uk_4,uk,4,Kansas FS,Dartmouth CG,Neg,19.792,19.439,-0.353,31.118,31.195,0.077
uk_4,uk,4,Northwestern NP,Michigan State JS,Aff,25.432,29.222,3.791,29.484,28.549,-0.936
uk_4,uk,4,Northwestern LL,Michigan CC,Neg,26.479,25.968,-0.511,31.628,32.214,0.586
uk_4,uk,4,Wake Forest LW,Dartmouth BC,Aff,30.768,31.791,1.024,27.755,26.744,-1.01
uk_4,uk,4,Northwestern LW,Kansas ST,Aff,25.753,27.663,1.91,26.412,23.144,-3.268
uk_4,uk,4,Wake Forest MP,UTD DD,Aff,24.769,25.875,1.106,27.886,24.735,-3.151
uk_4,uk,4,Michigan CS (Cho/Saudek),UTD HH,Aff,29.748,30.54,0.792,29.766,27.483,-2.284
uk_4,uk,4,UC Berkeley BU,Stanford LL,Neg,30.283,29.497,-0.786,30.865,31.558,0.693
uk_4,uk,4,Georgetown AC,UTD KU,Aff,38.967,38.969,0.002,14.047,14.034,-0.013
uk_4,uk,4,Gonzaga GW,Iowa KS,Aff,24.062,25.718,1.655,19.537,19.076,-0.461
uk_4,uk,4,George Mason DG,Kansas LS,Neg,31.802,31.591,-0.211,41.016,41.169,0.153
uk_4,uk,4,Purdue AH,Wake Forest SK (Sampat/Kampine),Neg,18.434,17.75,-0.684,26.044,26.754,0.71
uk_4,uk,4,Liberty CL,Kansas VF,Aff,29.931,30.177,0.246,22.621,21.376,-1.245
uk_4,uk,4,Emory CS (Cannaday/Stearns),Northwestern AT,Neg,28.447,27.423,-1.024,35.281,35.567,0.287
uk_4,uk,4,Macalester CD,James Madison MO,Aff,14.729,15.969,1.24,17.862,14.45,-3.413
uk_4,uk,4,Wichita State GM,Michigan BL,Aff,26.38,26.734,0.354,20.911,19.874,-1.037
uk_4,uk,4,Wyoming WW,Kansas State DS,Aff,17.444,18.473,1.03,17.319,16.275,-1.044
uk_4,uk,4,Oklahoma DT,Texas FL,Neg,23.753,23.001,-0.752,30.564,31.912,1.348
uk_4,uk,4,Kansas BW,Kentucky GS,Neg,33.623,32.719,-0.904,31.392,32.124,0.732
uk_4,uk,4,Kansas State DR (Raines/Day),Dartmouth JR,Neg,24.814,23.2,-1.614,19.508,22.161,2.654
uk_4,uk,4,Missouri State NS,Kentucky ER,Aff,24.54,25.316,0.775,24.568,22.36,-2.209
uk_4,uk,4,Wake Forest AB,Kansas State LW,Aff,25.437,25.643,0.206,14.054,13.382,-0.672
uk_4,uk,4,Kansas CS,Emory CG,Aff,21.086,21.693,0.607,17.093,16.396,-0.698
uk_4,uk,4,Emory GM,Michigan AO,Aff,34.23,34.599,0.369,28.943,28.573,-0.37
uk_4,uk,4,Navy CR,Wake Forest NS,Aff,22.463,22.963,0.5,14.802,13.728,-1.074
uk_4,uk,4,UC Berkeley MR,Harvard CS,Aff,32.045,32.442,0.397,27.023,25.234,-1.789
uk_4,uk,4,Wyoming CH,George Mason RT,Neg,19.033,18.182,-0.852,17.849,20.306,2.457
uk_4,uk,4,Michigan State GS,Kansas BP (Pace/Blaser),Aff,27.773,28.51,0.736,28.624,25.991,-2.632
uk_4,uk,4,Binghamton CK,Emory KS,Neg,37.814,37.12,-0.694,34.156,35.392,1.236
uk_4,uk,4,Liberty KS,Missouri State BK,Aff,19.181,22.314,3.133,22.016,19.97,-2.046
uk_4,uk,4,Dartmouth GH (Hant/Gonzalez Arce),Missouri State BC,Aff,17.404,19.332,1.927,15.286,13.018,-2.267
uk_4,uk,4,Georgetown GT,North Texas GV,Aff,18.535,19.024,0.488,13.395,12.052,-1.343
uk_4,uk,4,Wake Forest HN,Iowa BS,Aff,23.376,24.844,1.468,28.511,27.213,-1.298
uk_4,uk,4,Kansas HP,Emory LY,Aff,39.518,40.176,0.658,37.954,37.324,-0.63
uk_4,uk,4,NYU JT,James Madison KP,Aff,21.117,21.866,0.749,13.911,12.815,-1.096
uk_4,uk,4,Emory RY,Michigan BP,Neg,37.914,37.547,-0.367,42.848,43.11,0.262
uk_4,uk,4,Louisville NJ,Dartmouth BG,Aff,16.747,19.629,2.882,16.808,14.655,-2.153
uk_4,uk,4,Northwestern PS,Michigan State FM,Aff,38.48,38.644,0.164,29.71,29.46,-0.25
uk_4,uk,4,Oklahoma BS,Minnesota HU,Neg,20.535,19.22,-1.315,24.047,24.851,0.804
uk_4,uk,4,Michigan SS (Shah/Shih),Kansas BM,Aff,36.556,36.625,0.069,24.0,23.919,-0.081
uk_4,uk,4,Kansas SS,Dartmouth PT,Aff,20.468,23.104,2.636,25.211,21.461,-3.75
uk_4,uk,4,NYU MS,Harvard DS,Neg,35.367,33.157,-2.21,31.316,32.466,1.151
uk_4,uk,4,North Texas VH,Georgia CP,Neg,17.083,16.217,-0.866,18.096,19.031,0.935
uk_4,uk,4,Missouri State HN,Kansas AU,Neg,22.748,22.569,-0.179,34.095,34.254,0.159
uk_4,uk,4,Northwestern LR,CSU Long Beach OM,Aff,40.472,41.046,0.574,38.494,38.129,-0.365
uk_4,uk,4,West Georgia KK,Iowa AP,Neg,35.7,34.796,-0.904,35.109,35.915,0.806
uk_4,uk,4,Kentucky RW,Baylor DL,Neg,37.416,34.186,-3.229,32.953,33.984,1.03
uk_4,uk,4,Emory GS,Michigan State GL,Aff,42.666,43.054,0.388,40.681,40.049,-0.632
uk_4,uk,4,Emory TT,Kansas JB,Aff,27.816,29.701,1.885,27.283,24.729,-2.554
uk_4,uk,4,Western Kentucky SS (StPeter/Shockley),Harvard JS,Neg,19.465,18.557,-0.908,24.381,25.782,1.401
uk_4,uk,4,Michigan ES,Dartmouth GH (Guo/Hatton),Aff,34.781,35.138,0.357,29.477,28.136,-1.34
uk_4,uk,4,Kansas OW,UTD HK,Aff,37.422,37.829,0.407,33.721,33.268,-0.453
uk_4,uk,4,Northwestern MO,Indiana FT,Aff,17.49,18.828,1.338,12.308,11.726,-0.582
uk_4,uk,4,UTD PR,Gonzaga RW,Aff,30.254,30.63,0.376,25.302,24.867,-0.435
uk_4,uk,4,Macalester HW,Georgetown KL,Aff,24.005,24.521,0.516,18.712,18.047,-0.665
uk_4,uk,4,Dartmouth MR,Northwestern AK,Neg,28.355,26.045,-2.31,29.18,31.03,1.85
uk_4,uk,4,Georgia CK,Baylor BK,Aff,25.401,25.948,0.547,21.383,20.858,-0.525
uk_4,uk,4,Kansas CF,George Mason WW,Neg,27.883,25.588,-2.295,32.035,32.61,0.575
uk_4,uk,4,Georgetown LN,Baylor MP,Aff,23.268,23.71,0.442,16.468,16.059,-0.409
uk_4,uk,4,Kansas BP (Bauman/Persson),Emory AS,Neg,19.378,18.236,-1.142,25.561,26.019,0.458
uk_5,uk,5,Dartmouth BG,James Madison KP,Aff,14.655,16.294,1.639,12.815,11.083,-1.732
uk_5,uk,5,Michigan State JS,Missouri State HN,Aff,28.549,28.864,0.316,22.569,22.086,-0.483
uk_5,uk,5,Kansas HP,Kentucky GS,Aff,40.176,40.385,0.209,32.124,31.976,-0.147
uk_5,uk,5,George Mason WW,Emory GM,Aff,32.61,33.898,1.288,34.599,33.729,-0.87
uk_5,uk,5,Wichita State GM,Michigan ES,Neg,26.734,26.537,-0.198,35.138,35.335,0.198
uk_5,uk,5,Wake Forest LW,Kentucky RW,Neg,31.791,30.828,-0.964,34.186,35.44,1.253
uk_5,uk,5,Northwestern AT,Michigan SS (Shah/Shih),Neg,35.567,34.914,-0.653,36.625,37.232,0.607
uk_5,uk,5,UC Berkeley MR,Kansas OW,Neg,32.442,32.061,-0.381,37.829,38.122,0.292
uk_5,uk,5,Wyoming CH,Purdue AH,Aff,18.182,18.888,0.707,17.75,16.148,-1.602
uk_5,uk,5,Iowa KS,Macalester CD,Aff,19.076,19.645,0.569,15.969,15.277,-0.692
uk_5,uk,5,Northwestern NP,Binghamton CK,Aff,29.222,33.246,4.024,37.12,36.354,-0.766
uk_5,uk,5,Harvard JS,Kansas JB,Neg,25.782,23.7,-2.082,24.729,27.135,2.406
uk_5,uk,5,Kansas BP (Bauman/Persson),Iowa BS,Aff,18.236,22.518,4.282,27.213,25.908,-1.305
uk_5,uk,5,Baylor BK,Western Kentucky SS (StPeter/Shockley),Aff,20.858,21.448,0.59,18.557,17.345,-1.211
uk_5,uk,5,Kansas State DS,Michigan BL,Neg,16.275,15.687,-0.589,19.874,21.016,1.142
uk_5,uk,5,UTD HK,NYU JT,Neg,33.268,31.746,-1.523,21.866,26.124,4.258
uk_5,uk,5,Emory GS,Northwestern LR,Aff,43.054,43.425,0.371,41.046,40.517,-0.529
uk_5,uk,5,Missouri State BC,UTD KU,Neg,13.018,10.948,-2.07,14.034,16.145,2.111
uk_5,uk,5,Kansas VF,Georgia CP,Neg,21.376,18.348,-3.028,19.031,20.048,1.017
uk_5,uk,5,Wake Forest MP,Emory LY,Aff,25.875,28.203,2.328,37.324,35.525,-1.799
uk_5,uk,5,UTD DD,Harvard CS,Aff,24.735,26.456,1.721,25.234,22.803,-2.431
uk_5,uk,5,Baylor DL,Michigan BP,Neg,33.984,33.819,-0.165,43.11,43.22,0.11
uk_5,uk,5,Wake Forest SK (Sampat/Kampine),Dartmouth MR,Neg,26.754,25.123,-1.631,26.045,28.321,2.276
uk_5,uk,5,Kansas FS,Baylor MP,Aff,19.439,20.664,1.225,16.059,15.442,-0.617
uk_5,uk,5,Northwestern LL,Dartmouth CG,Neg,25.968,25.496,-0.472,31.195,31.423,0.228
uk_5,uk,5,Emory AS,Wake Forest AB,Aff,26.019,26.975,0.956,25.643,24.673,-0.97
uk_5,uk,5,Liberty KS,Dartmouth JR,Neg,22.314,20.246,-2.068,22.161,23.424,1.263
uk_5,uk,5,Michigan CS (Cho/Saudek),NYU MS,Aff,30.54,31.592,1.053,33.157,31.522,-1.635
uk_5,uk,5,Emory CS (Cannaday/Stearns),Minnesota HU,Aff,27.423,28.934,1.511,24.851,24.037,-0.814
uk_5,uk,5,Emory TT,George Mason DG,Aff,29.701,32.087,2.386,31.591,30.66,-0.931
uk_5,uk,5,Western Kentucky IP,Kentucky ER,Neg,14.954,14.493,-0.461,22.36,23.045,0.685
uk_5,uk,5,Kansas LS,Harvard DS,Aff,41.169,41.332,0.163,32.466,32.273,-0.193
uk_5,uk,5,Stanford LL,Michigan State GL,Neg,31.558,31.378,-0.18,40.049,40.24,0.191
uk_5,uk,5,Macalester HW,Kansas BM,Neg,24.521,23.471,-1.05,23.919,24.751,0.832
uk_5,uk,5,Gonzaga RW,Wake Forest HN,Neg,24.867,24.071,-0.796,24.844,25.638,0.794
uk_5,uk,5,Liberty CL,Kansas BP (Pace/Blaser),Aff,30.177,30.55,0.373,25.991,24.808,-1.183
uk_5,uk,5,Emory CG,Navy CR,Neg,16.396,15.969,-0.427,22.963,23.506,0.543
uk_5,uk,5,Michigan State FM,George Mason RT,Aff,29.46,29.697,0.237,20.306,19.811,-0.495
uk_5,uk,5,Northwestern HP,Oklahoma DT,Aff,22.403,24.961,2.558,23.001,21.477,-1.524
uk_5,uk,5,Iowa AP,Emory KS,Aff,35.915,36.574,0.658,35.392,34.699,-0.693
uk_5,uk,5,Indiana FT,James Madison MO,Neg,11.726,10.984,-0.742,14.45,15.948,1.498
uk_5,uk,5,UC Berkeley GS,Harvard FK,Aff,20.117,20.39,0.273,6.551,6.395,-0.156
uk_5,uk,5,Northwestern AK,UTD PR,Aff,31.03,32.945,1.915,30.63,30.033,-0.597
uk_5,uk,5,Georgia CK,Michigan AO,Neg,25.948,25.327,-0.621,28.573,29.091,0.518
uk_5,uk,5,Georgetown AC,Wyoming WW,Aff,38.969,38.973,0.004,18.473,18.467,-0.006
uk_5,uk,5,Georgetown KL,Louisville NJ,Aff,18.047,19.232,1.185,19.629,16.713,-2.915
uk_5,uk,5,Northwestern PS,Michigan State GS,Neg,38.644,37.103,-1.542,28.51,30.332,1.822
uk_5,uk,5,Dartmouth PT,Northwestern MO,Aff,21.461,23.04,1.578,18.828,17.38,-1.448
uk_5,uk,5,West Georgia KK,Kansas AU,Neg,34.796,33.997,-0.799,34.254,35.3,1.046
uk_5,uk,5,Kansas BW,Texas FL,Neg,32.719,32.143,-0.576,31.912,34.685,2.774
uk_5,uk,5,Kansas CS,Missouri State NS,Neg,21.693,21.096,-0.597,25.316,25.827,0.512
uk_5,uk,5,Northwestern LW,Michigan CC,Aff,27.663,30.483,2.82,32.214,30.776,-1.438
uk_5,uk,5,North Texas GV,Wake Forest NS,Aff,12.052,14.174,2.122,13.728,11.259,-2.468
uk_5,uk,5,UC Berkeley BU,Kansas ST,Neg,29.497,28.426,-1.071,23.144,27.638,4.494
uk_5,uk,5,Oklahoma BS,Kansas State DR (Raines/Day),Neg,19.22,18.146,-1.074,23.2,23.761,0.561
uk_5,uk,5,UTD HH,Georgetown LN,Aff,27.483,28.671,1.188,23.71,23.082,-0.628
uk_5,uk,5,CSU Long Beach OM,Kansas SS,Neg,38.129,36.934,-1.195,23.104,28.667,5.563
uk_5,uk,5,Iowa EW,Georgetown GT,Neg,30.027,27.6,-2.427,19.024,21.315,2.291
uk_5,uk,5,Dartmouth GH (Hant/Gonzalez Arce),"Harvard/Massachusetts, Amherst AL",Neg,19.332,17.317,-2.014,20.042,21.574,1.532
uk_5,uk,5,Kansas CF,Dartmouth GH (Guo/Hatton),Neg,25.588,23.558,-2.03,28.136,29.549,1.413
uk_5,uk,5,Emory RY,Western Kentucky KN,Aff,37.547,37.592,0.046,23.372,23.295,-0.077
uk_5,uk,5,North Texas VH,Missouri State BK,Neg,16.217,15.679,-0.538,19.97,21.005,1.035
uk_5,uk,5,Dartmouth BC,Gonzaga GW,Aff,26.744,27.806,1.062,25.718,23.755,-1.963
uk_6,uk,6,Kentucky GS,Northwestern AK,Aff,31.976,32.497,0.521,32.945,31.091,-1.854
uk_6,uk,6,James Madison MO,Dartmouth BG,Aff,15.948,17.603,1.655,16.294,14.491,-1.802
uk_6,uk,6,George Mason RT,Wake Forest SK (Sampat/Kampine),Neg,19.811,18.982,-0.83,25.123,25.879,0.756
uk_6,uk,6,Wyoming WW,Liberty KS,Neg,18.467,17.744,-0.723,20.246,21.689,1.443
uk_6,uk,6,Kentucky ER,Kansas CS,Neg,23.045,21.073,-1.972,21.096,22.075,0.979
uk_6,uk,6,Michigan ES,Northwestern LW,Aff,35.335,35.693,0.357,30.483,29.632,-0.852
uk_6,uk,6,Dartmouth GH (Guo/Hatton),Northwestern AT,Neg,29.549,28.592,-0.957,34.914,35.23,0.315
uk_6,uk,6,James Madison KP,Indiana FT,Neg,11.083,9.145,-1.938,10.984,11.917,0.933
uk_6,uk,6,Kansas SS,Emory AS,Aff,28.667,29.786,1.119,26.975,26.256,-0.719
uk_6,uk,6,Georgetown GT,Stanford LL,Neg,21.315,21.158,-0.157,31.378,31.501,0.124
uk_6,uk,6,Northwestern LR,Emory TT,Aff,40.517,40.689,0.172,32.087,31.589,-0.498
uk_6,uk,6,Oklahoma DT,Iowa KS,Neg,21.477,19.696,-1.781,19.645,20.537,0.893
uk_6,uk,6,Northwestern MO,Dartmouth GH (Hant/Gonzalez Arce),Neg,17.38,15.71,-1.67,17.317,19.127,1.81
uk_6,uk,6,George Mason DG,Michigan State FM,Neg,30.66,29.775,-0.885,29.697,30.683,0.986
uk_6,uk,6,Kansas ST,CSU Long Beach OM,Neg,27.638,27.1,-0.538,36.934,37.033,0.099
uk_6,uk,6,Gonzaga GW,UTD HK,Neg,23.755,23.109,-0.646,31.746,31.938,0.192
uk_6,uk,6,Western Kentucky SS (StPeter/Shockley),Kansas State DS,Aff,17.345,18.472,1.127,15.687,14.975,-0.711
uk_6,uk,6,Western Kentucky KN,UTD DD,Neg,23.295,22.603,-0.692,26.456,27.578,1.122
uk_6,uk,6,Iowa BS,Missouri State BC,Aff,25.908,25.957,0.049,10.948,10.761,-0.188
uk_6,uk,6,Wake Forest AB,UC Berkeley GS,Aff,24.673,25.181,0.508,20.39,19.177,-1.213
uk_6,uk,6,Emory KS,Michigan CS (Cho/Saudek),Neg,34.699,33.763,-0.936,31.592,32.672,1.08
uk_6,uk,6,NYU JT,Wichita State GM,Neg,26.124,24.821,-1.303,26.537,27.176,0.639
uk_6,uk,6,Kansas BM,UTD HH,Aff,24.751,25.724,0.973,28.671,26.31,-2.361
uk_6,uk,6,Louisville NJ,Oklahoma BS,Neg,16.713,15.029,-1.684,18.146,19.329,1.183
uk_6,uk,6,Dartmouth JR,Wake Forest LW,Neg,23.424,22.979,-0.445,30.828,31.26,0.432
uk_6,uk,6,Emory GM,Michigan State JS,Aff,33.729,34.07,0.341,28.864,28.503,-0.362
uk_6,uk,6,Purdue AH,Gonzaga RW,Neg,16.148,15.68,-0.468,24.071,24.294,0.223
uk_6,uk,6,Dartmouth MR,Kansas BW,Aff,28.321,31.07,2.749,32.143,31.372,-0.771
uk_6,uk,6,Navy CR,Kansas CF,Neg,23.506,22.453,-1.053,23.558,25.821,2.262
uk_6,uk,6,"Harvard/Massachusetts, Amherst AL",Dartmouth PT,Aff,21.574,23.259,1.685,23.04,20.964,-2.075
uk_6,uk,6,Georgia CP,UC Berkeley BU,Neg,20.048,19.802,-0.246,28.426,28.62,0.194
uk_6,uk,6,Michigan CC,Dartmouth BC,Neg,30.776,29.542,-1.234,27.806,29.404,1.598
uk_6,uk,6,Michigan SS (Shah/Shih),Baylor DL,Aff,37.232,37.642,0.409,33.819,33.361,-0.458
uk_6,uk,6,Texas FL,George Mason WW,Aff,34.685,36.495,1.81,33.898,33.144,-0.755
uk_6,uk,6,Kansas AU,Iowa AP,Neg,35.3,34.534,-0.766,36.574,37.122,0.548
uk_6,uk,6,Binghamton CK,Baylor BK,Aff,36.354,36.373,0.018,21.448,21.414,-0.034
uk_6,uk,6,NYU MS,Liberty CL,Aff,31.522,32.507,0.986,30.55,29.985,-0.564
uk_6,uk,6,Michigan BP,Kansas LS,Neg,43.22,42.604,-0.615,41.332,42.137,0.805
uk_6,uk,6,Kentucky RW,Emory RY,Aff,35.44,37.304,1.864,37.592,36.814,-0.778
uk_6,uk,6,Michigan AO,Northwestern PS,Neg,29.091,28.897,-0.193,37.103,37.266,0.163
uk_6,uk,6,Missouri State BK,Georgia CK,Neg,21.005,20.167,-0.837,25.327,25.762,0.435
uk_6,uk,6,Harvard DS,Northwestern NP,Neg,32.273,31.658,-0.615,33.246,34.63,1.383
uk_6,uk,6,Michigan State GS,Kansas HP,Neg,30.332,30.211,-0.121,40.385,40.514,0.129
uk_6,uk,6,Kansas OW,Emory GS,Neg,38.122,37.838,-0.283,43.425,43.636,0.211
uk_6,uk,6,Kansas State DR (Raines/Day),Harvard JS,Neg,23.761,22.932,-0.829,23.7,25.526,1.827
uk_6,uk,6,Dartmouth CG,Northwestern HP,Aff,31.423,31.602,0.179,24.961,24.016,-0.945
uk_6,uk,6,Michigan State GL,Wake Forest MP,Aff,40.24,40.32,0.08,28.203,28.114,-0.089
uk_6,uk,6,Macalester CD,Western Kentucky IP,Neg,15.277,14.3,-0.977,14.493,15.774,1.281
uk_6,uk,6,Missouri State HN,Macalester HW,Neg,22.086,21.233,-0.854,23.471,24.205,0.734
uk_6,uk,6,Kansas BP (Pace/Blaser),Wyoming CH,Neg,24.808,21.981,-2.828,18.888,20.058,1.17
uk_6,uk,6,Georgetown LN,Kansas FS,Neg,23.082,21.923,-1.159,20.664,22.633,1.969
uk_6,uk,6,Harvard CS,Iowa EW,Neg,22.803,21.628,-1.175,27.6,28.04,0.44
uk_6,uk,6,UTD KU,Kansas VF,Neg,16.145,14.51,-1.635,18.348,19.748,1.4
uk_6,uk,6,Wake Forest HN,UC Berkeley MR,Neg,25.638,25.351,-0.286,32.061,32.359,0.298
uk_6,uk,6,Emory LY,Kansas BP (Bauman/Persson),Aff,35.525,35.591,0.066,22.518,22.339,-0.179
uk_6,uk,6,Kansas State LW,Emory CG,Aff,13.382,16.664,3.282,15.969,14.914,-1.055
uk_6,uk,6,Missouri State NS,Georgetown AC,Neg,25.827,25.765,-0.063,38.973,39.02,0.047
uk_6,uk,6,Kansas JB,West Georgia KK,Aff,27.135,30.769,3.634,33.997,32.875,-1.122
uk_6,uk,6,Harvard FK,North Texas GV,Neg,6.395,5.967,-0.428,14.174,14.802,0.628
uk_6,uk,6,Michigan BL,Georgetown KL,Neg,21.016,19.239,-1.776,19.232,20.456,1.224
uk_6,uk,6,Minnesota HU,Northwestern LL,Aff,24.037,25.305,1.268,25.496,24.497,-1.0
uk_6,uk,6,UTD PR,Emory CS (Cannaday/Stearns),Aff,30.033,30.565,0.532,28.934,27.37,-1.563
uk_dubs,uk,dubs,Michigan State GL,Dartmouth CG,Aff,40.32,40.487,0.167,31.602,31.494,-0.108
uk_dubs,uk,dubs,Northwestern PS,Michigan BP,Neg,37.266,37.003,-0.263,42.604,42.819,0.214
uk_dubs,uk,dubs,Emory LY,Kentucky GS,Neg,35.591,34.69,-0.9,32.497,33.19,0.693
uk_dubs,uk,dubs,Northwestern LR,Baylor DL,Aff,40.689,40.885,0.196,33.361,33.143,-0.218
uk_dubs,uk,dubs,UTD PR,Michigan SS (Shah/Shih),Neg,30.565,30.351,-0.214,37.642,37.848,0.206
uk_dubs,uk,dubs,George Mason WW,Kentucky RW,Neg,33.144,32.66,-0.484,37.304,38.043,0.739
uk_dubs,uk,dubs,Kansas SS,Michigan ES,Neg,29.786,29.239,-0.547,35.693,35.983,0.29
uk_dubs,uk,dubs,Stanford LL,Northwestern NP,Aff,31.501,32.342,0.84,34.63,32.801,-1.828
uk_dubs,uk,dubs,Kansas OW,Texas FL,Aff,37.838,38.287,0.448,36.495,35.046,-1.45
uk_dubs,uk,dubs,Michigan CS (Cho/Saudek),Georgetown AC,Neg,32.672,32.395,-0.277,39.02,39.248,0.228
uk_dubs,uk,dubs,Harvard DS,CSU Long Beach OM,Neg,31.658,31.332,-0.326,37.033,37.223,0.19
uk_dubs,uk,dubs,NYU MS,Emory RY,Neg,32.507,31.949,-0.558,36.814,37.16,0.346
uk_dubs,uk,dubs,Binghamton CK,Emory GS,Neg,36.373,36.238,-0.135,43.636,43.775,0.139
uk_dubs,uk,dubs,Kansas LS,Michigan State GS,Aff,42.137,42.201,0.064,30.211,30.139,-0.071
uk_dubs,uk,dubs,Emory KS,Kansas HP,Aff,33.763,34.955,1.192,40.514,39.188,-1.326
uk_dubs,uk,dubs,Iowa AP,UC Berkeley MR,Aff,37.122,37.436,0.314,32.359,31.983,-0.376
uk_octas,uk,octas,CSU Long Beach OM,Kansas LS,Neg,37.223,37.025,-0.198,42.201,42.489,0.288
uk_octas,uk,octas,Georgetown AC,Emory KS,Aff,39.248,39.56,0.313,34.955,34.638,-0.317
uk_octas,uk,octas,Iowa AP,Kansas OW,Aff,37.436,38.087,0.651,38.287,37.676,-0.61
uk_octas,uk,octas,Michigan State GL,Stanford LL,Aff,40.487,40.671,0.184,32.342,32.176,-0.166
uk_octas,uk,octas,Northwestern LR,Michigan SS (Shah/Shih),Aff,40.885,41.28,0.395,37.848,37.453,-0.395
uk_quarters,uk,quarters,Northwestern LR,Emory GS,Neg,41.28,40.872,-0.408,43.775,44.088,0.312
uk_quarters,uk,quarters,Kansas LS,Kentucky GS,Aff,42.489,42.602,0.113,33.19,33.097,-0.094
uk_quarters,uk,quarters,Georgetown AC,Michigan BP,Neg,39.56,39.208,-0.352,42.819,43.11,0.292
uk_quarters,uk,quarters,Iowa AP,Michigan State GL,Neg,38.087,37.699,-0.388,40.671,41.14,0.468
uk_semis,uk,semis,Michigan State GL,Emory GS,Neg,41.14,40.72,-0.419,44.088,44.366,0.279
uk_semis,uk,semis,Kansas LS,Michigan BP,Neg,42.602,42.082,-0.519,43.11,43.521,0.41
uk_finals,uk,finals,Michigan BP,Emory GS,Neg,43.521,43.142,-0.379,44.366,44.732,0.366
gonzaga_1,gonzaga,1,Michigan State GL,Southern California DT,Aff,40.72,40.784,0.064,25.0,24.085,-0.915
gonzaga_1,gonzaga,1,Emory CG,Iowa EW,Neg,14.914,14.83,-0.084,28.04,28.115,0.075
gonzaga_1,gonzaga,1,Wichita State GM,Emory LY,Neg,27.176,26.967,-0.208,34.69,34.87,0.18
gonzaga_1,gonzaga,1,Michigan State JS,Trinity CK,Aff,28.503,28.829,0.327,25.0,21.038,-3.962
gonzaga_1,gonzaga,1,Iowa AP,Emory ST,Aff,37.699,37.713,0.014,18.261,18.156,-0.105
gonzaga_1,gonzaga,1,Dartmouth JR,Wake Forest HN,Neg,22.979,22.096,-0.883,25.351,25.852,0.501
gonzaga_1,gonzaga,1,Emory CR,Kansas HP,Neg,26.685,25.621,-1.064,39.188,39.293,0.105
gonzaga_1,gonzaga,1,Liberty CL,Purdue HH,Aff,29.985,30.141,0.156,20.286,18.564,-1.723
gonzaga_1,gonzaga,1,Emory RY,Dartmouth GH (Guo/Hatton),Aff,37.16,37.321,0.16,28.592,28.109,-0.483
gonzaga_1,gonzaga,1,Navy CR,Michigan State GS,Neg,22.453,22.092,-0.361,30.139,30.337,0.198
gonzaga_1,gonzaga,1,Emory CS (Cross/Stumpff),Stanford LY,Aff,25.0,30.468,5.468,28.518,24.394,-4.125
gonzaga_1,gonzaga,1,Texas GS,Michigan State FM,Neg,26.553,23.436,-3.117,30.683,31.074,0.392
gonzaga_1,gonzaga,1,Michigan AO,CSU Long Beach OM,Neg,28.897,28.719,-0.179,37.025,37.129,0.104
gonzaga_1,gonzaga,1,Kansas SS,Emory KW,Aff,29.239,29.656,0.417,22.353,20.084,-2.269
gonzaga_1,gonzaga,1,Baylor DL,Southern California MT,Aff,33.143,33.301,0.158,24.294,24.007,-0.287
gonzaga_1,gonzaga,1,CSU Long Beach SS,Michigan CS (Cho/Saudek),Neg,25.0,22.287,-2.713,32.395,32.619,0.224
gonzaga_1,gonzaga,1,Wyoming CH,Northwestern AT,Neg,20.058,20.029,-0.029,35.23,35.257,0.028
gonzaga_1,gonzaga,1,Kansas BW,Southern California HV,Aff,31.372,31.582,0.21,25.0,21.979,-3.021
gonzaga_1,gonzaga,1,UTD PR,Wake Forest DE,Aff,30.351,30.612,0.261,24.561,24.105,-0.456
gonzaga_1,gonzaga,1,Michigan HM,Harvard AB,Aff,19.677,23.935,4.258,29.132,27.476,-1.657
gonzaga_1,gonzaga,1,Kansas BM,Michigan BP,Neg,25.724,25.713,-0.011,43.142,43.148,0.006
gonzaga_1,gonzaga,1,Gonzaga RW,Iowa KS,Neg,24.294,23.256,-1.038,20.537,21.622,1.085
gonzaga_1,gonzaga,1,Michigan ES,Northwestern LW,Aff,35.983,36.239,0.257,29.632,29.039,-0.593
gonzaga_1,gonzaga,1,UC Berkeley GS,Texas FL,Neg,19.177,19.057,-0.119,35.046,35.14,0.094
gonzaga_1,gonzaga,1,Minnesota HU,Kansas OW,Neg,25.305,25.202,-0.104,37.676,37.728,0.052
gonzaga_1,gonzaga,1,Michigan CC,Georgetown LN,Aff,29.542,29.819,0.277,21.923,21.634,-0.289
gonzaga_1,gonzaga,1,Kentucky GS,Northwestern LL,Aff,33.097,33.207,0.11,24.497,24.292,-0.204
gonzaga_1,gonzaga,1,Harvard/Amherst SL,Wake Forest LW,Neg,25.0,21.972,-3.028,31.26,31.707,0.447
gonzaga_1,gonzaga,1,UTD HH,Dartmouth CG,Neg,26.31,25.623,-0.687,31.494,31.703,0.209
gonzaga_1,gonzaga,1,Northwestern NP,Michigan AM,Aff,32.801,32.955,0.154,20.613,20.421,-0.192
gonzaga_1,gonzaga,1,Kentucky RW,Northwestern AH,Aff,38.043,38.168,0.125,23.99,23.679,-0.311
gonzaga_1,gonzaga,1,Wyoming WW,Dartmouth BC,Aff,17.744,19.96,2.216,29.404,26.746,-2.659
gonzaga_1,gonzaga,1,Trinity KP,Michigan SS (Shah/Shih),Neg,23.603,23.535,-0.069,37.453,37.49,0.037
gonzaga_1,gonzaga,1,Kansas AU,Northwestern LO,Aff,34.534,34.75,0.216,25.0,22.863,-2.137
gonzaga_1,gonzaga,1,Georgetown AC,Georgia CK,Aff,39.208,39.244,0.036,25.762,25.708,-0.054
gonzaga_1,gonzaga,1,Northwestern HP,Southern California BR,Neg,24.016,23.073,-0.943,29.422,29.873,0.451
gonzaga_1,gonzaga,1,UTD DD,Kansas LS,Neg,27.578,27.476,-0.101,42.082,42.114,0.032
gonzaga_1,gonzaga,1,UC Berkeley MR,Arizona State SS,Aff,31.983,32.036,0.053,18.313,18.222,-0.09
gonzaga_1,gonzaga,1,Binghamton CK,Wake Forest AB,Aff,36.238,36.295,0.057,25.181,25.055,-0.126
gonzaga_1,gonzaga,1,Georgetown TP,UC Berkeley BU,Neg,25.0,21.082,-3.918,28.62,28.955,0.335
gonzaga_1,gonzaga,1,Southern California BM,Northwestern LR,Neg,24.833,24.786,-0.047,40.872,40.891,0.019
gonzaga_2,gonzaga,2,Iowa EW,Michigan State GL,Neg,28.115,28.039,-0.076,40.784,40.835,0.052
gonzaga_2,gonzaga,2,Southern California DT,Emory CG,Aff,24.085,25.967,1.882,14.83,14.579,-0.251
gonzaga_2,gonzaga,2,Trinity CK,Wichita State GM,Neg,21.038,18.899,-2.139,26.967,27.227,0.259
gonzaga_2,gonzaga,2,Emory LY,Michigan State JS,Aff,34.87,35.099,0.23,28.829,28.559,-0.27
gonzaga_2,gonzaga,2,Wake Forest HN,Iowa AP,Neg,25.852,25.78,-0.072,37.713,37.768,0.055
gonzaga_2,gonzaga,2,Emory ST,Dartmouth JR,Neg,18.156,16.261,-1.895,22.096,22.671,0.575
gonzaga_2,gonzaga,2,Purdue HH,Emory CR,Neg,18.564,16.777,-1.787,25.621,27.405,1.784
gonzaga_2,gonzaga,2,Kansas HP,Liberty CL,Aff,39.293,39.428,0.134,30.141,30.009,-0.132
gonzaga_2,gonzaga,2,Michigan State GS,Emory RY,Aff,30.337,31.56,1.222,37.321,36.172,-1.149
gonzaga_2,gonzaga,2,Dartmouth GH (Guo/Hatton),Navy CR,Neg,28.109,25.617,-2.491,22.092,23.749,1.657
gonzaga_2,gonzaga,2,Stanford LY,George Mason WW,Aff,24.394,30.868,6.475,32.66,31.542,-1.118
gonzaga_2,gonzaga,2,Michigan State FM,Emory GS,Neg,31.074,31.024,-0.051,44.732,44.756,0.024
gonzaga_2,gonzaga,2,Iowa BS,Texas GS,Aff,25.957,26.355,0.398,23.436,20.711,-2.726
gonzaga_2,gonzaga,2,Emory KW,Michigan AO,Neg,20.084,18.717,-1.366,28.719,28.901,0.182
gonzaga_2,gonzaga,2,CSU Long Beach OM,Kansas SS,Neg,37.129,36.39,-0.739,29.656,31.862,2.205
gonzaga_2,gonzaga,2,Michigan CS (Cho/Saudek),Baylor DL,Neg,32.619,32.01,-0.609,33.301,33.879,0.577
gonzaga_2,gonzaga,2,Southern California MT,CSU Long Beach SS,Aff,24.007,24.673,0.666,22.287,18.77,-3.518
gonzaga_2,gonzaga,2,Southern California HV,Wyoming CH,Neg,21.979,17.211,-4.768,20.029,20.614,0.585
gonzaga_2,gonzaga,2,Northwestern AT,Kansas BW,Aff,35.257,35.659,0.402,31.582,31.24,-0.342
gonzaga_2,gonzaga,2,Harvard AB,UTD PR,Aff,27.476,28.613,1.137,30.612,29.813,-0.799
gonzaga_2,gonzaga,2,Wake Forest DE,Michigan HM,Aff,24.105,24.959,0.854,23.935,22.415,-1.519
gonzaga_2,gonzaga,2,Iowa KS,Kansas BM,Neg,21.622,21.237,-0.385,25.713,26.103,0.39
gonzaga_2,gonzaga,2,Michigan BP,Gonzaga RW,Aff,43.148,43.15,0.002,23.256,23.252,-0.004
gonzaga_2,gonzaga,2,Texas FL,Michigan ES,Neg,35.14,33.904,-1.235,36.239,36.754,0.515
gonzaga_2,gonzaga,2,Northwestern LW,UC Berkeley GS,Neg,29.039,26.495,-2.544,19.057,22.601,3.544
gonzaga_2,gonzaga,2,Georgetown LN,Minnesota HU,Neg,21.634,21.103,-0.532,25.202,25.801,0.599
gonzaga_2,gonzaga,2,Kansas OW,Michigan CC,Neg,37.728,36.692,-1.036,29.819,31.566,1.747
gonzaga_2,gonzaga,2,Wake Forest LW,Kentucky GS,Aff,31.707,33.036,1.329,33.207,32.707,-0.5
gonzaga_2,gonzaga,2,Northwestern LL,Harvard/Amherst SL,Aff,24.292,24.75,0.457,21.972,18.638,-3.334
gonzaga_2,gonzaga,2,Michigan AM,UTD HH,Aff,20.421,22.445,2.023,25.623,23.781,-1.841
gonzaga_2,gonzaga,2,Dartmouth CG,Northwestern NP,Neg,31.703,31.345,-0.358,32.955,33.922,0.967
gonzaga_2,gonzaga,2,Dartmouth BC,Kentucky RW,Neg,26.746,26.612,-0.134,38.168,38.336,0.168
gonzaga_2,gonzaga,2,Northwestern AH,Wyoming WW,Neg,23.679,20.413,-3.266,19.96,20.899,0.939
gonzaga_2,gonzaga,2,Northwestern LO,Trinity KP,Neg,22.863,18.831,-4.032,23.535,24.186,0.651
gonzaga_2,gonzaga,2,Michigan SS (Shah/Shih),Kansas AU,Aff,37.49,37.871,0.381,34.75,34.185,-0.564
gonzaga_2,gonzaga,2,Southern California BR,Georgetown AC,Neg,29.873,29.675,-0.198,39.244,39.35,0.106
gonzaga_2,gonzaga,2,Georgia CK,Northwestern HP,Aff,25.708,26.208,0.5,23.073,21.87,-1.203
gonzaga_2,gonzaga,2,Arizona State SS,UTD DD,Aff,18.222,20.405,2.183,27.476,24.546,-2.93
gonzaga_2,gonzaga,2,Kansas LS,UC Berkeley MR,Aff,42.114,42.201,0.086,32.036,31.918,-0.118
gonzaga_2,gonzaga,2,UC Berkeley BU,Binghamton CK,Neg,28.955,28.738,-0.217,36.295,36.424,0.129
gonzaga_2,gonzaga,2,Wake Forest AB,Southern California BM,Aff,25.055,25.849,0.795,24.786,23.652,-1.134
gonzaga_2,gonzaga,2,Northwestern LR,Georgetown TP,Aff,40.891,40.91,0.019,21.082,20.887,-0.194
gonzaga_3,gonzaga,3,Northwestern LR,Baylor DL,Aff,40.91,41.085,0.175,33.879,33.681,-0.198
gonzaga_3,gonzaga,3,Wichita State GM,Trinity KP,Aff,27.227,27.641,0.414,24.186,23.563,-0.622
gonzaga_3,gonzaga,3,Southern California HV,UTD DD,Neg,17.211,15.991,-1.22,24.546,24.972,0.425
gonzaga_3,gonzaga,3,Emory RY,Minnesota HU,Aff,36.172,36.261,0.089,25.801,25.649,-0.152
gonzaga_3,gonzaga,3,Michigan SS (Shah/Shih),Georgetown AC,Neg,37.871,37.431,-0.44,39.35,39.767,0.417
gonzaga_3,gonzaga,3,Kansas SS,Wake Forest LW,Neg,31.862,31.084,-0.778,33.036,33.86,0.824
gonzaga_3,gonzaga,3,Kentucky GS,UC Berkeley GS,Aff,32.707,32.785,0.078,22.601,22.32,-0.281
gonzaga_3,gonzaga,3,UC Berkeley MR,Harvard AB,Aff,31.918,32.342,0.424,28.613,28.14,-0.473
gonzaga_3,gonzaga,3,Wake Forest AB,Kansas OW,Neg,25.849,25.733,-0.117,36.692,36.759,0.067
gonzaga_3,gonzaga,3,Southern California MT,Michigan AO,Neg,24.673,24.097,-0.576,28.901,29.245,0.345
gonzaga_3,gonzaga,3,Kansas BM,Texas FL,Neg,26.103,25.909,-0.194,33.904,34.293,0.389
gonzaga_3,gonzaga,3,Michigan CS (Cho/Saudek),Kansas AU,Neg,32.01,31.548,-0.462,34.185,34.747,0.562
gonzaga_3,gonzaga,3,Dartmouth BC,UTD HH,Aff,26.612,27.217,0.605,23.781,23.045,-0.736
gonzaga_3,gonzaga,3,Northwestern LO,Georgetown TP,Neg,18.831,16.625,-2.206,20.887,23.646,2.759
gonzaga_3,gonzaga,3,Gonzaga RW,Northwestern HP,Aff,23.252,23.765,0.513,21.87,20.652,-1.218
gonzaga_3,gonzaga,3,Southern California BM,Georgetown LN,Aff,23.652,24.415,0.763,21.103,20.538,-0.564
gonzaga_3,gonzaga,3,Northwestern LW,CSU Long Beach SS,Aff,26.495,26.867,0.372,18.77,17.48,-1.29
gonzaga_3,gonzaga,3,Emory GS,Wyoming WW,Aff,44.756,44.756,0.0,20.899,20.899,-0.001
gonzaga_3,gonzaga,3,Michigan State GS,Kentucky RW,Aff,31.56,32.58,1.02,38.336,36.29,-2.046
gonzaga_3,gonzaga,3,Trinity CK,Emory KW,Neg,18.899,16.187,-2.712,18.717,21.357,2.64
gonzaga_3,gonzaga,3,Kansas LS,Northwestern AT,Aff,42.201,42.383,0.182,35.659,35.429,-0.23
gonzaga_3,gonzaga,3,Kansas HP,Michigan ES,Neg,39.428,38.618,-0.809,36.754,37.552,0.798
gonzaga_3,gonzaga,3,Michigan BP,Emory LY,Aff,43.15,43.254,0.104,35.099,34.954,-0.145
gonzaga_3,gonzaga,3,Emory CS (Cross/Stumpff),Northwestern NP,Neg,30.468,27.535,-2.933,33.922,34.446,0.524
gonzaga_3,gonzaga,3,Iowa AP,Michigan CC,Neg,37.768,36.844,-0.924,31.566,32.926,1.36
gonzaga_3,gonzaga,3,Iowa KS,CSU Long Beach OM,Neg,21.237,21.214,-0.023,36.39,36.403,0.013
gonzaga_3,gonzaga,3,Michigan HM,Wake Forest HN,Neg,22.415,21.515,-0.9,25.78,26.18,0.4
gonzaga_3,gonzaga,3,Wake Forest DE,Stanford LY,Neg,24.959,24.589,-0.37,30.868,32.078,1.209
gonzaga_3,gonzaga,3,Michigan AM,Liberty CL,Aff,22.445,24.714,2.269,30.009,28.891,-1.119
gonzaga_3,gonzaga,3,George Mason WW,UTD PR,Aff,31.542,32.159,0.617,29.813,29.381,-0.432
gonzaga_3,gonzaga,3,Emory CR,Wyoming CH,Neg,27.405,21.726,-5.679,20.614,21.475,0.861
gonzaga_3,gonzaga,3,Southern California DT,UC Berkeley BU,Neg,25.967,22.917,-3.05,28.738,29.106,0.368
gonzaga_3,gonzaga,3,Southern California BR,Navy CR,Aff,29.675,30.052,0.377,23.749,23.345,-0.404
gonzaga_3,gonzaga,3,Iowa BS,Georgia CK,Aff,26.355,26.981,0.626,26.208,25.517,-0.691
gonzaga_3,gonzaga,3,Arizona State SS,Dartmouth JR,Neg,20.405,19.698,-0.707,22.671,23.41,0.739
gonzaga_3,gonzaga,3,Michigan State JS,Dartmouth CG,Aff,28.559,29.431,0.872,31.345,30.775,-0.57
gonzaga_3,gonzaga,3,Kansas BW,Michigan State FM,Neg,31.24,30.698,-0.542,31.024,31.827,0.803
gonzaga_3,gonzaga,3,Iowa EW,Northwestern LL,Aff,28.039,28.56,0.521,24.75,24.267,-0.483
gonzaga_3,gonzaga,3,Binghamton CK,Michigan State GL,Aff,36.424,37.072,0.649,40.835,39.917,-0.918
gonzaga_3,gonzaga,3,Northwestern AH,Emory CG,Aff,20.413,21.289,0.875,14.579,14.193,-0.385
gonzaga_3,gonzaga,3,Texas GS,Emory ST,Aff,20.711,22.27,1.559,16.261,14.911,-1.35
gonzaga_3,gonzaga,3,Harvard/Amherst SL,Purdue HH,Neg,18.638,15.648,-2.99,16.777,20.1,3.323
gonzaga_4,gonzaga,4,Georgetown AC,Northwestern LR,Neg,39.767,39.362,-0.404,41.085,41.52,0.435
gonzaga_4,gonzaga,4,Trinity KP,Wake Forest DE,Neg,23.563,22.83,-0.734,24.589,25.311,0.722
gonzaga_4,gonzaga,4,Northwestern HP,Trinity CK,Neg,20.652,19.132,-1.52,16.187,19.802,3.615
gonzaga_4,gonzaga,4,Minnesota HU,Kansas BM,Neg,25.649,24.817,-0.832,25.909,26.499,0.59
gonzaga_4,gonzaga,4,UC Berkeley BU,Michigan AM,Aff,29.106,29.445,0.34,24.714,24.174,-0.54
gonzaga_4,gonzaga,4,Baylor DL,UC Berkeley MR,Neg,33.681,33.021,-0.66,32.342,33.072,0.73
gonzaga_4,gonzaga,4,Kentucky RW,Kansas SS,Aff,36.29,36.742,0.452,31.084,30.679,-0.405
gonzaga_4,gonzaga,4,Kansas OW,Southern California BR,Neg,36.759,35.89,-0.869,30.052,31.651,1.599
gonzaga_4,gonzaga,4,Wyoming WW,Michigan SS (Shah/Shih),Neg,20.899,20.88,-0.018,37.431,37.443,0.012
gonzaga_4,gonzaga,4,Dartmouth CG,Northwestern AH,Aff,30.775,30.86,0.085,21.289,20.893,-0.396
gonzaga_4,gonzaga,4,Georgetown TP,Southern California BM,Neg,23.646,20.817,-2.829,24.415,25.126,0.711
gonzaga_4,gonzaga,4,UTD DD,Dartmouth BC,Neg,24.972,24.125,-0.847,27.217,27.818,0.601
gonzaga_4,gonzaga,4,Georgia CK,Arizona State SS,Aff,25.517,25.795,0.279,19.698,19.313,-0.385
gonzaga_4,gonzaga,4,UC Berkeley GS,Southern California MT,Neg,22.32,21.274,-1.046,24.097,24.806,0.709
gonzaga_4,gonzaga,4,Harvard AB,Kansas BW,Aff,28.14,29.057,0.917,30.698,30.033,-0.665
gonzaga_4,gonzaga,4,Northwestern NP,Michigan BP,Neg,34.446,34.217,-0.229,43.254,43.343,0.089
gonzaga_4,gonzaga,4,Georgetown LN,Gonzaga RW,Aff,20.538,21.59,1.052,23.765,22.913,-0.852
gonzaga_4,gonzaga,4,Northwestern AT,Dartmouth GH (Guo/Hatton),Aff,35.429,35.547,0.119,25.617,25.348,-0.27
gonzaga_4,gonzaga,4,CSU Long Beach OM,Iowa BS,Aff,36.403,36.474,0.071,26.981,26.864,-0.117
gonzaga_4,gonzaga,4,Wake Forest HN,Kentucky GS,Neg,26.18,25.954,-0.226,32.785,32.935,0.15
gonzaga_4,gonzaga,4,Michigan ES,Kansas LS,Neg,37.552,37.275,-0.278,42.383,42.624,0.241
gonzaga_4,gonzaga,4,Wyoming CH,George Mason WW,Neg,21.475,21.379,-0.096,32.159,32.266,0.108
gonzaga_4,gonzaga,4,Texas FL,Kansas HP,Neg,34.293,33.644,-0.649,38.618,38.918,0.3
gonzaga_4,gonzaga,4,Michigan AO,Emory RY,Aff,29.245,30.428,1.182,36.261,35.217,-1.044
gonzaga_4,gonzaga,4,Kansas AU,Emory CS (Cross/Stumpff),Aff,34.747,34.985,0.238,27.535,26.14,-1.395
gonzaga_4,gonzaga,4,Liberty CL,Northwestern LW,Aff,28.891,29.301,0.41,26.867,26.038,-0.829
gonzaga_4,gonzaga,4,Northwestern LL,Michigan HM,Neg,24.267,23.387,-0.879,21.515,23.112,1.597
gonzaga_4,gonzaga,4,UTD PR,Texas GS,Aff,29.381,29.558,0.177,22.27,21.311,-0.959
gonzaga_4,gonzaga,4,Emory KW,Michigan CS (Cho/Saudek),Neg,21.357,20.709,-0.648,31.548,31.669,0.121
gonzaga_4,gonzaga,4,Emory CG,Wake Forest AB,Neg,14.193,14.082,-0.111,25.733,25.834,0.101
gonzaga_4,gonzaga,4,CSU Long Beach SS,Emory CR,Aff,17.48,20.82,3.339,21.726,18.923,-2.803
gonzaga_4,gonzaga,4,Wake Forest LW,Emory GS,Neg,33.86,33.731,-0.129,44.756,44.809,0.053
gonzaga_4,gonzaga,4,UTD HH,Southern California HV,Aff,23.045,23.398,0.353,15.991,14.935,-1.056
gonzaga_4,gonzaga,4,Dartmouth JR,Michigan State GS,Neg,23.41,23.203,-0.207,32.58,32.695,0.115
gonzaga_4,gonzaga,4,Emory LY,Iowa EW,Neg,34.954,33.987,-0.967,28.56,29.967,1.407
gonzaga_4,gonzaga,4,Michigan State GL,Wichita State GM,Aff,39.917,39.966,0.049,27.641,27.585,-0.056
gonzaga_4,gonzaga,4,Stanford LY,Michigan State JS,Aff,32.078,33.651,1.573,29.431,29.06,-0.371
gonzaga_4,gonzaga,4,Michigan CC,Binghamton CK,Neg,32.926,32.549,-0.376,37.072,37.285,0.213
gonzaga_4,gonzaga,4,Michigan State FM,Iowa AP,Neg,31.827,31.475,-0.351,36.844,37.073,0.229
gonzaga_4,gonzaga,4,Navy CR,Iowa KS,Neg,23.345,22.241,-1.104,21.214,21.991,0.777
gonzaga_4,gonzaga,4,Purdue HH,Southern California DT,Neg,20.1,18.286,-1.814,22.917,24.962,2.046
gonzaga_5,gonzaga,5,Binghamton CK,Northwestern LR,Aff,37.285,37.877,0.592,41.52,40.745,-0.775
gonzaga_5,gonzaga,5,Michigan BP,Kansas LS,Neg,43.343,42.922,-0.421,42.624,43.141,0.517
gonzaga_5,gonzaga,5,Michigan State GS,Emory GS,Neg,32.695,32.647,-0.048,44.809,44.843,0.034
gonzaga_5,gonzaga,5,Michigan CS (Cho/Saudek),Georgetown AC,Neg,31.669,31.503,-0.166,39.362,39.492,0.129
gonzaga_5,gonzaga,5,Michigan State GL,Kansas AU,Aff,39.966,40.217,0.251,34.985,34.655,-0.331
gonzaga_5,gonzaga,5,Iowa EW,Northwestern NP,Neg,29.967,29.595,-0.372,34.217,34.723,0.506
gonzaga_5,gonzaga,5,Michigan ES,Kentucky GS,Aff,37.275,37.563,0.288,32.935,32.715,-0.221
gonzaga_5,gonzaga,5,UC Berkeley MR,CSU Long Beach OM,Neg,33.072,32.702,-0.37,36.474,36.701,0.227
gonzaga_5,gonzaga,5,Michigan SS (Shah/Shih),Iowa AP,Neg,37.443,36.917,-0.526,37.073,37.558,0.484
gonzaga_5,gonzaga,5,Michigan AO,Wake Forest LW,Neg,30.428,30.083,-0.345,33.731,34.291,0.56
gonzaga_5,gonzaga,5,Michigan CC,Stanford LY,Neg,32.549,32.057,-0.492,33.651,35.215,1.564
gonzaga_5,gonzaga,5,Southern California BR,Kansas HP,Neg,31.651,31.411,-0.24,38.918,39.09,0.172
gonzaga_5,gonzaga,5,George Mason WW,UC Berkeley BU,Aff,32.266,32.742,0.475,29.445,29.032,-0.413
gonzaga_5,gonzaga,5,Northwestern AT,Kentucky RW,Aff,35.547,36.195,0.648,36.742,35.745,-0.997
gonzaga_5,gonzaga,5,Emory CS (Cross/Stumpff),Michigan HM,Aff,26.14,28.05,1.91,23.112,22.474,-0.638
gonzaga_5,gonzaga,5,Southern California BM,Kansas SS,Neg,25.126,24.713,-0.413,30.679,31.038,0.359
gonzaga_5,gonzaga,5,Baylor DL,Iowa KS,Aff,33.021,33.091,0.07,21.991,21.913,-0.078
gonzaga_5,gonzaga,5,Georgia CK,Emory LY,Neg,25.795,25.63,-0.165,33.987,34.115,0.128
gonzaga_5,gonzaga,5,Emory RY,Wake Forest DE,Neg,35.217,34.06,-1.157,25.311,27.17,1.859
gonzaga_5,gonzaga,5,Dartmouth BC,Kansas OW,Neg,27.818,27.605,-0.213,35.89,36.007,0.118
gonzaga_5,gonzaga,5,Wake Forest HN,Kansas BM,Aff,25.954,26.588,0.634,26.499,25.876,-0.622
gonzaga_5,gonzaga,5,Wake Forest AB,Michigan AM,Aff,25.834,26.435,0.602,24.174,23.449,-0.725
gonzaga_5,gonzaga,5,Michigan State JS,Harvard AB,Aff,29.06,29.613,0.553,29.057,28.427,-0.63
gonzaga_5,gonzaga,5,Southern California DT,Iowa BS,Aff,24.962,28.01,3.048,26.864,26.288,-0.576
gonzaga_5,gonzaga,5,Wyoming CH,Wichita State GM,Neg,21.379,21.134,-0.245,27.585,27.816,0.232
gonzaga_5,gonzaga,5,Southern California MT,Liberty CL,Neg,24.806,24.341,-0.466,29.301,29.576,0.275
gonzaga_5,gonzaga,5,Wyoming WW,Dartmouth JR,Neg,20.88,20.341,-0.54,23.203,23.852,0.649
gonzaga_5,gonzaga,5,UTD PR,Dartmouth CG,Aff,29.558,30.157,0.599,30.86,30.399,-0.462
gonzaga_5,gonzaga,5,Texas FL,Michigan State FM,Aff,33.644,34.438,0.794,31.475,30.981,-0.494
gonzaga_5,gonzaga,5,Navy CR,Trinity CK,Neg,22.241,21.369,-0.872,19.802,22.304,2.503
gonzaga_5,gonzaga,5,UTD HH,Georgetown TP,Neg,23.398,22.41,-0.989,20.817,23.815,2.998
gonzaga_5,gonzaga,5,Northwestern LL,Purdue HH,Aff,23.387,23.69,0.303,18.286,16.987,-1.299
gonzaga_5,gonzaga,5,Georgetown LN,Kansas BW,Neg,21.59,21.419,-0.172,30.033,30.15,0.118
gonzaga_5,gonzaga,5,UTD DD,CSU Long Beach SS,Aff,24.125,24.74,0.615,20.82,19.346,-1.474
gonzaga_5,gonzaga,5,Trinity KP,UC Berkeley GS,Neg,22.83,21.962,-0.867,21.274,22.631,1.357
gonzaga_5,gonzaga,5,Minnesota HU,Northwestern AH,Aff,24.817,25.261,0.444,20.893,19.961,-0.932
gonzaga_5,gonzaga,5,Texas GS,Northwestern LW,Neg,21.311,20.161,-1.15,26.038,26.52,0.482
gonzaga_5,gonzaga,5,Gonzaga RW,Emory KW,Aff,22.913,23.291,0.378,20.709,18.879,-1.83
gonzaga_5,gonzaga,5,Emory ST,Arizona State SS,Neg,14.911,13.656,-1.255,19.313,19.745,0.432
gonzaga_5,gonzaga,5,Emory CR,Harvard/Amherst SL,Aff,18.923,20.144,1.221,15.648,13.939,-1.709
gonzaga_5,gonzaga,5,Northwestern HP,Emory CG,Neg,19.132,17.353,-1.78,14.082,15.353,1.27
gonzaga_6,gonzaga,6,Georgetown AC,Wake Forest AB,Aff,39.492,39.524,0.033,26.435,26.382,-0.053
gonzaga_6,gonzaga,6,Emory CG,Trinity KP,Neg,15.353,15.074,-0.278,21.962,22.229,0.266
gonzaga_6,gonzaga,6,CSU Long Beach OM,Northwestern AT,Aff,36.701,37.033,0.332,36.195,35.671,-0.524
gonzaga_6,gonzaga,6,Dartmouth CG,Minnesota HU,Aff,30.399,30.574,0.175,25.261,24.903,-0.358
gonzaga_6,gonzaga,6,Wake Forest LW,Michigan ES,Neg,34.291,33.771,-0.519,37.563,37.884,0.321
gonzaga_6,gonzaga,6,UC Berkeley BU,Michigan AO,Neg,29.032,28.529,-0.503,30.083,30.54,0.458
gonzaga_6,gonzaga,6,Kansas AU,Baylor DL,Aff,34.655,35.179,0.524,33.091,32.665,-0.426
gonzaga_6,gonzaga,6,Wake Forest DE,UC Berkeley MR,Neg,27.17,26.864,-0.306,32.702,32.945,0.243
gonzaga_6,gonzaga,6,Kansas BW,Southern California BM,Aff,30.15,30.358,0.208,24.713,24.319,-0.394
gonzaga_6,gonzaga,6,Georgetown TP,Northwestern LL,Neg,23.815,21.889,-1.926,23.69,24.249,0.559
gonzaga_6,gonzaga,6,Harvard AB,UTD DD,Aff,28.427,28.775,0.348,24.74,24.152,-0.588
gonzaga_6,gonzaga,6,Kansas BM,Georgia CK,Neg,25.876,25.316,-0.561,25.63,26.255,0.625
gonzaga_6,gonzaga,6,Arizona State SS,Southern California MT,Neg,19.745,19.33,-0.415,24.341,24.763,0.422
gonzaga_6,gonzaga,6,Northwestern LW,Wyoming WW,Aff,26.52,26.889,0.369,20.341,20.063,-0.278
gonzaga_6,gonzaga,6,Harvard/Amherst SL,Northwestern HP,Neg,13.939,12.468,-1.471,17.353,17.93,0.577
gonzaga_6,gonzaga,6,Northwestern LR,Southern California DT,Aff,40.745,40.795,0.05,28.01,27.757,-0.253
gonzaga_6,gonzaga,6,Kansas HP,UTD PR,Neg,39.09,37.889,-1.201,30.157,31.243,1.086
gonzaga_6,gonzaga,6,Northwestern NP,George Mason WW,Aff,34.723,35.373,0.649,32.742,32.25,-0.492
gonzaga_6,gonzaga,6,Stanford LY,Michigan BP,Neg,35.215,34.717,-0.498,42.922,43.03,0.108
gonzaga_6,gonzaga,6,Kentucky RW,Michigan State JS,Neg,35.745,34.307,-1.438,29.613,30.542,0.929
gonzaga_6,gonzaga,6,Kansas LS,Michigan State GS,Aff,43.141,43.205,0.064,32.647,32.572,-0.075
gonzaga_6,gonzaga,6,Emory LY,Texas FL,Aff,34.115,34.594,0.479,34.438,33.448,-0.989
gonzaga_6,gonzaga,6,Kansas SS,Wake Forest HN,Neg,31.038,29.849,-1.189,26.588,27.447,0.86
gonzaga_6,gonzaga,6,Kentucky GS,Iowa EW,Aff,32.715,32.972,0.258,29.595,29.169,-0.427
gonzaga_6,gonzaga,6,Kansas OW,Emory CS (Cross/Stumpff),Aff,36.007,36.134,0.127,28.05,27.27,-0.78
gonzaga_6,gonzaga,6,Liberty CL,Michigan CC,Neg,29.576,29.214,-0.362,32.057,32.488,0.431
gonzaga_6,gonzaga,6,Wichita State GM,Southern California BR,Aff,27.816,28.633,0.816,31.411,30.382,-1.029
gonzaga_6,gonzaga,6,Dartmouth JR,Michigan SS (Shah/Shih),Neg,23.852,23.787,-0.064,36.917,36.953,0.036
gonzaga_6,gonzaga,6,Michigan AM,Texas GS,Aff,23.449,23.952,0.503,20.161,18.966,-1.195
gonzaga_6,gonzaga,6,Iowa BS,Gonzaga RW,Neg,26.288,25.512,-0.776,23.291,24.051,0.76
gonzaga_6,gonzaga,6,Michigan HM,Dartmouth BC,Neg,22.474,21.988,-0.486,27.605,27.959,0.355
gonzaga_6,gonzaga,6,Iowa KS,Michigan CS (Cho/Saudek),Aff,21.913,23.287,1.375,31.503,30.194,-1.309
gonzaga_6,gonzaga,6,UC Berkeley GS,Emory RY,Neg,22.631,22.493,-0.138,34.06,34.118,0.058
gonzaga_6,gonzaga,6,Trinity CK,Wyoming CH,Neg,22.304,20.468,-1.836,21.134,21.74,0.606
gonzaga_6,gonzaga,6,Purdue HH,UTD HH,Neg,16.987,15.956,-1.03,22.41,22.8,0.39
gonzaga_6,gonzaga,6,Emory KW,Georgetown LN,Neg,18.879,17.456,-1.423,21.419,21.852,0.434
gonzaga_6,gonzaga,6,Northwestern AH,Emory ST,Neg,19.961,17.892,-2.07,13.656,16.58,2.924
gonzaga_6,gonzaga,6,CSU Long Beach SS,Navy CR,Aff,19.346,21.583,2.237,21.369,20.576,-0.793
gonzaga_6,gonzaga,6,Emory GS,Binghamton CK,Neg,44.843,44.075,-0.768,37.877,38.601,0.724
gonzaga_6,gonzaga,6,Iowa AP,Michigan State GL,Neg,37.558,37.251,-0.306,40.217,40.568,0.351
gonzaga_6,gonzaga,6,Michigan State FM,Emory CR,Aff,30.981,31.089,0.108,20.144,19.812,-0.332
gonzaga_7,gonzaga,7,Kansas LS,Binghamton CK,Aff,43.205,43.429,0.224,38.601,38.429,-0.172
gonzaga_7,gonzaga,7,Northwestern LR,Michigan ES,Aff,40.795,41.097,0.302,37.884,37.554,-0.329
gonzaga_7,gonzaga,7,Michigan BP,Georgetown AC,Neg,43.03,42.496,-0.535,39.524,40.182,0.658
gonzaga_7,gonzaga,7,Northwestern NP,Michigan State GL,Neg,35.373,35.003,-0.369,40.568,40.788,0.22
gonzaga_7,gonzaga,7,Emory GS,CSU Long Beach OM,Aff,44.075,44.188,0.113,37.033,36.924,-0.108
gonzaga_7,gonzaga,7,Gonzaga RW,Northwestern AT,Neg,24.051,23.995,-0.056,35.671,35.727,0.056
gonzaga_7,gonzaga,7,Michigan State GS,Wichita State GM,Aff,32.572,32.863,0.291,28.633,28.328,-0.305
gonzaga_7,gonzaga,7,Michigan State JS,Wake Forest LW,Aff,30.542,31.217,0.675,33.771,32.717,-1.054
gonzaga_7,gonzaga,7,Kansas HP,Wake Forest HN,Neg,37.889,36.669,-1.219,27.447,28.763,1.316
gonzaga_7,gonzaga,7,Michigan AO,George Mason WW,Aff,30.54,31.137,0.597,32.25,31.507,-0.743
gonzaga_7,gonzaga,7,Emory LY,UTD PR,Aff,34.594,34.884,0.29,31.243,30.964,-0.279
gonzaga_7,gonzaga,7,Kansas OW,UC Berkeley MR,Aff,36.134,36.407,0.273,32.945,32.6,-0.346
gonzaga_7,gonzaga,7,Iowa AP,Kansas AU,Aff,37.251,37.569,0.317,35.179,34.719,-0.46
gonzaga_7,gonzaga,7,Kentucky GS,Michigan CC,Neg,32.972,32.567,-0.405,32.488,33.091,0.604
gonzaga_7,gonzaga,7,Michigan SS (Shah/Shih),Stanford LY,Aff,36.953,37.28,0.327,34.717,33.655,-1.062
gonzaga_7,gonzaga,7,Northwestern LW,Kentucky RW,Neg,26.889,26.614,-0.275,34.307,34.531,0.225
gonzaga_7,gonzaga,7,Iowa EW,Michigan AM,Aff,29.169,29.451,0.283,23.952,23.581,-0.371
gonzaga_7,gonzaga,7,Northwestern LL,Kansas SS,Neg,24.249,23.987,-0.261,29.849,30.15,0.301
gonzaga_7,gonzaga,7,Baylor DL,Dartmouth BC,Aff,32.665,32.916,0.251,27.959,27.597,-0.363
gonzaga_7,gonzaga,7,Iowa KS,Southern California BR,Neg,23.287,23.113,-0.174,30.382,30.595,0.213
gonzaga_7,gonzaga,7,Emory CS (Cross/Stumpff),Wake Forest DE,Neg,27.27,25.224,-2.046,26.864,27.453,0.589
gonzaga_7,gonzaga,7,Georgia CK,UC Berkeley BU,Neg,26.255,25.835,-0.421,28.529,28.928,0.399
gonzaga_7,gonzaga,7,Liberty CL,Southern California DT,Aff,29.214,29.571,0.358,27.757,26.152,-1.604
gonzaga_7,gonzaga,7,Harvard AB,Emory RY,Neg,28.775,28.519,-0.256,34.118,34.323,0.205
gonzaga_7,gonzaga,7,Texas FL,Southern California MT,Aff,33.448,33.662,0.214,24.763,24.575,-0.188
gonzaga_7,gonzaga,7,Michigan State FM,Wyoming CH,Aff,31.089,31.216,0.127,21.74,21.625,-0.114
gonzaga_7,gonzaga,7,Dartmouth JR,Wake Forest AB,Aff,23.787,24.825,1.037,26.382,25.485,-0.897
gonzaga_7,gonzaga,7,Kansas BW,Dartmouth CG,Neg,30.358,29.91,-0.448,30.574,30.933,0.359
gonzaga_7,gonzaga,7,Iowa BS,CSU Long Beach SS,Aff,25.512,25.801,0.289,21.583,20.646,-0.937
gonzaga_7,gonzaga,7,UTD HH,Wyoming WW,Aff,22.8,23.37,0.57,20.063,19.608,-0.455
gonzaga_7,gonzaga,7,Michigan CS (Cho/Saudek),Emory CR,Aff,30.194,30.286,0.091,19.812,19.48,-0.332
gonzaga_7,gonzaga,7,Georgetown LN,Arizona State SS,Neg,21.852,21.044,-0.809,19.33,20.298,0.968
gonzaga_7,gonzaga,7,UTD DD,Emory ST,Aff,24.152,24.438,0.286,16.58,16.062,-0.518
gonzaga_7,gonzaga,7,Trinity KP,Kansas BM,Aff,22.229,23.189,0.96,25.316,24.609,-0.707
gonzaga_7,gonzaga,7,Southern California BM,Minnesota HU,Aff,24.319,25.16,0.841,24.903,24.173,-0.73
gonzaga_7,gonzaga,7,Trinity CK,Georgetown TP,Neg,20.468,19.392,-1.076,21.889,23.161,1.272
gonzaga_7,gonzaga,7,Michigan HM,UC Berkeley GS,Neg,21.988,21.155,-0.833,22.493,23.404,0.911
gonzaga_7,gonzaga,7,Emory CG,Navy CR,Neg,15.074,14.752,-0.322,20.576,20.885,0.309
gonzaga_7,gonzaga,7,Texas GS,Northwestern HP,Aff,18.966,20.308,1.343,17.93,17.185,-0.745
gonzaga_7,gonzaga,7,Purdue HH,Emory KW,Neg,15.956,14.561,-1.396,17.456,18.718,1.262
gonzaga_7,gonzaga,7,Harvard/Amherst SL,Northwestern AH,Neg,12.468,11.53,-0.938,17.892,18.443,0.551
gonzaga_8,gonzaga,8,Georgetown AC,Kansas LS,Neg,40.182,39.917,-0.265,43.429,43.699,0.27
gonzaga_8,gonzaga,8,Binghamton CK,Kansas OW,Aff,38.429,38.682,0.253,36.407,36.091,-0.317
gonzaga_8,gonzaga,8,Michigan State GL,Northwestern LR,Neg,40.788,40.343,-0.445,41.097,41.513,0.416
gonzaga_8,gonzaga,8,Michigan ES,Emory GS,Neg,37.554,37.391,-0.163,44.188,44.309,0.121
gonzaga_8,gonzaga,8,CSU Long Beach OM,Michigan State JS,Aff,36.924,37.063,0.139,31.217,31.023,-0.194
gonzaga_8,gonzaga,8,Northwestern AT,Michigan AO,Aff,35.727,35.99,0.263,31.137,30.897,-0.24
gonzaga_8,gonzaga,8,Michigan CC,Emory LY,Neg,33.091,32.673,-0.419,34.884,35.231,0.347
gonzaga_8,gonzaga,8,Wake Forest HN,Michigan SS (Shah/Shih),Neg,28.763,28.65,-0.113,37.28,37.386,0.106
gonzaga_8,gonzaga,8,Southern California BR,Northwestern NP,Neg,30.595,30.264,-0.331,35.003,35.397,0.394
gonzaga_8,gonzaga,8,Emory RY,Iowa AP,Neg,34.323,34.041,-0.282,37.569,37.827,0.258
gonzaga_8,gonzaga,8,Dartmouth CG,Michigan State GS,Aff,30.933,31.374,0.441,32.863,32.248,-0.616
gonzaga_8,gonzaga,8,Wake Forest DE,Michigan BP,Neg,27.453,27.431,-0.022,42.496,42.508,0.012
gonzaga_8,gonzaga,8,Wake Forest LW,UTD HH,Neg,32.717,31.211,-1.506,23.37,25.083,1.713
gonzaga_8,gonzaga,8,UC Berkeley MR,UTD DD,Aff,32.6,32.733,0.134,24.438,24.206,-0.231
gonzaga_8,gonzaga,8,Kentucky RW,Michigan State FM,Aff,34.531,34.964,0.433,31.216,30.831,-0.385
gonzaga_8,gonzaga,8,Kansas SS,Dartmouth JR,Aff,30.15,30.449,0.299,24.825,24.488,-0.336
gonzaga_8,gonzaga,8,Kansas AU,Texas FL,Neg,34.719,34.104,-0.615,33.662,34.579,0.918
gonzaga_8,gonzaga,8,George Mason WW,Baylor DL,Aff,31.507,32.174,0.667,32.916,32.355,-0.561
gonzaga_8,gonzaga,8,Stanford LY,Liberty CL,Neg,33.655,31.818,-1.838,29.571,30.222,0.651
gonzaga_8,gonzaga,8,UC Berkeley BU,Iowa EW,Neg,28.928,28.451,-0.477,29.451,29.994,0.543
gonzaga_8,gonzaga,8,UTD PR,Kentucky GS,Aff,30.964,31.484,0.52,32.567,32.119,-0.448
gonzaga_8,gonzaga,8,Wichita State GM,Kansas HP,Neg,28.328,28.203,-0.125,36.669,36.779,0.11
gonzaga_8,gonzaga,8,Southern California DT,Trinity KP,Aff,26.152,27.252,1.099,23.189,22.79,-0.398
gonzaga_8,gonzaga,8,Southern California MT,Iowa KS,Neg,24.575,23.715,-0.86,23.113,23.708,0.595
gonzaga_8,gonzaga,8,Wyoming CH,Southern California BM,Neg,21.625,21.289,-0.336,25.16,25.614,0.454
gonzaga_8,gonzaga,8,Michigan AM,Gonzaga RW,Neg,23.581,22.88,-0.701,23.995,24.465,0.47
gonzaga_8,gonzaga,8,Wake Forest AB,Northwestern LW,Neg,25.485,24.941,-0.544,26.614,27.313,0.699
gonzaga_8,gonzaga,8,Dartmouth BC,Iowa BS,Neg,27.597,26.782,-0.815,25.801,26.406,0.605
gonzaga_8,gonzaga,8,Georgetown TP,Harvard AB,Neg,23.161,22.48,-0.681,28.519,28.761,0.242
gonzaga_8,gonzaga,8,Arizona State SS,Northwestern LL,Neg,20.298,19.888,-0.41,23.987,24.33,0.342
gonzaga_8,gonzaga,8,UC Berkeley GS,Michigan CS (Cho/Saudek),Aff,23.404,25.144,1.74,30.286,29.36,-0.926
gonzaga_8,gonzaga,8,Emory CR,Georgia CK,Neg,19.48,18.824,-0.656,25.835,26.04,0.205
gonzaga_8,gonzaga,8,CSU Long Beach SS,Kansas BW,Neg,20.646,20.325,-0.321,29.91,30.003,0.093
gonzaga_8,gonzaga,8,Northwestern AH,Emory CS (Cross/Stumpff),Aff,18.443,20.231,1.788,25.224,22.441,-2.783
gonzaga_8,gonzaga,8,Wyoming WW,Harvard/Amherst SL,Aff,19.608,19.788,0.18,11.53,10.997,-0.533
gonzaga_8,gonzaga,8,Kansas BM,Emory CG,Aff,24.609,24.694,0.085,14.752,14.63,-0.123
gonzaga_8,gonzaga,8,Navy CR,Texas GS,Aff,20.885,21.452,0.567,20.308,19.061,-1.247
gonzaga_8,gonzaga,8,Emory ST,Georgetown LN,Neg,16.062,15.344,-0.719,21.044,21.323,0.279
gonzaga_8,gonzaga,8,Minnesota HU,Trinity CK,Aff,24.173,24.497,0.323,19.392,18.745,-0.647
gonzaga_8,gonzaga,8,Emory KW,Michigan HM,Neg,18.718,17.663,-1.055,21.155,21.736,0.581
gonzaga_8,gonzaga,8,Northwestern HP,Purdue HH,Neg,17.185,16.188,-0.997,14.561,16.513,1.952
gonzaga_dubs,gonzaga,dubs,Kentucky GS,Kansas LS,Neg,32.119,32.084,-0.036,43.699,43.74,0.041
gonzaga_dubs,gonzaga,dubs,Binghamton CK,Michigan AO,Aff,38.682,38.768,0.086,30.897,30.774,-0.123
gonzaga_dubs,gonzaga,dubs,Northwestern LR,Michigan State JS,Aff,41.513,41.571,0.058,31.023,30.96,-0.063
gonzaga_dubs,gonzaga,dubs,Texas FL,Michigan BP,Neg,34.579,34.372,-0.208,42.508,42.6,0.092
gonzaga_dubs,gonzaga,dubs,Georgetown AC,Wake Forest HN,Aff,39.917,39.962,0.046,28.65,28.596,-0.054
gonzaga_dubs,gonzaga,dubs,UTD PR,CSU Long Beach OM,Neg,31.484,31.312,-0.172,37.063,37.203,0.139
gonzaga_dubs,gonzaga,dubs,Michigan State GL,George Mason WW,Aff,40.343,40.454,0.111,32.174,32.039,-0.136
gonzaga_dubs,gonzaga,dubs,Iowa AP,Dartmouth CG,Aff,37.827,37.967,0.14,31.374,31.253,-0.121
gonzaga_dubs,gonzaga,dubs,Iowa EW,Emory LY,Neg,29.994,29.743,-0.252,35.231,35.423,0.192
gonzaga_dubs,gonzaga,dubs,Northwestern AT,UC Berkeley MR,Aff,35.99,36.303,0.312,32.733,32.418,-0.315
gonzaga_dubs,gonzaga,dubs,Northwestern NP,Kentucky RW,Neg,35.397,34.683,-0.714,34.964,35.625,0.66
gonzaga_dubs,gonzaga,dubs,Michigan ES,Liberty CL,Aff,37.391,37.533,0.142,30.222,30.083,-0.138
gonzaga_dubs,gonzaga,dubs,Michigan State GS,Kansas OW,Aff,32.248,32.946,0.699,36.091,35.494,-0.597
gonzaga_octas,gonzaga,octas,Emory GS,Michigan State GS,Aff,44.309,44.346,0.037,32.946,32.9,-0.047
gonzaga_octas,gonzaga,octas,Michigan ES,Binghamton CK,Neg,37.533,37.152,-0.381,38.768,39.035,0.268
gonzaga_octas,gonzaga,octas,Northwestern LR,Kentucky RW,Aff,41.571,41.733,0.162,35.625,35.382,-0.243
gonzaga_octas,gonzaga,octas,Michigan BP,Northwestern AT,Aff,42.6,42.725,0.125,36.303,36.127,-0.175
gonzaga_octas,gonzaga,octas,Emory LY,Georgetown AC,Neg,35.423,35.212,-0.211,39.962,40.166,0.204
gonzaga_octas,gonzaga,octas,Iowa AP,CSU Long Beach OM,Neg,37.967,37.543,-0.423,37.203,37.558,0.355
gonzaga_octas,gonzaga,octas,Michigan SS (Shah/Shih),Michigan State GL,Aff,37.386,38.01,0.624,40.454,39.851,-0.603
gonzaga_quarters,gonzaga,quarters,Michigan SS (Shah/Shih),Kansas LS,Neg,38.01,37.837,-0.173,43.74,43.907,0.167
gonzaga_quarters,gonzaga,quarters,CSU Long Beach OM,Emory GS,Neg,37.558,37.456,-0.102,44.346,44.459,0.113
gonzaga_quarters,gonzaga,quarters,Binghamton CK,Georgetown AC,Neg,39.035,38.771,-0.264,40.166,40.502,0.336
gonzaga_quarters,gonzaga,quarters,Michigan BP,Northwestern LR,Aff,42.725,43.018,0.293,41.733,41.381,-0.352
gonzaga_semis,gonzaga,semis,Kansas LS,Michigan BP,Neg,43.907,43.465,-0.441,43.018,43.377,0.359
gonzaga_semis,gonzaga,semis,Emory GS,Georgetown AC,Neg,44.459,43.939,-0.519,40.502,41.076,0.574
gonzaga_finals,gonzaga,finals,Georgetown AC,Michigan BP,Neg,41.076,40.818,-0.258,43.377,43.603,0.227
wake_1,wake,1,Northwestern PS,Western Kentucky SS (Schintgen/StPeter),Aff,37.003,37.032,0.03,22.477,22.421,-0.056
wake_1,wake,1,Dartmouth BC,Kansas State RS,Neg,26.782,25.876,-0.906,19.241,24.136,4.894
wake_1,wake,1,Binghamton CK,Kansas State AS,Aff,38.771,38.783,0.011,23.448,23.404,-0.044
wake_1,wake,1,Western Kentucky IS,Wake Forest DE,Neg,21.057,18.572,-2.485,27.431,27.657,0.226
wake_1,wake,1,Emory AS,Trinity KP,Aff,26.256,26.805,0.549,22.79,22.423,-0.367
wake_1,wake,1,Wake Forest SW,Liberty SS,Neg,22.616,19.623,-2.993,25.0,28.748,3.748
wake_1,wake,1,"Massachusetts, Amherst LM",Kansas LS,Neg,25.0,24.434,-0.566,43.465,43.49,0.024
wake_1,wake,1,Wyoming WW,Liberty CL,Neg,19.788,19.692,-0.096,30.083,30.149,0.066
wake_1,wake,1,Iowa BS,Northwestern LR,Neg,26.406,26.39,-0.016,41.381,41.394,0.013
wake_1,wake,1,George Mason DE,Cal State Fullerton MA,Aff,27.626,29.281,1.654,18.341,17.511,-0.83
wake_1,wake,1,Michigan BP,Emory CT,Aff,43.603,43.604,0.001,22.158,22.152,-0.006
wake_1,wake,1,Emory GS,Georgia CK,Aff,43.939,43.943,0.003,26.04,26.034,-0.006
wake_1,wake,1,Louisville VJ,Kansas CF,Neg,25.0,20.291,-4.709,25.821,27.083,1.262
wake_1,wake,1,Georgetown AC,Southern California MT,Aff,40.818,40.824,0.006,23.715,23.704,-0.011
wake_1,wake,1,Missouri State BC,UTD HH,Neg,10.761,10.556,-0.205,25.083,25.139,0.056
wake_1,wake,1,Iowa KS,CSU Long Beach OM,Neg,23.708,23.683,-0.025,37.456,37.471,0.015
wake_1,wake,1,Missouri State NS,Binghamton PT,Aff,25.765,25.809,0.045,10.201,10.083,-0.119
wake_1,wake,1,George Mason RS,NYU JT,Neg,11.751,11.617,-0.134,24.821,24.951,0.13
wake_1,wake,1,Trinity BK,Northwestern NP,Neg,18.24,17.554,-0.686,34.683,34.742,0.059
wake_1,wake,1,Michigan SS (Shah/Shih),Kansas CS,Aff,37.837,37.85,0.012,22.075,22.049,-0.027
wake_1,wake,1,Western Kentucky KN,Iowa AP,Neg,22.603,22.556,-0.047,37.543,37.559,0.016
wake_1,wake,1,UTD DD,Indiana FT,Aff,24.206,24.295,0.089,11.917,11.809,-0.108
wake_1,wake,1,Kansas OW,Baylor BK,Aff,35.494,35.513,0.02,21.414,21.37,-0.044
wake_1,wake,1,Georgetown KL,Kentucky RW,Neg,20.456,20.406,-0.051,35.382,35.409,0.027
wake_1,wake,1,Dartmouth JR,Southern Nazarene HS,Aff,24.488,24.767,0.279,18.543,16.953,-1.59
wake_1,wake,1,Texas SH,Wake Forest AB,Neg,25.0,19.672,-5.328,24.941,25.324,0.383
wake_1,wake,1,Michigan ES,Emory CR,Aff,37.152,37.159,0.007,18.824,18.798,-0.026
wake_1,wake,1,West Point OS,Northwestern LL,Neg,22.37,19.418,-2.952,24.33,24.666,0.337
wake_1,wake,1,Georgetown LN,Kansas SS,Neg,21.323,21.204,-0.119,30.449,30.581,0.132
wake_1,wake,1,Navy LS,Kansas ST,Neg,15.443,14.902,-0.541,27.1,27.461,0.361
wake_1,wake,1,Kansas HP,Michigan AM,Aff,36.779,36.803,0.024,22.88,22.841,-0.039
wake_1,wake,1,Northwestern AK,UTD KR,Aff,31.091,31.647,0.556,25.0,21.934,-3.066
wake_1,wake,1,Harvard DS,Kansas BP (Pace/Blaser),Aff,31.332,31.481,0.15,21.981,21.651,-0.33
wake_1,wake,1,Northwestern AT,Missouri State CG,Aff,36.127,36.144,0.017,20.477,20.431,-0.046
wake_1,wake,1,Georgetown WC,Southern California BM,Neg,25.0,19.959,-5.041,25.614,26.032,0.417
wake_1,wake,1,Georgetown GT,Texas FL,Neg,21.158,21.091,-0.067,34.372,34.429,0.057
wake_1,wake,1,Harvard BS,Liberty TK,Aff,27.395,30.275,2.88,25.0,21.232,-3.768
wake_1,wake,1,UTD PR,Dartmouth GH (Guo/Hatton),Aff,31.312,31.468,0.156,25.348,24.819,-0.528
wake_1,wake,1,Emory KW,Kansas BM,Neg,17.663,17.201,-0.462,24.694,24.853,0.159
wake_1,wake,1,Georgia CP,Emory KS,Neg,19.802,19.76,-0.042,34.638,34.664,0.026
wake_1,wake,1,Emory CG,Northwestern LW,Neg,14.63,14.57,-0.059,27.313,27.381,0.067
wake_1,wake,1,Navy CR,Michigan State GS,Neg,21.452,21.381,-0.071,32.9,32.948,0.048
wake_1,wake,1,West Georgia KM,Kansas HM,Aff,25.0,27.014,2.014,14.933,14.602,-0.331
wake_1,wake,1,Kansas HL,Wichita State GM,Neg,16.714,16.568,-0.147,28.203,28.265,0.062
wake_1,wake,1,Kansas JB,Texas GS,Neg,30.769,27.059,-3.71,19.061,21.671,2.611
wake_1,wake,1,UC Berkeley MR,George Mason RT,Aff,32.418,32.457,0.039,18.982,18.842,-0.14
wake_1,wake,1,Cal State Fullerton CD,Michigan State FM,Neg,25.0,21.809,-3.191,30.831,31.05,0.219
wake_1,wake,1,Michigan BL,Baylor DL,Neg,19.239,19.113,-0.126,32.355,32.394,0.039
wake_1,wake,1,Emory OP,Cal State Fullerton MN,Aff,27.915,28.426,0.51,25.314,21.698,-3.615
wake_1,wake,1,Kansas BW,Missouri State BK,Aff,30.003,30.084,0.08,20.167,19.894,-0.273
wake_1,wake,1,UT San Antonio CG,UTD HK,Neg,25.0,22.152,-2.848,31.938,32.152,0.215
wake_1,wake,1,Wake Forest HN,Emory ST,Neg,28.596,27.382,-1.215,15.344,18.917,3.574
wake_1,wake,1,Southern California BR,Oklahoma DT,Aff,30.264,30.362,0.098,19.696,19.465,-0.23
wake_1,wake,1,Baylor MP,UC Berkeley BU,Neg,15.442,15.362,-0.081,28.451,28.49,0.039
wake_1,wake,1,Missouri State HN,Iowa EW,Neg,21.233,20.988,-0.244,29.743,29.872,0.129
wake_1,wake,1,Michigan AO,Harvard/Amherst SL,Aff,30.774,30.778,0.005,10.997,10.979,-0.018
wake_1,wake,1,Kansas AU,CSU Long Beach ES,Aff,34.104,34.134,0.03,19.406,19.322,-0.084
wake_1,wake,1,Northwestern HP,Michigan CC,Neg,16.188,16.168,-0.02,32.673,32.685,0.012
wake_1,wake,1,Western Kentucky CF,Towson DP,Aff,26.777,27.209,0.432,21.749,18.744,-3.005
wake_1,wake,1,Gonzaga RW,Rochester OR,Aff,24.465,24.583,0.118,15.245,14.273,-0.972
wake_1,wake,1,Northern Iowa VM,Southern California AS,Neg,19.987,17.301,-2.686,24.948,27.483,2.535
wake_1,wake,1,Minnesota HU,Michigan State GL,Neg,24.497,24.476,-0.021,39.851,39.864,0.013
wake_1,wake,1,Kentucky RS,Minnesota MW,Neg,25.0,20.452,-4.548,24.535,28.022,3.486
wake_1,wake,1,Wyoming CH,Emory LY,Neg,21.289,21.262,-0.027,35.212,35.232,0.02
wake_1,wake,1,Emory RY,Houston IH,Aff,34.041,34.153,0.112,25.0,22.74,-2.26
wake_1,wake,1,Georgetown VP,Stanford LL,Neg,21.629,21.365,-0.264,32.176,32.278,0.103
wake_1,wake,1,George Mason WW,Oklahoma BS,Aff,32.039,32.09,0.051,19.329,19.179,-0.15
wake_1,wake,1,Macalester WC,Wake Forest LW,Neg,25.0,21.93,-3.07,31.211,31.436,0.224
wake_1,wake,1,Houston SF,Northern Iowa CD,Aff,26.031,28.254,2.223,19.987,17.516,-2.471
wake_2,wake,2,Wake Forest AB,Northwestern PS,Neg,25.324,25.26,-0.064,37.032,37.092,0.06
wake_2,wake,2,Kansas State RS,Georgia CP,Aff,24.136,25.278,1.142,19.76,19.31,-0.45
wake_2,wake,2,NYU JT,Binghamton CK,Neg,24.951,24.87,-0.081,38.783,38.801,0.019
wake_2,wake,2,Wake Forest DE,Kansas HP,Neg,27.657,27.532,-0.125,36.803,36.892,0.089
wake_2,wake,2,Kansas SS,Wake Forest SW,Aff,30.581,30.701,0.12,19.623,18.563,-1.06
wake_2,wake,2,Kansas LS,Houston SF,Aff,43.49,43.523,0.033,28.254,27.779,-0.475
wake_2,wake,2,Liberty CL,Kansas JB,Aff,30.149,30.413,0.264,27.059,26.167,-0.892
wake_2,wake,2,Towson DP,Iowa BS,Neg,18.744,17.133,-1.611,26.39,26.538,0.148
wake_2,wake,2,Missouri State BK,Macalester WC,Neg,19.894,19.133,-0.761,21.93,25.243,3.312
wake_2,wake,2,Binghamton PT,Iowa KS,Neg,10.083,9.905,-0.178,23.683,23.724,0.042
wake_2,wake,2,Indiana FT,Western Kentucky KN,Neg,11.809,11.651,-0.157,22.556,22.724,0.168
wake_2,wake,2,Michigan State FM,UC Berkeley MR,Neg,31.05,30.576,-0.474,32.457,32.844,0.387
wake_2,wake,2,Southern California AS,Michigan BP,Neg,27.483,27.071,-0.412,43.604,43.627,0.022
wake_2,wake,2,Kansas CF,Emory GS,Neg,27.083,27.016,-0.067,43.943,43.953,0.01
wake_2,wake,2,Northwestern LR,Western Kentucky CF,Aff,41.394,41.415,0.02,27.209,27.154,-0.055
wake_2,wake,2,Cal State Fullerton MN,Michigan BL,Neg,21.698,17.632,-4.067,19.113,20.355,1.242
wake_2,wake,2,Baylor DL,Emory OP,Aff,32.394,32.646,0.252,28.426,27.904,-0.521
wake_2,wake,2,CSU Long Beach OM,Missouri State NS,Aff,37.471,37.503,0.032,25.809,25.723,-0.086
wake_2,wake,2,Michigan State GL,Northwestern AK,Aff,39.864,39.971,0.107,31.647,31.257,-0.39
wake_2,wake,2,Emory CF (Cannaday/Feldman),Michigan SS (Shah/Shih),Neg,26.688,25.991,-0.697,37.85,37.92,0.071
wake_2,wake,2,UTD HH,Georgetown AC,Neg,25.139,25.12,-0.02,40.824,40.833,0.01
wake_2,wake,2,Iowa AP,UTD DD,Aff,37.559,37.584,0.025,24.295,24.239,-0.056
wake_2,wake,2,Baylor BK,Kentucky RS,Aff,21.37,21.879,0.508,20.452,16.609,-3.843
wake_2,wake,2,Kentucky RW,Dartmouth JR,Neg,35.409,34.004,-1.405,24.767,26.436,1.668
wake_2,wake,2,Emory LY,Gonzaga RW,Aff,35.232,35.286,0.053,24.583,24.519,-0.064
wake_2,wake,2,Northwestern LL,Michigan ES,Neg,24.666,24.622,-0.044,37.159,37.193,0.034
wake_2,wake,2,Emory CR,West Point OS,Aff,18.798,20.017,1.219,19.418,16.7,-2.717
wake_2,wake,2,Liberty SS,Georgetown LN,Aff,28.748,30.755,2.007,21.204,21.028,-0.176
wake_2,wake,2,Kansas ST,Emory RY,Neg,27.461,26.749,-0.713,34.153,34.301,0.149
wake_2,wake,2,Southern California BM,Northwestern AT,Neg,26.032,25.92,-0.112,36.144,36.218,0.074
wake_2,wake,2,Northwestern NP,George Mason DE,Aff,34.742,35.007,0.265,29.281,27.14,-2.141
wake_2,wake,2,CSU Long Beach ES,Michigan State JS,Neg,19.322,19.14,-0.182,30.96,31.015,0.055
wake_2,wake,2,Missouri State CG,Georgetown WC,Aff,20.431,21.236,0.805,19.959,16.495,-3.464
wake_2,wake,2,Liberty TK,Georgetown GT,Neg,21.232,16.938,-4.294,21.091,21.669,0.578
wake_2,wake,2,Texas FL,Harvard BS,Aff,34.429,34.773,0.344,30.275,27.796,-2.479
wake_2,wake,2,Kansas BM,UTD PR,Neg,24.853,24.69,-0.163,31.468,31.601,0.133
wake_2,wake,2,Kansas State AS,George Mason RS,Aff,23.404,23.552,0.147,11.617,11.447,-0.17
wake_2,wake,2,Emory KS,Dartmouth BC,Aff,34.664,34.789,0.125,25.876,25.744,-0.132
wake_2,wake,2,Northwestern LW,Harvard DS,Neg,27.381,26.965,-0.415,31.481,31.848,0.367
wake_2,wake,2,Kansas BP (Pace/Blaser),Emory CG,Aff,21.651,22.123,0.472,14.57,14.348,-0.222
wake_2,wake,2,Kansas HM,Navy CR,Neg,14.602,14.13,-0.472,21.381,21.597,0.216
wake_2,wake,2,Michigan State GS,West Georgia KM,Aff,32.948,33.107,0.16,27.014,24.513,-2.501
wake_2,wake,2,Wichita State GM,George Mason WW,Aff,28.265,28.998,0.733,32.09,31.324,-0.766
wake_2,wake,2,Southern Nazarene HS,Georgetown KL,Neg,16.953,15.218,-1.735,20.406,20.979,0.573
wake_2,wake,2,George Mason RT,Cal State Fullerton CD,Neg,18.842,18.008,-0.834,21.809,24.796,2.986
wake_2,wake,2,Cal State Fullerton MA,Trinity BK,Aff,17.511,19.297,1.786,17.554,13.44,-4.114
wake_2,wake,2,Oklahoma DT,Baylor MP,Neg,19.465,17.706,-1.759,15.362,16.657,1.295
wake_2,wake,2,Wake Forest LW,Kansas BW,Aff,31.436,31.944,0.508,30.084,29.736,-0.347
wake_2,wake,2,Emory ST,UT San Antonio CG,Aff,18.917,19.867,0.949,22.152,16.956,-5.196
wake_2,wake,2,UTD HK,Wake Forest HN,Aff,32.152,32.464,0.312,27.382,27.167,-0.215
wake_2,wake,2,UC Berkeley BU,Southern California BR,Aff,28.49,29.079,0.589,30.362,29.645,-0.717
wake_2,wake,2,Harvard/Amherst SL,Missouri State HN,Neg,10.979,10.646,-0.333,20.988,21.173,0.185
wake_2,wake,2,Iowa EW,Michigan AO,Neg,29.872,29.416,-0.456,30.778,31.169,0.391
wake_2,wake,2,Georgia CK,Louisville VJ,Aff,26.034,26.242,0.208,20.291,18.095,-2.196
wake_2,wake,2,Dartmouth GH (Guo/Hatton),Emory KW,Aff,24.819,25.183,0.364,17.201,16.814,-0.387
wake_2,wake,2,Southern California MT,Missouri State BC,Aff,23.704,23.775,0.071,10.556,10.304,-0.252
wake_2,wake,2,Western Kentucky SS (Schintgen/StPeter),Texas SH,Aff,22.421,22.992,0.571,19.672,16.898,-2.774
wake_2,wake,2,Michigan CC,Kansas AU,Neg,32.685,32.274,-0.411,34.134,34.57,0.436
wake_2,wake,2,Texas GS,Wyoming WW,Neg,21.671,20.42,-1.251,19.692,20.392,0.699
wake_2,wake,2,Northern Iowa CD,"Massachusetts, Amherst LM",Neg,17.516,15.688,-1.828,24.434,26.88,2.447
wake_2,wake,2,UTD KR,Minnesota HU,Neg,21.934,18.638,-3.296,24.476,24.821,0.345
wake_2,wake,2,Oklahoma BS,Kansas HL,Neg,19.179,17.52,-1.659,16.568,17.837,1.269
wake_2,wake,2,Houston IH,Navy LS,Aff,22.74,24.646,1.906,14.902,14.024,-0.878
wake_2,wake,2,Minnesota MW,Kansas OW,Neg,28.022,26.385,-1.637,35.513,35.631,0.118
wake_2,wake,2,Rochester OR,Wyoming CH,Aff,14.273,19.002,4.729,21.262,20.515,-0.747
wake_2,wake,2,Stanford LL,Emory AS,Aff,32.278,32.54,0.262,26.805,26.437,-0.368
wake_2,wake,2,Michigan AM,Western Kentucky IS,Aff,22.841,23.167,0.326,18.572,16.218,-2.354
wake_2,wake,2,Emory CT,Northern Iowa VM,Aff,22.152,22.758,0.606,17.301,14.865,-2.437
wake_3,wake,3,Baylor DL,Northwestern PS,Neg,32.646,32.419,-0.227,37.092,37.379,0.287
wake_3,wake,3,Kansas State RS,Wichita State GM,Neg,25.278,24.192,-1.085,28.998,29.254,0.256
wake_3,wake,3,Binghamton CK,Wake Forest LW,Aff,38.801,38.897,0.096,31.944,31.753,-0.191
wake_3,wake,3,Wake Forest DE,Minnesota MW,Aff,27.532,27.938,0.406,26.385,23.649,-2.735
wake_3,wake,3,Wake Forest AB,Georgia CK,Aff,25.26,25.907,0.647,26.242,25.676,-0.566
wake_3,wake,3,Wake Forest SW,Georgetown WC,Aff,18.563,21.025,2.462,16.495,14.535,-1.96
wake_3,wake,3,Kansas LS,UTD HK,Aff,43.523,43.568,0.045,32.464,32.39,-0.074
wake_3,wake,3,Liberty CL,CSU Long Beach OM,Neg,30.413,30.284,-0.129,37.503,37.597,0.094
wake_3,wake,3,Missouri State NS,Iowa BS,Neg,25.723,25.039,-0.684,26.538,26.947,0.408
wake_3,wake,3,Kansas HM,George Mason DE,Neg,14.13,13.966,-0.164,27.14,27.656,0.515
wake_3,wake,3,Michigan BP,Michigan State GS,Aff,43.627,43.667,0.04,33.107,33.051,-0.056
wake_3,wake,3,Texas GS,Kansas HP,Aff,20.42,23.563,3.143,36.892,35.475,-1.418
wake_3,wake,3,Michigan ES,Emory ST,Aff,37.193,37.201,0.008,19.867,19.847,-0.019
wake_3,wake,3,Liberty SS,Iowa AP,Neg,30.755,29.083,-1.672,37.584,37.708,0.125
wake_3,wake,3,Michigan State JS,Emory GS,Neg,31.015,30.986,-0.029,43.953,43.974,0.021
wake_3,wake,3,Northwestern LR,Emory KS,Aff,41.415,41.545,0.131,34.789,34.598,-0.191
wake_3,wake,3,Dartmouth JR,Georgetown AC,Neg,26.436,26.409,-0.027,40.833,40.848,0.015
wake_3,wake,3,Harvard DS,Kansas SS,Aff,31.848,32.381,0.533,30.701,30.193,-0.509
wake_3,wake,3,Texas FL,Michigan State GL,Aff,34.773,35.94,1.168,39.971,39.313,-0.658
wake_3,wake,3,Michigan SS (Shah/Shih),Emory LY,Aff,37.92,38.2,0.28,35.286,35.013,-0.273
wake_3,wake,3,Emory RY,UC Berkeley BU,Neg,34.301,33.595,-0.706,29.079,29.864,0.785
wake_3,wake,3,Kansas OW,Michigan AO,Aff,35.631,35.821,0.191,31.169,30.949,-0.22
wake_3,wake,3,UC Berkeley MR,Northwestern AT,Aff,32.844,33.492,0.648,36.218,35.572,-0.646
wake_3,wake,3,Kansas AU,Northwestern NP,Neg,34.57,34.105,-0.465,35.007,35.588,0.582
wake_3,wake,3,Emory AS,Cal State Fullerton CD,Aff,26.437,26.941,0.504,24.796,22.116,-2.679
wake_3,wake,3,Rochester OR,Michigan CC,Neg,19.002,18.785,-0.217,32.274,32.319,0.045
wake_3,wake,3,Iowa EW,West Georgia KM,Aff,29.416,29.631,0.215,24.513,22.419,-2.094
wake_3,wake,3,Navy CR,Kentucky RW,Neg,21.597,21.545,-0.052,34.004,34.05,0.046
wake_3,wake,3,Western Kentucky KN,Georgetown KL,Aff,22.724,23.481,0.757,20.979,20.248,-0.731
wake_3,wake,3,Missouri State CG,George Mason WW,Neg,21.236,21.041,-0.195,31.324,31.407,0.083
wake_3,wake,3,Dartmouth GH (Guo/Hatton),Georgetown VP,Aff,25.183,25.797,0.614,21.365,20.551,-0.814
wake_3,wake,3,Northwestern LL,Michigan BL,Aff,24.622,24.902,0.279,20.355,19.677,-0.678
wake_3,wake,3,Northwestern HP,Western Kentucky CF,Neg,16.168,16.052,-0.116,27.154,27.298,0.143
wake_3,wake,3,Emory CR,Baylor MP,Aff,20.017,20.829,0.812,16.657,16.14,-0.517
wake_3,wake,3,Kansas BW,Michigan AM,Neg,29.736,28.987,-0.75,23.167,24.42,1.253
wake_3,wake,3,Kansas CS,Emory CF (Cannaday/Feldman),Aff,22.049,22.979,0.93,25.991,22.208,-3.783
wake_3,wake,3,Western Kentucky SS (Schintgen/StPeter),Southern California BR,Neg,22.992,22.643,-0.35,29.645,29.838,0.193
wake_3,wake,3,Kansas CF,Southern California AS,Aff,27.016,28.398,1.383,27.071,23.681,-3.39
wake_3,wake,3,UTD HH,Southern California MT,Neg,25.12,24.354,-0.766,23.775,24.526,0.751
wake_3,wake,3,Emory CT,Northwestern LW,Aff,22.758,24.571,1.813,26.965,25.992,-0.974
wake_3,wake,3,Iowa KS,Harvard BS,Aff,23.724,24.256,0.531,27.796,23.584,-4.212
wake_3,wake,3,Baylor BK,NYU JT,Neg,21.879,21.393,-0.486,24.87,25.649,0.779
wake_3,wake,3,Kansas ST,Kansas State AS,Aff,26.749,27.787,1.038,23.552,22.907,-0.644
wake_3,wake,3,"Massachusetts, Amherst LM",Cal State Fullerton MA,Neg,26.88,20.529,-6.351,19.297,21.96,2.663
wake_3,wake,3,Kansas BP (Pace/Blaser),Emory OP,Neg,22.123,21.584,-0.539,27.904,28.259,0.355
wake_3,wake,3,Northwestern AK,Georgetown GT,Neg,31.257,28.529,-2.728,21.669,23.298,1.629
wake_3,wake,3,Kansas BM,Southern California BM,Neg,24.69,24.312,-0.379,25.92,26.479,0.559
wake_3,wake,3,Georgetown LN,Emory KW,Aff,21.028,21.318,0.29,16.814,16.182,-0.632
wake_3,wake,3,Texas SH,Wake Forest HN,Neg,16.898,16.154,-0.745,27.167,27.252,0.085
wake_3,wake,3,Dartmouth BC,Missouri State BK,Aff,25.744,25.949,0.205,19.133,18.68,-0.453
wake_3,wake,3,Harvard/Amherst SL,Cal State Fullerton MN,Aff,10.646,12.722,2.077,17.632,13.451,-4.181
wake_3,wake,3,Emory CG,Trinity BK,Neg,14.348,13.835,-0.513,13.44,17.148,3.708
wake_3,wake,3,West Point OS,Missouri State BC,Aff,16.7,17.665,0.964,10.304,9.457,-0.847
wake_3,wake,3,Indiana FT,Southern Nazarene HS,Aff,11.651,12.736,1.085,15.218,12.331,-2.887
wake_3,wake,3,Towson DP,George Mason RS,Neg,17.133,12.484,-4.648,11.447,12.895,1.448
wake_3,wake,3,Louisville VJ,Oklahoma DT,Aff,18.095,21.028,2.932,17.706,16.899,-0.808
wake_3,wake,3,George Mason RT,Liberty TK,Aff,18.008,18.995,0.987,16.938,14.257,-2.681
wake_3,wake,3,Navy LS,CSU Long Beach ES,Aff,14.024,17.225,3.201,19.14,17.438,-1.702
wake_3,wake,3,Binghamton PT,Wyoming CH,Neg,9.905,9.566,-0.339,20.515,20.6,0.086
wake_3,wake,3,Kentucky RS,Western Kentucky IS,Neg,16.609,13.859,-2.749,16.218,18.714,2.496
wake_3,wake,3,Stanford LL,UTD PR,Aff,32.54,33.048,0.507,31.601,31.273,-0.328
wake_3,wake,3,Gonzaga RW,Houston IH,Aff,24.519,24.863,0.345,24.646,20.965,-3.68
wake_3,wake,3,Macalester WC,Michigan State FM,Neg,25.243,23.487,-1.756,30.576,30.806,0.23
wake_3,wake,3,Missouri State HN,Houston SF,Neg,21.173,20.847,-0.326,27.779,29.494,1.715
wake_3,wake,3,Wyoming WW,UTD DD,Neg,20.392,20.07,-0.322,24.239,24.7,0.461
wake_3,wake,3,Kansas HL,Minnesota HU,Neg,17.837,17.503,-0.334,24.821,25.025,0.204
wake_3,wake,3,Northern Iowa VM,Georgia CP,Neg,14.865,12.877,-1.988,19.31,19.709,0.399
wake_3,wake,3,Northern Iowa CD,UT San Antonio CG,Neg,15.688,12.929,-2.759,16.956,19.118,2.163
wake_3,wake,3,UTD KR,Oklahoma BS,Neg,18.638,15.311,-3.327,17.52,18.534,1.014
wake_4,wake,4,Northwestern PS,Texas FL,Neg,37.379,36.778,-0.601,35.94,36.665,0.725
wake_4,wake,4,Michigan AM,Kansas State RS,Aff,24.42,24.942,0.522,24.192,22.757,-1.435
wake_4,wake,4,Iowa AP,Binghamton CK,Neg,37.708,37.4,-0.309,38.897,39.146,0.249
wake_4,wake,4,UTD PR,Wake Forest DE,Aff,31.273,31.497,0.224,27.938,27.579,-0.359
wake_4,wake,4,Kansas JB,Wake Forest SW,Aff,26.167,26.712,0.546,21.025,19.478,-1.547
wake_4,wake,4,Georgetown AC,Kansas LS,Neg,40.848,40.616,-0.232,43.568,43.822,0.254
wake_4,wake,4,Minnesota HU,Liberty CL,Neg,25.025,24.758,-0.267,30.284,30.465,0.181
wake_4,wake,4,Iowa BS,Michigan State JS,Neg,26.947,26.698,-0.249,30.986,31.228,0.243
wake_4,wake,4,George Mason DE,Kansas CS,Neg,27.656,23.582,-4.074,22.979,23.892,0.913
wake_4,wake,4,Oklahoma DT,Kansas HM,Aff,16.899,17.557,0.658,13.966,13.213,-0.753
wake_4,wake,4,Oklahoma BS,Wyoming WW,Neg,18.534,17.645,-0.888,20.07,20.486,0.416
wake_4,wake,4,Liberty TK,Texas SH,Aff,14.257,16.76,2.503,16.154,13.535,-2.619
wake_4,wake,4,Emory GS,Kansas OW,Aff,43.974,44.052,0.078,35.821,35.734,-0.087
wake_4,wake,4,Northwestern NP,Harvard DS,Neg,35.588,34.786,-0.802,32.381,33.196,0.815
wake_4,wake,4,Wichita State GM,UC Berkeley MR,Neg,29.254,29.013,-0.241,33.492,33.72,0.228
wake_4,wake,4,UC Berkeley BU,Michigan SS (Shah/Shih),Neg,29.864,29.762,-0.102,38.2,38.292,0.092
wake_4,wake,4,Kentucky RW,Michigan BP,Neg,34.05,33.958,-0.092,43.667,43.718,0.051
wake_4,wake,4,Southern California MT,Michigan ES,Neg,24.526,24.477,-0.049,37.201,37.234,0.033
wake_4,wake,4,Southern California BM,Northwestern LR,Neg,26.479,26.457,-0.022,41.545,41.558,0.013
wake_4,wake,4,Emory LY,Navy LS,Aff,35.013,35.022,0.009,17.225,17.178,-0.048
wake_4,wake,4,Kansas HP,George Mason RT,Aff,35.475,35.486,0.012,18.995,18.955,-0.04
wake_4,wake,4,Michigan State GL,Harvard/Amherst SL,Aff,39.313,39.313,0.0,12.722,12.722,-0.0
wake_4,wake,4,Emory KS,Louisville VJ,Aff,34.598,34.65,0.052,21.028,20.728,-0.3
wake_4,wake,4,Michigan AO,Dartmouth GH (Guo/Hatton),Aff,30.949,31.136,0.186,25.797,25.323,-0.475
wake_4,wake,4,Kansas SS,Wake Forest AB,Aff,30.193,30.496,0.304,25.907,25.614,-0.293
wake_4,wake,4,Northwestern AT,Kansas ST,Aff,35.572,35.694,0.121,27.787,27.342,-0.444
wake_4,wake,4,Western Kentucky CF,Gonzaga RW,Aff,27.298,27.969,0.671,24.863,24.546,-0.317
wake_4,wake,4,George Mason WW,Liberty SS,Aff,31.407,31.695,0.288,29.083,26.786,-2.296
wake_4,wake,4,UTD DD,Texas GS,Aff,24.7,25.318,0.619,23.563,22.901,-0.662
wake_4,wake,4,Michigan State GS,Emory CR,Aff,33.051,33.093,0.042,20.829,20.703,-0.126
wake_4,wake,4,UTD HK,Emory AS,Aff,32.39,32.647,0.257,26.941,26.612,-0.329
wake_4,wake,4,Southern California BR,Emory RY,Neg,29.838,29.529,-0.31,33.595,33.821,0.226
wake_4,wake,4,Michigan CC,Dartmouth JR,Aff,32.319,32.509,0.19,26.409,26.164,-0.245
wake_4,wake,4,Michigan State FM,Iowa KS,Aff,30.806,30.993,0.187,24.256,24.091,-0.165
wake_4,wake,4,Cal State Fullerton MA,Iowa EW,Neg,21.96,21.311,-0.649,29.631,29.774,0.143
wake_4,wake,4,Emory ST,Kansas CF,Neg,19.847,19.583,-0.265,28.398,28.867,0.469
wake_4,wake,4,NYU JT,Emory CT,Aff,25.649,26.526,0.877,24.571,23.688,-0.882
wake_4,wake,4,Emory OP,Western Kentucky KN,Aff,28.259,28.654,0.395,23.481,23.027,-0.453
wake_4,wake,4,Wake Forest LW,Kansas AU,Neg,31.753,31.356,-0.398,34.105,34.447,0.342
wake_4,wake,4,Georgetown GT,Baylor DL,Aff,23.298,24.926,1.628,32.419,31.479,-0.939
wake_4,wake,4,Georgia CK,Kentucky RS,Aff,25.676,25.747,0.071,13.859,13.392,-0.467
wake_4,wake,4,Kansas State AS,Missouri State CG,Neg,22.907,21.803,-1.104,21.041,22.215,1.174
wake_4,wake,4,Michigan BL,Rochester OR,Aff,19.677,20.547,0.87,18.785,17.164,-1.621
wake_4,wake,4,Harvard BS,Indiana FT,Aff,23.584,24.037,0.452,12.736,12.582,-0.154
wake_4,wake,4,Northwestern LW,Navy CR,Aff,25.992,26.331,0.339,21.545,21.239,-0.306
wake_4,wake,4,Wake Forest HN,Northwestern AK,Aff,27.252,27.702,0.45,28.529,27.313,-1.217
wake_4,wake,4,Georgia CP,UTD HH,Aff,19.709,20.944,1.235,24.354,23.394,-0.96
wake_4,wake,4,Southern California AS,West Point OS,Aff,23.681,25.057,1.376,17.665,16.791,-0.874
wake_4,wake,4,Georgetown KL,Missouri State HN,Neg,20.248,19.47,-0.777,20.847,21.601,0.754
wake_4,wake,4,Emory CF (Cannaday/Feldman),Missouri State NS,Aff,22.208,24.884,2.676,25.039,24.26,-0.779
wake_4,wake,4,Trinity BK,Kansas BW,Neg,17.148,16.69,-0.459,28.987,29.041,0.054
wake_4,wake,4,Baylor MP,Western Kentucky SS (Schintgen/StPeter),Neg,16.14,15.842,-0.298,22.643,22.98,0.337
wake_4,wake,4,West Georgia KM,Kansas BM,Neg,22.419,20.106,-2.313,24.312,24.592,0.28
wake_4,wake,4,George Mason RS,Georgetown LN,Neg,12.895,12.609,-0.286,21.318,21.449,0.131
wake_4,wake,4,Cal State Fullerton CD,Kansas BP (Pace/Blaser),Neg,22.116,19.604,-2.513,21.584,22.56,0.976
wake_4,wake,4,UT San Antonio CG,Northwestern HP,Neg,19.118,15.861,-3.258,16.052,16.874,0.822
wake_4,wake,4,CSU Long Beach ES,Emory CG,Neg,17.438,15.821,-1.617,13.835,14.652,0.818
wake_4,wake,4,Southern Nazarene HS,Towson DP,Aff,12.331,13.836,1.505,12.484,10.363,-2.121
wake_4,wake,4,Emory KW,UTD KR,Neg,16.182,15.261,-0.921,15.311,17.844,2.533
wake_4,wake,4,Georgetown WC,Binghamton PT,Neg,14.535,11.153,-3.383,9.566,11.659,2.093
wake_4,wake,4,Missouri State BK,Northern Iowa VM,Aff,18.68,19.148,0.468,12.877,11.567,-1.31
wake_4,wake,4,CSU Long Beach OM,Stanford LL,Neg,37.597,37.121,-0.476,33.048,33.925,0.877
wake_4,wake,4,Houston SF,Northwestern LL,Neg,29.494,25.172,-4.322,24.902,25.487,0.585
wake_4,wake,4,Georgetown VP,Macalester WC,Neg,20.551,19.799,-0.752,23.487,25.31,1.823
wake_4,wake,4,Western Kentucky IS,Baylor BK,Neg,18.714,16.924,-1.79,21.393,21.831,0.438
wake_4,wake,4,Minnesota MW,Dartmouth BC,Neg,23.649,21.792,-1.857,25.949,26.302,0.353
wake_4,wake,4,Houston IH,Kansas HL,Aff,20.965,22.774,1.809,17.503,16.996,-0.507
wake_4,wake,4,Wyoming CH,"Massachusetts, Amherst LM",Aff,20.6,20.981,0.381,20.529,17.563,-2.966
wake_4,wake,4,Cal State Fullerton MN,Northern Iowa CD,Neg,13.451,11.729,-1.722,12.929,15.684,2.755
wake_5,wake,5,George Mason RT,UTD KR,Aff,18.955,19.928,0.973,17.844,16.209,-1.634
wake_5,wake,5,Georgetown VP,Emory CG,Aff,19.799,20.357,0.558,14.652,14.39,-0.263
wake_5,wake,5,Liberty SS,Michigan BL,Neg,26.786,23.033,-3.753,20.547,21.957,1.41
wake_5,wake,5,Michigan CC,Wichita State GM,Aff,32.509,32.787,0.279,29.013,28.752,-0.261
wake_5,wake,5,Western Kentucky SS (Schintgen/StPeter),Cal State Fullerton MA,Aff,22.98,23.599,0.619,21.311,19.954,-1.357
wake_5,wake,5,Navy LS,Kansas HL,Aff,17.178,18.825,1.647,16.996,16.257,-0.739
wake_5,wake,5,Emory ST,Kansas BP (Pace/Blaser),Neg,19.583,18.974,-0.608,22.56,23.24,0.681
wake_5,wake,5,Iowa BS,Texas GS,Aff,26.698,26.944,0.246,22.901,22.473,-0.428
wake_5,wake,5,Navy CR,Rochester OR,Aff,21.239,21.537,0.299,17.164,16.215,-0.949
wake_5,wake,5,Iowa KS,Dartmouth BC,Neg,24.091,23.758,-0.333,26.302,26.695,0.393
wake_5,wake,5,Kansas State AS,Binghamton PT,Aff,21.803,21.971,0.168,11.659,11.365,-0.294
wake_5,wake,5,Kansas CF,Northwestern NP,Neg,28.867,28.2,-0.666,34.786,35.003,0.217
wake_5,wake,5,Missouri State BC,"Massachusetts, Amherst LM",Neg,9.457,8.863,-0.594,17.563,18.37,0.807
wake_5,wake,5,Kansas BM,Southern California MT,Neg,24.592,24.174,-0.418,24.477,25.089,0.612
wake_5,wake,5,Stanford LL,Michigan SS (Shah/Shih),Neg,33.925,33.662,-0.263,38.292,38.491,0.199
wake_5,wake,5,Emory KW,Kentucky RS,Aff,15.261,15.907,0.646,13.392,11.5,-1.892
wake_5,wake,5,Kansas ST,Wake Forest LW,Neg,27.342,26.578,-0.765,31.356,31.638,0.283
wake_5,wake,5,Wake Forest AB,Kansas JB,Neg,25.614,25.189,-0.426,26.712,27.67,0.957
wake_5,wake,5,Georgetown GT,Liberty CL,Aff,24.926,26.044,1.118,30.465,29.795,-0.67
wake_5,wake,5,George Mason WW,Michigan State GL,Neg,31.695,31.566,-0.129,39.313,39.419,0.106
wake_5,wake,5,Cal State Fullerton MN,Towson DP,Neg,11.729,9.968,-1.761,10.363,12.328,1.964
wake_5,wake,5,UC Berkeley BU,Northwestern LL,Neg,29.762,29.107,-0.654,25.487,26.256,0.769
wake_5,wake,5,Dartmouth JR,Wyoming CH,Aff,26.164,26.431,0.267,20.981,20.761,-0.22
wake_5,wake,5,Missouri State BK,Harvard/Amherst SL,Aff,19.148,19.554,0.406,12.722,12.21,-0.512
wake_5,wake,5,UTD HK,Iowa EW,Neg,32.647,31.886,-0.762,29.774,30.401,0.627
wake_5,wake,5,NYU JT,Kansas SS,Neg,26.526,25.971,-0.554,30.496,30.796,0.3
wake_5,wake,5,Western Kentucky KN,Northwestern LW,Aff,23.027,24.186,1.159,26.331,25.503,-0.828
wake_5,wake,5,Kansas OW,Michigan State FM,Aff,35.734,35.907,0.173,30.993,30.74,-0.253
wake_5,wake,5,Macalester WC,George Mason DE,Aff,25.31,26.929,1.62,23.582,22.027,-1.555
wake_5,wake,5,Emory OP,Iowa AP,Neg,28.654,28.483,-0.171,37.4,37.476,0.076
wake_5,wake,5,Texas SH,Kansas HM,Aff,13.535,15.523,1.988,13.213,12.363,-0.851
wake_5,wake,5,Houston IH,Emory AS,Neg,22.774,21.364,-1.41,26.612,26.989,0.377
wake_5,wake,5,Oklahoma DT,Northwestern AK,Neg,17.557,17.37,-0.187,27.313,27.502,0.189
wake_5,wake,5,Baylor MP,Wake Forest SW,Neg,15.842,15.424,-0.418,19.478,21.034,1.556
wake_5,wake,5,Oklahoma BS,UT San Antonio CG,Neg,17.645,16.643,-1.002,15.861,18.088,2.227
wake_5,wake,5,Emory CF (Cannaday/Feldman),Wyoming WW,Aff,24.884,25.841,0.957,20.486,20.227,-0.259
wake_5,wake,5,Kentucky RW,Georgia CP,Aff,33.958,33.996,0.038,20.944,20.89,-0.054
wake_5,wake,5,UTD HH,Cal State Fullerton CD,Aff,23.394,23.708,0.314,19.604,18.326,-1.278
wake_5,wake,5,Northwestern PS,Emory RY,Aff,36.778,37.104,0.327,33.821,33.573,-0.248
wake_5,wake,5,Baylor DL,Northern Iowa CD,Aff,31.479,31.501,0.022,15.684,15.527,-0.157
wake_5,wake,5,Indiana FT,Missouri State NS,Neg,12.582,12.483,-0.099,24.26,24.337,0.077
wake_5,wake,5,Houston SF,Baylor BK,Neg,25.172,22.297,-2.875,21.831,22.611,0.78
wake_5,wake,5,Emory KS,Kansas HP,Neg,34.65,34.184,-0.466,35.486,35.845,0.358
wake_5,wake,5,Northwestern LR,UC Berkeley MR,Neg,41.558,40.771,-0.787,33.72,34.596,0.876
wake_5,wake,5,CSU Long Beach OM,Michigan AM,Aff,37.121,37.145,0.024,24.942,24.892,-0.049
wake_5,wake,5,Kansas State RS,Minnesota HU,Neg,22.757,21.76,-0.997,24.758,25.16,0.403
wake_5,wake,5,Southern California BR,Missouri State HN,Aff,29.529,29.666,0.137,21.601,21.383,-0.218
wake_5,wake,5,Emory CR,Southern California AS,Neg,20.703,20.128,-0.576,25.057,26.512,1.455
wake_5,wake,5,Harvard BS,Northwestern HP,Aff,24.037,24.818,0.781,16.874,16.632,-0.242
wake_5,wake,5,Kansas BW,Southern California BM,Neg,29.041,28.548,-0.493,26.457,27.271,0.814
wake_5,wake,5,Georgetown KL,Minnesota MW,Aff,19.47,20.328,0.858,21.792,19.396,-2.396
wake_5,wake,5,Michigan State GS,Emory GS,Neg,33.093,33.044,-0.049,44.052,44.089,0.037
wake_5,wake,5,Michigan State JS,UTD DD,Neg,31.228,30.494,-0.735,25.318,26.55,1.231
wake_5,wake,5,Georgetown WC,CSU Long Beach ES,Neg,11.153,10.072,-1.081,15.821,16.319,0.498
wake_5,wake,5,Liberty TK,Western Kentucky IS,Aff,16.76,18.64,1.88,16.924,15.125,-1.799
wake_5,wake,5,West Point OS,West Georgia KM,Neg,16.791,15.689,-1.101,20.106,21.544,1.438
wake_5,wake,5,Texas FL,Binghamton CK,Neg,36.665,36.248,-0.417,39.146,39.344,0.197
wake_5,wake,5,Emory CT,Missouri State CG,Aff,23.688,24.457,0.769,22.215,21.49,-0.725
wake_5,wake,5,Georgetown AC,Kansas CS,Aff,40.616,40.622,0.006,23.892,23.878,-0.015
wake_5,wake,5,George Mason RS,Trinity BK,Aff,12.609,13.822,1.213,16.69,13.433,-3.257
wake_5,wake,5,Michigan AO,Emory LY,Neg,31.136,30.909,-0.227,35.022,35.237,0.215
wake_5,wake,5,Dartmouth GH (Guo/Hatton),Gonzaga RW,Aff,25.323,26.148,0.825,24.546,24.168,-0.378
wake_5,wake,5,Georgetown LN,Wake Forest HN,Neg,21.449,21.257,-0.192,27.702,27.851,0.149
wake_5,wake,5,Michigan BP,Kansas LS,Aff,43.718,44.018,0.3,43.822,43.458,-0.364
wake_5,wake,5,Kansas AU,UTD PR,Aff,34.447,34.75,0.302,31.497,31.266,-0.231
wake_5,wake,5,Western Kentucky CF,Northwestern AT,Neg,27.969,27.721,-0.248,35.694,35.81,0.117
wake_5,wake,5,Michigan ES,Harvard DS,Aff,37.234,37.465,0.231,33.196,32.89,-0.306
wake_5,wake,5,Southern Nazarene HS,Louisville VJ,Neg,13.836,13.252,-0.584,20.728,21.701,0.973
wake_5,wake,5,Georgia CK,Wake Forest DE,Neg,25.747,25.376,-0.371,27.579,28.0,0.421
wake_6,wake,6,Wake Forest SW,Emory CR,Neg,21.034,18.947,-2.087,20.128,21.113,0.985
wake_6,wake,6,UC Berkeley MR,Michigan ES,Aff,34.596,35.125,0.529,37.465,36.909,-0.555
wake_6,wake,6,Michigan SS (Shah/Shih),CSU Long Beach OM,Neg,38.491,38.054,-0.438,37.145,37.48,0.336
wake_6,wake,6,Missouri State NS,Georgia CK,Neg,24.337,23.774,-0.563,25.376,25.766,0.39
wake_6,wake,6,Northwestern HP,Houston SF,Neg,16.632,16.337,-0.295,22.297,23.102,0.805
wake_6,wake,6,Northwestern LL,Georgetown AC,Neg,26.256,26.238,-0.019,40.622,40.635,0.013
wake_6,wake,6,Texas GS,Navy LS,Aff,22.473,22.865,0.391,18.825,17.903,-0.921
wake_6,wake,6,Northwestern NP,Emory CT,Neg,35.003,33.774,-1.229,24.457,26.606,2.149
wake_6,wake,6,UT San Antonio CG,Georgetown LN,Neg,18.088,16.998,-1.09,21.257,21.554,0.296
wake_6,wake,6,Emory AS,Western Kentucky KN,Aff,26.989,27.437,0.448,24.186,23.676,-0.51
wake_6,wake,6,UTD PR,Emory CF (Cannaday/Feldman),Aff,31.266,31.412,0.146,25.841,25.129,-0.712
wake_6,wake,6,Wyoming WW,UTD HH,Neg,20.227,19.926,-0.301,23.708,24.047,0.339
wake_6,wake,6,Kansas HM,Indiana FT,Neg,12.363,11.461,-0.902,12.483,13.238,0.755
wake_6,wake,6,Kentucky RS,Cal State Fullerton MN,Neg,11.5,9.409,-2.091,9.968,11.5,1.532
wake_6,wake,6,Emory CG,Liberty SS,Aff,14.39,15.375,0.985,23.033,19.347,-3.686
wake_6,wake,6,Kansas BP (Pace/Blaser),Michigan State GS,Neg,23.24,23.061,-0.179,33.044,33.116,0.072
wake_6,wake,6,Kansas JB,Kentucky RW,Neg,27.67,27.281,-0.389,33.996,34.185,0.189
wake_6,wake,6,CSU Long Beach ES,West Point OS,Aff,16.319,17.099,0.78,15.689,14.258,-1.431
wake_6,wake,6,Northern Iowa CD,Wake Forest AB,Neg,15.527,14.936,-0.592,25.189,25.296,0.107
wake_6,wake,6,Emory RY,Kansas CF,Aff,33.573,33.732,0.158,28.2,27.549,-0.651
wake_6,wake,6,Northwestern AK,Kansas State RS,Neg,27.502,26.069,-1.433,21.76,23.622,1.862
wake_6,wake,6,Wake Forest DE,Western Kentucky CF,Aff,28.0,28.473,0.473,27.721,26.952,-0.769
wake_6,wake,6,Southern California MT,Michigan State JS,Neg,25.089,24.838,-0.251,30.494,30.667,0.173
wake_6,wake,6,Michigan State GL,Georgetown GT,Aff,39.419,39.441,0.023,26.044,26.008,-0.036
wake_6,wake,6,UTD KR,Iowa KS,Neg,16.209,15.636,-0.573,23.758,23.889,0.131
wake_6,wake,6,Iowa AP,Harvard BS,Aff,37.476,37.51,0.035,24.818,24.602,-0.216
wake_6,wake,6,Wichita State GM,Iowa BS,Aff,28.752,29.076,0.324,26.944,26.619,-0.325
wake_6,wake,6,Michigan State FM,Southern California BR,Neg,30.74,30.194,-0.546,29.666,30.215,0.55
wake_6,wake,6,George Mason DE,Missouri State BK,Aff,22.027,23.349,1.322,19.554,18.905,-0.649
wake_6,wake,6,Harvard/Amherst SL,Emory KW,Aff,12.21,13.837,1.628,15.907,14.727,-1.18
wake_6,wake,6,Kansas LS,Western Kentucky SS (Schintgen/StPeter),Aff,43.458,43.46,0.002,23.599,23.595,-0.004
wake_6,wake,6,Missouri State CG,Georgetown VP,Aff,21.49,22.178,0.688,20.357,19.474,-0.883
wake_6,wake,6,Wyoming CH,Liberty TK,Neg,20.761,20.262,-0.499,18.64,20.838,2.198
wake_6,wake,6,Wake Forest HN,Michigan AO,Neg,27.851,27.597,-0.254,30.909,31.159,0.25
wake_6,wake,6,Minnesota HU,Emory KS,Neg,25.16,25.049,-0.112,34.184,34.286,0.102
wake_6,wake,6,Kansas HL,Oklahoma DT,Aff,16.257,17.113,0.856,17.37,16.402,-0.968
wake_6,wake,6,Emory LY,Kansas OW,Neg,35.237,34.901,-0.336,35.907,36.221,0.315
wake_6,wake,6,Western Kentucky IS,Missouri State BC,Aff,15.125,15.87,0.745,8.863,8.157,-0.707
wake_6,wake,6,Southern California BM,NYU JT,Aff,27.271,27.728,0.457,25.971,25.231,-0.74
wake_6,wake,6,Louisville VJ,Kansas State AS,Neg,21.701,19.751,-1.95,21.971,22.668,0.697
wake_6,wake,6,Southern California AS,Baylor DL,Neg,26.512,25.378,-1.134,31.501,31.681,0.181
wake_6,wake,6,Georgia CP,George Mason RT,Neg,20.89,20.165,-0.724,19.928,21.154,1.226
wake_6,wake,6,Northwestern LW,Houston IH,Aff,25.503,25.8,0.297,21.364,20.23,-1.135
wake_6,wake,6,Northwestern AT,Kansas AU,Aff,35.81,36.162,0.351,34.75,34.372,-0.378
wake_6,wake,6,Harvard DS,Dartmouth GH (Guo/Hatton),Aff,32.89,33.07,0.18,26.148,25.853,-0.296
wake_6,wake,6,Kansas HP,Stanford LL,Aff,35.845,36.131,0.286,33.662,33.307,-0.355
wake_6,wake,6,Missouri State HN,Kansas BM,Neg,21.383,20.87,-0.514,24.174,24.441,0.268
wake_6,wake,6,Binghamton CK,Michigan BP,Neg,39.344,39.208,-0.136,44.018,44.16,0.141
wake_6,wake,6,Cal State Fullerton MA,Georgetown KL,Aff,19.954,21.429,1.475,20.328,19.633,-0.695
wake_6,wake,6,Kansas CS,Macalester WC,Aff,23.878,24.717,0.839,26.929,24.484,-2.445
wake_6,wake,6,Michigan AM,Dartmouth JR,Neg,24.892,24.442,-0.451,26.431,26.877,0.446
wake_6,wake,6,West Georgia KM,Kansas BW,Neg,21.544,20.789,-0.756,28.548,28.668,0.12
wake_6,wake,6,Rochester OR,Northern Iowa VM,Aff,16.215,16.937,0.723,11.567,10.306,-1.262
wake_6,wake,6,Towson DP,Texas SH,Aff,12.328,14.272,1.944,15.523,13.367,-2.155
wake_6,wake,6,Michigan BL,George Mason WW,Neg,21.957,21.777,-0.18,31.566,31.65,0.084
wake_6,wake,6,Binghamton PT,Kansas ST,Neg,11.365,11.28,-0.085,26.578,26.649,0.072
wake_6,wake,6,Trinity BK,Baylor MP,Neg,13.433,11.976,-1.457,15.424,15.925,0.5
wake_6,wake,6,Gonzaga RW,Navy CR,Aff,24.168,24.457,0.29,21.537,21.162,-0.375
wake_6,wake,6,Cal State Fullerton CD,Oklahoma BS,Neg,18.326,16.358,-1.968,16.643,17.574,0.931
wake_6,wake,6,"Massachusetts, Amherst LM",Emory ST,Aff,18.37,20.506,2.136,18.974,18.194,-0.78
wake_6,wake,6,UTD DD,Texas FL,Neg,26.55,26.436,-0.114,36.248,36.347,0.099
wake_6,wake,6,Baylor BK,UC Berkeley BU,Neg,22.611,22.379,-0.232,29.107,29.248,0.141
wake_6,wake,6,Iowa EW,Northwestern LR,Neg,30.401,30.339,-0.062,40.771,40.82,0.049
wake_6,wake,6,Wake Forest LW,Emory OP,Aff,31.638,31.955,0.317,28.483,28.017,-0.465
wake_6,wake,6,Kansas SS,Northwestern PS,Aff,30.796,31.756,0.96,37.104,36.238,-0.867
wake_6,wake,6,Emory GS,Michigan CC,Aff,44.089,44.122,0.034,32.787,32.739,-0.048
wake_6,wake,6,Liberty CL,George Mason RS,Aff,29.795,29.806,0.011,13.822,13.793,-0.029
wake_6,wake,6,Dartmouth BC,UTD HK,Neg,26.695,26.464,-0.231,31.886,32.124,0.239
wake_7,wake,7,Northwestern PS,Liberty TK,Aff,36.238,36.258,0.02,20.838,20.764,-0.073
wake_7,wake,7,Western Kentucky CF,Kansas State RS,Neg,26.952,25.974,-0.978,23.622,24.969,1.347
wake_7,wake,7,Kansas HP,Binghamton CK,Aff,36.131,36.665,0.534,39.208,38.826,-0.382
wake_7,wake,7,Wake Forest DE,Kansas AU,Neg,28.473,28.279,-0.194,34.372,34.537,0.165
wake_7,wake,7,Towson DP,Wake Forest SW,Aff,14.272,16.182,1.91,18.947,16.626,-2.32
wake_7,wake,7,Harvard DS,Kansas LS,Neg,33.07,32.997,-0.073,43.46,43.509,0.049
wake_7,wake,7,Dartmouth JR,Liberty CL,Neg,26.877,26.528,-0.35,29.806,30.05,0.244
wake_7,wake,7,George Mason RT,Iowa BS,Neg,21.154,20.694,-0.46,26.619,26.79,0.171
wake_7,wake,7,Texas GS,George Mason DE,Neg,22.865,22.318,-0.546,23.349,24.809,1.46
wake_7,wake,7,Northern Iowa CD,Missouri State BC,Neg,14.936,11.617,-3.319,8.157,10.435,2.279
wake_7,wake,7,Michigan BL,Southern California AS,Neg,21.777,21.273,-0.505,25.378,26.522,1.144
wake_7,wake,7,Michigan State GL,Michigan BP,Neg,39.441,39.258,-0.183,44.16,44.297,0.137
wake_7,wake,7,UC Berkeley MR,Emory GS,Neg,35.125,35.052,-0.072,44.122,44.184,0.061
wake_7,wake,7,Kansas OW,Iowa AP,Neg,36.221,35.942,-0.279,37.51,37.796,0.286
wake_7,wake,7,Kansas SS,Texas FL,Neg,31.756,31.513,-0.243,36.347,36.62,0.272
wake_7,wake,7,Michigan SS (Shah/Shih),Northwestern AT,Aff,38.054,38.326,0.272,36.162,35.86,-0.302
wake_7,wake,7,Michigan ES,CSU Long Beach OM,Neg,36.909,36.552,-0.357,37.48,37.736,0.256
wake_7,wake,7,Georgetown AC,Northwestern LR,Aff,40.635,40.971,0.336,40.82,40.465,-0.355
wake_7,wake,7,Emory AS,Northwestern NP,Neg,27.437,27.201,-0.236,33.774,33.953,0.179
wake_7,wake,7,Georgetown GT,Southern California BM,Aff,26.008,26.697,0.689,27.728,27.093,-0.635
wake_7,wake,7,Wichita State GM,Southern California BR,Neg,29.076,28.737,-0.339,30.215,30.613,0.398
wake_7,wake,7,Emory LY,UTD PR,Aff,34.901,35.114,0.213,31.412,31.21,-0.202
wake_7,wake,7,UTD DD,Michigan State GS,Aff,26.436,27.602,1.166,33.116,32.367,-0.75
wake_7,wake,7,UC Berkeley BU,Emory CT,Aff,29.248,29.51,0.262,26.606,26.065,-0.541
wake_7,wake,7,Kansas CS,Michigan CC,Neg,24.717,24.536,-0.181,32.739,32.853,0.114
wake_7,wake,7,Michigan State JS,Baylor DL,Neg,30.667,30.329,-0.337,31.681,32.021,0.339
wake_7,wake,7,Iowa EW,Wake Forest LW,Aff,30.339,30.854,0.516,31.955,31.382,-0.574
wake_7,wake,7,Northwestern LL,UTD HK,Aff,26.238,27.053,0.816,32.124,31.225,-0.9
wake_7,wake,7,George Mason WW,Michigan AO,Neg,31.65,31.184,-0.466,31.159,31.55,0.391
wake_7,wake,7,Emory RY,Kentucky RW,Neg,33.732,33.4,-0.332,34.185,34.648,0.462
wake_7,wake,7,Michigan AM,UTD HH,Neg,24.442,23.898,-0.544,24.047,24.592,0.545
wake_7,wake,7,"Massachusetts, Amherst LM",Michigan State FM,Aff,20.506,24.308,3.802,30.194,29.296,-0.898
wake_7,wake,7,Northwestern LW,Southern California MT,Neg,25.8,25.198,-0.602,24.838,25.434,0.596
wake_7,wake,7,Emory OP,Kansas BM,Aff,28.017,28.427,0.41,24.441,24.211,-0.23
wake_7,wake,7,NYU JT,Georgia CK,Neg,25.231,24.48,-0.751,25.766,26.156,0.39
wake_7,wake,7,Kansas JB,Iowa KS,Aff,27.281,27.868,0.587,23.889,23.633,-0.256
wake_7,wake,7,Missouri State CG,Western Kentucky SS (Schintgen/StPeter),Neg,22.178,21.552,-0.626,23.595,24.232,0.638
wake_7,wake,7,Kansas ST,Emory CF (Cannaday/Feldman),Aff,26.649,27.541,0.892,25.129,24.08,-1.049
wake_7,wake,7,Georgetown LN,Cal State Fullerton MA,Neg,21.554,21.114,-0.44,21.429,22.694,1.265
wake_7,wake,7,Kansas State AS,Dartmouth GH (Guo/Hatton),Aff,22.668,23.72,1.052,25.853,24.8,-1.052
wake_7,wake,7,Wake Forest HN,Dartmouth BC,Neg,27.597,27.172,-0.425,26.464,27.019,0.554
wake_7,wake,7,Kansas BW,Gonzaga RW,Neg,28.668,28.109,-0.558,24.457,25.096,0.638
wake_7,wake,7,Baylor BK,Wake Forest AB,Neg,22.379,21.97,-0.408,25.296,25.618,0.322
wake_7,wake,7,Emory CR,Harvard BS,Aff,21.113,22.286,1.173,24.602,22.307,-2.295
wake_7,wake,7,Emory ST,Southern Nazarene HS,Aff,18.194,18.581,0.387,13.252,12.525,-0.727
wake_7,wake,7,CSU Long Beach ES,Liberty SS,Neg,17.099,16.497,-0.602,19.347,20.396,1.049
wake_7,wake,7,Georgia CP,Emory CG,Aff,20.165,20.49,0.325,15.375,15.122,-0.253
wake_7,wake,7,Georgetown KL,Baylor MP,Aff,19.633,20.041,0.408,15.925,15.523,-0.402
wake_7,wake,7,UT San Antonio CG,George Mason RS,Aff,16.998,17.917,0.919,13.793,13.221,-0.572
wake_7,wake,7,Kansas HL,Harvard/Amherst SL,Aff,17.113,17.565,0.452,13.837,13.179,-0.658
wake_7,wake,7,Northwestern HP,Missouri State BK,Neg,16.337,15.881,-0.456,18.905,19.544,0.639
wake_7,wake,7,Missouri State NS,West Georgia KM,Aff,23.774,24.146,0.372,20.789,19.594,-1.194
wake_7,wake,7,Navy CR,Northwestern AK,Neg,21.162,20.917,-0.245,26.069,26.468,0.399
wake_7,wake,7,Georgetown WC,Texas SH,Aff,10.072,12.187,2.115,13.367,11.543,-1.824
wake_7,wake,7,Cal State Fullerton CD,Emory KW,Neg,16.358,14.7,-1.658,14.727,15.581,0.854
wake_7,wake,7,UTD KR,Trinity BK,Neg,15.636,13.719,-1.918,11.976,13.998,2.022
wake_7,wake,7,Cal State Fullerton MN,West Point OS,Aff,11.5,13.094,1.595,14.258,12.596,-1.662
wake_7,wake,7,Kansas HM,Kentucky RS,Neg,11.461,10.523,-0.938,9.409,11.364,1.956
wake_7,wake,7,Emory KS,Stanford LL,Aff,34.286,34.707,0.421,33.307,32.911,-0.396
wake_7,wake,7,Houston SF,Kansas CF,Aff,23.102,25.237,2.135,27.549,25.881,-1.668
wake_7,wake,7,Western Kentucky KN,Macalester WC,Aff,23.676,24.362,0.686,24.484,22.866,-1.618
wake_7,wake,7,Kansas BP (Pace/Blaser),Minnesota HU,Aff,23.061,24.177,1.116,25.049,24.435,-0.614
wake_7,wake,7,Oklahoma DT,Wyoming WW,Neg,16.402,15.904,-0.498,19.926,20.208,0.282
wake_7,wake,7,Navy LS,Wyoming CH,Neg,17.903,16.925,-0.979,20.262,20.565,0.302
wake_7,wake,7,Oklahoma BS,Louisville VJ,Neg,17.574,17.008,-0.566,19.751,21.048,1.297
wake_7,wake,7,Western Kentucky IS,Indiana FT,Aff,15.87,16.995,1.125,13.238,12.75,-0.488
wake_7,wake,7,Houston IH,Georgetown VP,Neg,20.23,18.534,-1.696,19.474,20.387,0.913
wake_7,wake,7,Binghamton PT,Northern Iowa VM,Aff,11.28,12.331,1.051,10.306,8.651,-1.654
wake_dubs,wake,dubs,Northwestern LL,Emory GS,Neg,27.053,27.047,-0.006,44.184,44.188,0.004
wake_dubs,wake,dubs,Michigan BP,Kansas AU,Aff,44.297,44.341,0.044,34.537,34.471,-0.066
wake_dubs,wake,dubs,Emory KS,Kansas LS,Neg,34.707,34.61,-0.097,43.509,43.58,0.071
wake_dubs,wake,dubs,CSU Long Beach OM,UC Berkeley BU,Aff,37.736,37.799,0.063,29.51,29.421,-0.089
wake_dubs,wake,dubs,UTD DD,Georgetown AC,Neg,27.602,27.569,-0.033,40.971,40.989,0.018
wake_dubs,wake,dubs,Michigan SS (Shah/Shih),Georgetown GT,Aff,38.326,38.361,0.034,26.697,26.642,-0.055
wake_dubs,wake,dubs,Northwestern PS,UC Berkeley MR,Neg,36.258,35.754,-0.504,35.052,35.464,0.412
wake_dubs,wake,dubs,Kansas HP,Michigan CC,Aff,36.665,36.868,0.203,32.853,32.607,-0.246
wake_dubs,wake,dubs,Northwestern LR,Iowa AP,Neg,40.465,40.013,-0.453,37.796,38.24,0.444
wake_dubs,wake,dubs,Texas FL,Iowa EW,Neg,36.62,35.703,-0.916,30.854,31.58,0.726
wake_dubs,wake,dubs,Northwestern AT,Binghamton CK,Neg,35.86,35.612,-0.248,38.826,38.997,0.171
wake_dubs,wake,dubs,Kansas SS,Emory LY,Neg,31.513,31.236,-0.277,35.114,35.316,0.202
wake_dubs,wake,dubs,Baylor DL,Michigan State GL,Neg,32.021,31.909,-0.112,39.258,39.366,0.108
wake_dubs,wake,dubs,Kansas OW,Northwestern NP,Aff,35.942,36.184,0.242,33.953,33.593,-0.36
wake_dubs,wake,dubs,Michigan ES,Kentucky RW,Aff,36.552,36.832,0.28,34.648,34.289,-0.359
wake_dubs,wake,dubs,Liberty CL,Harvard DS,Aff,30.05,30.542,0.492,32.997,32.308,-0.689
wake_octas,wake,octas,Emory GS,Liberty CL,Aff,44.188,44.203,0.015,30.542,30.525,-0.017
wake_octas,wake,octas,Michigan State GL,CSU Long Beach OM,Aff,39.366,39.654,0.288,37.799,37.585,-0.215
wake_octas,wake,octas,Georgetown AC,Emory LY,Neg,40.989,40.419,-0.57,35.316,35.916,0.601
wake_octas,wake,octas,Binghamton CK,Michigan SS (Shah/Shih),Neg,38.997,38.721,-0.276,38.361,38.73,0.369
wake_octas,wake,octas,UC Berkeley MR,Iowa EW,Aff,35.464,35.659,0.195,31.58,31.36,-0.22
wake_octas,wake,octas,Iowa AP,Kansas HP,Neg,38.24,37.872,-0.368,36.868,37.275,0.407
wake_quarters,wake,quarters,Emory GS,Kansas HP,Aff,44.203,44.301,0.097,37.275,37.171,-0.105
wake_quarters,wake,quarters,UC Berkeley MR,Michigan BP,Neg,35.659,35.588,-0.071,44.341,44.398,0.057
wake_quarters,wake,quarters,Kansas LS,Michigan SS (Shah/Shih),Aff,43.58,43.741,0.16,38.73,38.575,-0.155
wake_quarters,wake,quarters,Emory LY,Michigan State GL,Neg,35.916,35.733,-0.183,39.654,39.852,0.198
wake_semis,wake,semis,Michigan State GL,Emory GS,Neg,39.852,39.682,-0.17,44.301,44.456,0.155
wake_semis,wake,semis,Kansas LS,Michigan BP,Aff,43.741,44.097,0.357,44.398,44.105,-0.293
wake_finals,wake,finals,Emory GS,Kansas LS,Neg,44.456,44.146,-0.309,44.097,44.427,0.329
gt_1,gt,1,Georgetown AC,Kansas BC,Aff,40.419,40.451,0.032,25.0,24.057,-0.943
gt_1,gt,1,Michigan BL,Michigan State GS,Neg,21.273,21.164,-0.109,32.367,32.414,0.047
gt_1,gt,1,Dartmouth BC,Kansas MS,Neg,27.019,26.853,-0.166,33.537,34.479,0.942
gt_1,gt,1,Michigan State FM,Northwestern HP,Aff,29.296,29.323,0.027,15.881,15.842,-0.04
gt_1,gt,1,Kentucky GS,Minnesota HU,Aff,32.084,32.181,0.098,24.435,24.297,-0.138
gt_1,gt,1,Utah PP,Michigan State JS,Neg,25.0,21.635,-3.365,30.329,30.472,0.143
gt_1,gt,1,Wake Forest DE,Michigan State GL,Neg,28.279,28.229,-0.05,39.682,39.716,0.034
gt_1,gt,1,Kansas BW,Dartmouth GH (Guo/Hatton),Neg,28.109,27.642,-0.467,24.8,25.825,1.024
gt_1,gt,1,CSU Long Beach OM,Northwestern LL,Aff,37.585,37.619,0.034,27.047,26.991,-0.057
gt_1,gt,1,Baylor MP,UTD HK,Neg,15.523,15.504,-0.019,31.225,31.238,0.014
gt_1,gt,1,Dartmouth JR,Michigan BP,Neg,26.528,26.522,-0.006,44.105,44.108,0.003
gt_1,gt,1,George Mason WW,Northwestern LO,Aff,31.184,31.219,0.034,16.625,16.336,-0.29
gt_1,gt,1,Dartmouth CG,Michigan AM,Aff,31.253,31.351,0.098,23.898,23.75,-0.148
gt_1,gt,1,Missouri State NS,Emory KS,Neg,24.146,24.061,-0.085,34.61,34.675,0.065
gt_1,gt,1,Georgia CP,NYU MS,Neg,20.49,20.412,-0.078,31.949,32.07,0.121
gt_1,gt,1,Michigan CC,Kansas HL,Aff,32.607,32.622,0.015,17.565,17.539,-0.026
gt_1,gt,1,Emory LY,Northwestern LW,Aff,35.733,35.775,0.041,25.198,25.128,-0.071
gt_1,gt,1,UC Berkeley LS,Baylor DL,Neg,25.0,22.135,-2.865,31.909,32.029,0.12
gt_1,gt,1,Georgetown LN,Northwestern LR,Neg,21.114,21.111,-0.003,40.013,40.015,0.002
gt_1,gt,1,Wake Forest LW,Harvard FK,Aff,31.382,31.382,0.0,5.967,5.966,-0.001
gt_1,gt,1,Northwestern PS,Emory/Columbia AH,Aff,35.754,35.841,0.088,25.0,23.164,-1.836
gt_1,gt,1,Western Kentucky SS (Schintgen/StPeter),Harvard DS,Neg,24.232,24.037,-0.195,32.308,32.429,0.121
gt_1,gt,1,Western Kentucky KN,Emory GS,Neg,24.362,24.358,-0.003,44.146,44.148,0.001
gt_1,gt,1,Kentucky SR,Northwestern AK,Aff,28.902,32.4,3.497,26.468,26.048,-0.42
gt_1,gt,1,UC Berkeley MR,Baylor BK,Aff,35.588,35.606,0.018,21.97,21.938,-0.032
gt_1,gt,1,Harvard JS,Emory RY,Neg,25.526,25.018,-0.508,33.4,33.496,0.096
gt_1,gt,1,Harvard AB,Iowa AP,Neg,28.761,28.655,-0.105,37.872,37.93,0.059
gt_1,gt,1,Kansas AU,Rochester OR,Aff,34.471,34.479,0.008,16.937,16.908,-0.029
gt_1,gt,1,Binghamton CK,Texas FL,Aff,38.721,38.881,0.16,35.703,35.389,-0.314
gt_1,gt,1,UC Berkeley GS,Kansas SS,Neg,25.144,24.82,-0.324,31.236,31.407,0.171
gt_1,gt,1,Georgia CK,Kansas LS,Neg,26.156,26.153,-0.003,44.427,44.429,0.002
gt_1,gt,1,Iowa EW,Dartmouth BG,Aff,31.36,31.371,0.011,14.491,14.434,-0.057
gt_1,gt,1,Michigan SS (Shah/Shih),Kansas JB,Aff,38.575,38.618,0.044,27.868,27.744,-0.124
gt_1,gt,1,"Massachusetts, Amherst LM",Northwestern AT,Neg,24.308,24.112,-0.196,35.612,35.66,0.047
gt_1,gt,1,Iowa BS,Michigan ES,Neg,26.79,26.731,-0.059,36.832,36.886,0.054
gt_1,gt,1,UTD PR,Dartmouth GH (Hant/Gonzalez Arce),Aff,31.21,31.247,0.037,19.127,18.897,-0.23
gt_1,gt,1,Northwestern NP,Wichita State GM,Aff,33.593,33.809,0.216,28.737,28.554,-0.183
gt_1,gt,1,Cornell MD,Michigan AO,Neg,17.78,16.885,-0.895,31.55,31.595,0.046
gt_1,gt,1,Gonzaga WW,Kansas OW,Aff,26.956,31.746,4.789,36.184,35.645,-0.539
gt_1,gt,1,George Mason DE,Emory CR,Neg,24.809,23.141,-1.668,22.286,23.308,1.022
gt_1,gt,1,Kansas HP,Macalester WK,Aff,37.171,37.316,0.145,32.922,29.965,-2.957
gt_1,gt,1,Harvard CS,UC Berkeley BU,Neg,21.628,21.004,-0.624,29.421,29.527,0.106
gt_2,gt,2,Michigan State GS,Georgetown AC,Neg,32.414,32.321,-0.093,40.451,40.526,0.074
gt_2,gt,2,Kansas BC,Michigan BL,Aff,24.057,27.733,3.676,21.164,20.747,-0.417
gt_2,gt,2,Northwestern HP,Dartmouth BC,Neg,15.842,15.762,-0.08,26.853,26.909,0.056
gt_2,gt,2,Kansas MS,Michigan State FM,Aff,34.479,35.472,0.992,29.323,29.129,-0.194
gt_2,gt,2,Michigan State JS,Kentucky GS,Neg,30.472,30.181,-0.291,32.181,32.457,0.276
gt_2,gt,2,Minnesota HU,Utah PP,Aff,24.297,24.558,0.261,21.635,18.49,-3.144
gt_2,gt,2,Dartmouth GH (Guo/Hatton),Wake Forest DE,Neg,25.825,25.357,-0.468,28.229,28.557,0.328
gt_2,gt,2,Michigan State GL,Kansas BW,Aff,39.716,39.742,0.026,27.642,27.615,-0.027
gt_2,gt,2,UTD HK,CSU Long Beach OM,Neg,31.238,31.07,-0.168,37.619,37.709,0.091
gt_2,gt,2,Northwestern LL,Baylor MP,Aff,26.991,27.037,0.047,15.504,15.431,-0.072
gt_2,gt,2,Northwestern LO,Dartmouth JR,Neg,16.336,15.682,-0.654,26.522,26.622,0.1
gt_2,gt,2,Michigan BP,George Mason WW,Aff,44.108,44.125,0.017,31.219,31.192,-0.027
gt_2,gt,2,Emory KS,Dartmouth CG,Aff,34.675,34.951,0.276,31.351,31.147,-0.204
gt_2,gt,2,Michigan AM,Missouri State NS,Neg,23.75,23.296,-0.454,24.061,24.599,0.538
gt_2,gt,2,Kansas HL,Georgia CP,Neg,17.539,17.082,-0.457,20.412,20.817,0.405
gt_2,gt,2,NYU MS,Michigan CC,Aff,32.07,33.036,0.966,32.622,32.211,-0.412
gt_2,gt,2,Baylor DL,Emory LY,Neg,32.029,31.818,-0.21,35.775,35.951,0.176
gt_2,gt,2,Northwestern LW,UC Berkeley LS,Aff,25.128,25.392,0.265,22.135,18.995,-3.14
gt_2,gt,2,Harvard FK,Georgetown LN,Neg,5.966,5.906,-0.06,21.111,21.131,0.02
gt_2,gt,2,Northwestern LR,Wake Forest LW,Aff,40.015,40.084,0.069,31.382,31.282,-0.1
gt_2,gt,2,Harvard DS,Northwestern PS,Aff,32.429,33.085,0.656,35.841,35.25,-0.591
gt_2,gt,2,Emory/Columbia AH,Western Kentucky SS (Schintgen/StPeter),Neg,23.164,19.082,-4.082,24.037,24.48,0.443
gt_2,gt,2,Northwestern AK,Western Kentucky KN,Neg,26.048,25.189,-0.858,24.358,25.124,0.766
gt_2,gt,2,Emory GS,Kentucky SR,Aff,44.148,44.192,0.044,32.4,31.701,-0.699
gt_2,gt,2,Emory RY,UC Berkeley MR,Neg,33.496,33.242,-0.254,35.606,35.853,0.247
gt_2,gt,2,Baylor BK,Harvard JS,Aff,21.938,22.637,0.7,25.018,23.062,-1.956
gt_2,gt,2,Rochester OR,Harvard AB,Neg,16.908,16.739,-0.169,28.655,28.718,0.062
gt_2,gt,2,Iowa AP,Kansas AU,Neg,37.93,37.496,-0.434,34.479,35.067,0.588
gt_2,gt,2,Kansas SS,Binghamton CK,Neg,31.407,31.284,-0.123,38.881,38.949,0.068
gt_2,gt,2,Texas FL,UC Berkeley GS,Neg,35.389,34.294,-1.095,24.82,26.722,1.902
gt_2,gt,2,Dartmouth BG,Georgia CK,Neg,14.434,14.198,-0.236,26.153,26.206,0.053
gt_2,gt,2,Kansas LS,Iowa EW,Aff,44.429,44.447,0.018,31.371,31.348,-0.023
gt_2,gt,2,Northwestern AT,Michigan SS (Shah/Shih),Neg,35.66,35.423,-0.236,38.618,38.824,0.206
gt_2,gt,2,Kansas JB,"Massachusetts, Amherst LM",Aff,27.744,28.228,0.485,24.112,23.319,-0.793
gt_2,gt,2,Dartmouth GH (Hant/Gonzalez Arce),Iowa BS,Neg,18.897,18.364,-0.533,26.731,26.84,0.109
gt_2,gt,2,Michigan ES,UTD PR,Aff,36.886,37.03,0.144,31.247,31.114,-0.133
gt_2,gt,2,Michigan AO,Northwestern NP,Neg,31.595,31.335,-0.26,33.809,34.128,0.319
gt_2,gt,2,Wichita State GM,Cornell MD,Aff,28.554,28.618,0.064,16.885,15.863,-1.022
gt_2,gt,2,Emory CR,Gonzaga WW,Neg,23.308,23.093,-0.215,31.746,32.238,0.493
gt_2,gt,2,Kansas OW,George Mason DE,Aff,35.645,35.672,0.027,23.141,23.026,-0.115
gt_2,gt,2,UC Berkeley BU,Kansas HP,Aff,29.527,30.305,0.778,37.316,36.632,-0.684
gt_2,gt,2,Macalester WK,Harvard CS,Aff,29.965,31.136,1.171,21.004,20.509,-0.495
gt_3,gt,3,Macalester WK,Emory GS,Neg,31.136,30.694,-0.441,44.192,44.225,0.033
gt_3,gt,3,CSU Long Beach OM,Gonzaga WW,Aff,37.709,37.816,0.107,32.238,31.499,-0.739
gt_3,gt,3,Kansas AU,NYU MS,Neg,35.067,34.617,-0.45,33.036,34.061,1.025
gt_3,gt,3,Kansas LS,Michigan State GL,Aff,44.447,44.595,0.148,39.742,39.586,-0.156
gt_3,gt,3,UC Berkeley BU,Georgetown AC,Neg,30.305,30.256,-0.049,40.526,40.568,0.042
gt_3,gt,3,UC Berkeley MR,Kentucky GS,Aff,35.853,36.049,0.195,32.457,32.251,-0.207
gt_3,gt,3,Michigan SS (Shah/Shih),Northwestern LR,Neg,38.824,38.566,-0.258,40.084,40.351,0.267
gt_3,gt,3,Emory KS,Kansas MS,Neg,34.951,34.601,-0.35,35.472,37.04,1.568
gt_3,gt,3,Michigan BP,Binghamton CK,Aff,44.125,44.242,0.117,38.949,38.842,-0.107
gt_3,gt,3,Emory LY,Northwestern NP,Aff,35.951,36.181,0.23,34.128,33.804,-0.325
gt_3,gt,3,Michigan ES,Harvard DS,Aff,37.03,37.221,0.19,33.085,32.844,-0.241
gt_3,gt,3,Kansas SS,George Mason DE,Aff,31.284,31.392,0.108,23.026,22.714,-0.312
gt_3,gt,3,Harvard AB,Michigan CC,Neg,28.718,28.407,-0.311,32.211,32.446,0.236
gt_3,gt,3,Wake Forest DE,Kansas JB,Neg,28.557,28.116,-0.441,28.228,29.03,0.801
gt_3,gt,3,Emory CR,Iowa AP,Neg,23.093,23.057,-0.036,37.496,37.509,0.013
gt_3,gt,3,Iowa EW,Dartmouth BC,Aff,31.348,31.54,0.192,26.909,26.68,-0.229
gt_3,gt,3,Northwestern LW,Western Kentucky KN,Neg,25.392,24.896,-0.496,25.124,25.745,0.621
gt_3,gt,3,UTD HK,Michigan State JS,Aff,31.07,31.471,0.401,30.181,29.87,-0.311
gt_3,gt,3,UC Berkeley GS,Emory RY,Neg,26.722,26.476,-0.246,33.242,33.356,0.114
gt_3,gt,3,Kansas HP,Iowa BS,Aff,36.632,36.681,0.049,26.84,26.779,-0.061
gt_3,gt,3,Minnesota HU,Dartmouth CG,Neg,24.558,24.395,-0.163,31.147,31.257,0.11
gt_3,gt,3,Baylor DL,Georgia CK,Aff,31.818,31.964,0.146,26.206,26.032,-0.173
gt_3,gt,3,Dartmouth JR,Northwestern LL,Neg,26.622,26.16,-0.462,27.037,27.427,0.39
gt_3,gt,3,Michigan AO,George Mason WW,Neg,31.335,30.99,-0.345,31.192,31.611,0.42
gt_3,gt,3,Wichita State GM,Kentucky SR,Aff,28.618,28.988,0.37,31.701,27.782,-3.918
gt_3,gt,3,Michigan State GS,Dartmouth GH (Guo/Hatton),Aff,32.321,32.438,0.118,25.357,25.157,-0.201
gt_3,gt,3,Georgia CP,Northwestern PS,Neg,20.817,20.792,-0.025,35.25,35.267,0.017
gt_3,gt,3,Georgetown LN,Kansas OW,Neg,21.131,21.114,-0.017,35.672,35.683,0.011
gt_3,gt,3,Baylor BK,Northwestern AT,Neg,22.637,22.598,-0.039,35.423,35.448,0.025
gt_3,gt,3,Kansas BC,Western Kentucky SS (Schintgen/StPeter),Aff,27.733,30.294,2.562,24.48,24.117,-0.363
gt_3,gt,3,Wake Forest LW,UTD PR,Aff,31.282,31.717,0.435,31.114,30.809,-0.305
gt_3,gt,3,Michigan State FM,Missouri State NS,Aff,29.129,29.344,0.215,24.599,24.326,-0.274
gt_3,gt,3,Northwestern LO,Texas FL,Aff,15.682,23.713,8.031,34.294,33.118,-1.176
gt_3,gt,3,Baylor MP,Utah PP,Neg,15.431,15.077,-0.354,18.49,20.695,2.204
gt_3,gt,3,Northwestern HP,Harvard CS,Neg,15.762,15.467,-0.295,20.509,21.357,0.848
gt_3,gt,3,Kansas BW,Dartmouth GH (Hant/Gonzalez Arce),Aff,27.615,27.684,0.068,18.364,18.004,-0.36
gt_3,gt,3,Kansas HL,Dartmouth BG,Neg,17.082,16.323,-0.759,14.198,16.234,2.036
gt_3,gt,3,"Massachusetts, Amherst LM",Emory/Columbia AH,Aff,23.319,23.91,0.591,19.082,17.053,-2.029
gt_3,gt,3,Northwestern AK,Harvard FK,Aff,25.189,25.197,0.008,5.906,5.891,-0.015
gt_3,gt,3,UC Berkeley LS,Harvard JS,Aff,18.995,23.168,4.173,23.062,21.722,-1.34
gt_3,gt,3,Michigan BL,Cornell MD,Neg,20.747,19.904,-0.843,15.863,21.028,5.165
gt_4,gt,4,Georgetown AC,Emory LY,Neg,40.568,40.091,-0.477,36.181,36.649,0.467
gt_4,gt,4,Northwestern LR,Michigan ES,Aff,40.351,40.546,0.195,37.221,37.008,-0.212
gt_4,gt,4,Emory GS,Michigan BP,Aff,44.225,44.511,0.286,44.242,43.984,-0.258
gt_4,gt,4,Kansas MS,UC Berkeley MR,Aff,37.04,38.303,1.262,36.049,35.802,-0.247
gt_4,gt,4,NYU MS,Kansas LS,Neg,34.061,33.952,-0.108,44.595,44.637,0.041
gt_4,gt,4,Kansas OW,CSU Long Beach OM,Neg,35.683,35.459,-0.224,37.816,38.003,0.187
gt_4,gt,4,Harvard DS,Northwestern LO,Aff,32.844,32.936,0.092,23.713,23.287,-0.426
gt_4,gt,4,Michigan State GL,UC Berkeley LS,Aff,39.586,39.6,0.014,23.168,23.038,-0.129
gt_4,gt,4,Northwestern NP,Michigan State FM,Neg,33.804,33.171,-0.633,29.344,29.999,0.655
gt_4,gt,4,Binghamton CK,Kansas BC,Aff,38.842,38.903,0.061,30.294,29.349,-0.946
gt_4,gt,4,Emory RY,Wichita State GM,Aff,33.356,33.523,0.167,28.988,28.801,-0.187
gt_4,gt,4,Michigan CC,Michigan State GS,Aff,32.446,32.824,0.377,32.438,32.082,-0.357
gt_4,gt,4,Kentucky GS,Kansas HP,Neg,32.251,32.083,-0.168,36.681,36.836,0.155
gt_4,gt,4,Western Kentucky KN,Wake Forest LW,Neg,25.745,25.518,-0.227,31.717,31.882,0.165
gt_4,gt,4,Iowa AP,Kansas SS,Aff,37.509,37.615,0.107,31.392,31.235,-0.156
gt_4,gt,4,Northwestern PS,Kansas AU,Aff,35.267,35.622,0.355,34.617,34.287,-0.33
gt_4,gt,4,Northwestern LL,UTD HK,Aff,27.427,28.039,0.612,31.471,30.811,-0.66
gt_4,gt,4,Gonzaga WW,Baylor DL,Neg,31.499,30.193,-1.306,31.964,32.255,0.291
gt_4,gt,4,Northwestern AT,Iowa EW,Neg,35.448,34.921,-0.527,31.54,32.094,0.554
gt_4,gt,4,Dartmouth CG,UC Berkeley BU,Neg,31.257,30.903,-0.354,30.256,30.639,0.383
gt_4,gt,4,George Mason WW,Michigan SS (Shah/Shih),Neg,31.611,31.486,-0.125,38.566,38.659,0.093
gt_4,gt,4,Kansas JB,Emory KS,Neg,29.03,28.72,-0.31,34.601,34.774,0.173
gt_4,gt,4,Kentucky SR,"Massachusetts, Amherst LM",Aff,27.782,29.136,1.354,23.91,23.303,-0.607
gt_4,gt,4,Georgia CK,Rochester OR,Aff,26.032,26.116,0.083,16.739,16.458,-0.281
gt_4,gt,4,UTD PR,Northwestern AK,Aff,30.809,30.935,0.126,25.197,24.908,-0.289
gt_4,gt,4,Michigan State JS,Emory CR,Aff,29.87,29.983,0.113,23.057,22.794,-0.263
gt_4,gt,4,Dartmouth GH (Guo/Hatton),Northwestern LW,Neg,25.157,24.559,-0.597,24.896,25.366,0.47
gt_4,gt,4,Dartmouth BC,Kansas BW,Neg,26.68,26.305,-0.374,27.684,27.962,0.278
gt_4,gt,4,Western Kentucky SS (Schintgen/StPeter),Minnesota HU,Neg,24.117,23.491,-0.626,24.395,24.82,0.425
gt_4,gt,4,Iowa BS,UC Berkeley GS,Neg,26.779,26.405,-0.373,26.476,27.146,0.67
gt_4,gt,4,Missouri State NS,Baylor BK,Aff,24.326,24.725,0.4,22.598,22.178,-0.42
gt_4,gt,4,Harvard CS,Michigan AO,Neg,21.357,21.053,-0.304,30.99,31.053,0.063
gt_4,gt,4,Dartmouth BG,Harvard AB,Neg,16.234,16.08,-0.154,28.407,28.46,0.053
gt_4,gt,4,Cornell MD,Georgia CP,Neg,21.028,18.463,-2.565,20.792,21.266,0.474
gt_4,gt,4,Texas FL,Dartmouth JR,Aff,33.118,33.248,0.13,26.16,26.01,-0.15
gt_4,gt,4,Emory/Columbia AH,Wake Forest DE,Neg,17.053,16.489,-0.565,28.116,28.187,0.071
gt_4,gt,4,Utah PP,Georgetown LN,Neg,20.695,18.356,-2.339,21.114,21.463,0.35
gt_4,gt,4,Dartmouth GH (Hant/Gonzalez Arce),Macalester WK,Neg,18.004,17.793,-0.211,30.694,31.161,0.467
gt_4,gt,4,George Mason DE,Northwestern HP,Aff,22.714,23.072,0.358,15.467,15.28,-0.186
gt_4,gt,4,Harvard JS,Michigan BL,Aff,21.722,22.596,0.873,19.904,19.354,-0.55
gt_4,gt,4,Harvard FK,Kansas HL,Neg,5.891,5.676,-0.215,16.323,16.423,0.1
gt_5,gt,5,Kansas LS,CSU Long Beach OM,Aff,44.637,44.734,0.098,38.003,37.921,-0.081
gt_5,gt,5,Emory LY,Northwestern LR,Neg,36.649,36.493,-0.156,40.546,40.713,0.167
gt_5,gt,5,Emory GS,Kansas MS,Aff,44.511,44.613,0.102,38.303,37.8,-0.502
gt_5,gt,5,Kansas BW,Michigan BP,Neg,27.962,27.956,-0.006,43.984,43.988,0.005
gt_5,gt,5,UC Berkeley MR,Michigan State FM,Aff,35.802,35.922,0.12,29.999,29.844,-0.155
gt_5,gt,5,Northwestern PS,Georgetown AC,Neg,35.622,35.431,-0.191,40.091,40.234,0.144
gt_5,gt,5,Michigan SS (Shah/Shih),Wake Forest LW,Aff,38.659,38.754,0.095,31.882,31.746,-0.135
gt_5,gt,5,Northwestern LL,Michigan ES,Neg,28.039,27.964,-0.075,37.008,37.072,0.064
gt_5,gt,5,Emory KS,Iowa AP,Neg,34.774,34.506,-0.268,37.615,37.803,0.187
gt_5,gt,5,Iowa EW,NYU MS,Neg,32.094,31.835,-0.259,33.952,34.519,0.566
gt_5,gt,5,Emory RY,Michigan CC,Aff,33.523,33.808,0.285,32.824,32.492,-0.331
gt_5,gt,5,Harvard DS,UC Berkeley BU,Neg,32.936,32.407,-0.529,30.639,31.06,0.42
gt_5,gt,5,Binghamton CK,Baylor DL,Neg,38.903,38.44,-0.462,32.255,32.915,0.66
gt_5,gt,5,Kansas HP,Michigan State GL,Aff,36.836,37.241,0.406,39.6,39.173,-0.427
gt_5,gt,5,Dartmouth CG,Kansas HL,Aff,30.903,30.915,0.012,16.423,16.399,-0.024
gt_5,gt,5,Minnesota HU,George Mason WW,Neg,24.82,24.673,-0.147,31.486,31.617,0.13
gt_5,gt,5,Kentucky GS,Georgia CP,Neg,32.083,31.271,-0.812,21.266,22.706,1.441
gt_5,gt,5,Michigan State JS,Kansas SS,Aff,29.983,30.367,0.384,31.235,30.769,-0.466
gt_5,gt,5,Northwestern NP,Wake Forest DE,Aff,33.171,33.346,0.175,28.187,27.99,-0.197
gt_5,gt,5,Northwestern LW,UTD HK,Neg,25.366,25.174,-0.192,30.811,30.986,0.174
gt_5,gt,5,Macalester WK,UC Berkeley GS,Aff,31.161,32.757,1.596,27.146,26.837,-0.31
gt_5,gt,5,Harvard AB,Northwestern AT,Neg,28.46,28.288,-0.172,34.921,35.036,0.115
gt_5,gt,5,Kansas OW,Michigan AO,Aff,35.459,35.608,0.15,31.053,30.885,-0.169
gt_5,gt,5,Georgetown LN,Kansas AU,Neg,21.463,21.434,-0.03,34.287,34.311,0.024
gt_5,gt,5,Kentucky SR,Kansas JB,Aff,29.136,30.895,1.759,28.72,28.163,-0.557
gt_5,gt,5,Kansas BC,Western Kentucky KN,Aff,29.349,30.927,1.579,25.518,25.23,-0.289
gt_5,gt,5,Michigan State GS,Wichita State GM,Aff,32.082,32.297,0.215,28.801,28.584,-0.217
gt_5,gt,5,Georgia CK,Missouri State NS,Aff,26.116,26.441,0.325,24.725,24.324,-0.401
gt_5,gt,5,Gonzaga WW,UTD PR,Neg,30.193,29.098,-1.094,30.935,31.185,0.25
gt_5,gt,5,Cornell MD,Baylor BK,Neg,18.463,17.181,-1.282,22.178,22.455,0.276
gt_5,gt,5,Dartmouth GH (Guo/Hatton),Utah PP,Aff,24.559,24.77,0.211,18.356,17.485,-0.871
gt_5,gt,5,Rochester OR,Dartmouth BC,Neg,16.458,16.226,-0.232,26.305,26.379,0.074
gt_5,gt,5,Dartmouth JR,"Massachusetts, Amherst LM",Aff,26.01,26.308,0.298,23.303,22.585,-0.718
gt_5,gt,5,Northwestern AK,Iowa BS,Neg,24.908,24.383,-0.526,26.405,26.691,0.285
gt_5,gt,5,UC Berkeley LS,Northwestern LO,Neg,23.038,20.976,-2.062,23.287,24.579,1.292
gt_5,gt,5,Emory CR,Harvard CS,Aff,22.794,23.332,0.537,21.053,20.003,-1.05
gt_5,gt,5,Texas FL,Harvard JS,Neg,33.248,32.326,-0.922,22.596,25.108,2.513
gt_5,gt,5,Dartmouth BG,Western Kentucky SS (Schintgen/StPeter),Neg,16.08,15.658,-0.422,23.491,23.681,0.19
gt_5,gt,5,George Mason DE,Baylor MP,Aff,23.072,23.36,0.288,15.077,14.909,-0.168
gt_5,gt,5,Dartmouth GH (Hant/Gonzalez Arce),Michigan BL,Neg,17.793,16.69,-1.103,19.354,19.875,0.521
gt_5,gt,5,Harvard FK,Emory/Columbia AH,Neg,5.676,5.449,-0.227,16.489,17.032,0.543
gt_6,gt,6,Northwestern LR,Emory GS,Neg,40.713,40.55,-0.163,44.613,44.765,0.152
gt_6,gt,6,Iowa AP,Kansas LS,Neg,37.803,37.717,-0.086,44.734,44.825,0.09
gt_6,gt,6,Georgetown AC,Michigan State JS,Aff,40.234,40.277,0.043,30.367,30.318,-0.05
gt_6,gt,6,Kansas MS,Kentucky SR,Aff,37.8,38.212,0.411,30.895,30.292,-0.604
gt_6,gt,6,CSU Long Beach OM,Macalester WK,Aff,37.921,38.026,0.105,32.757,31.637,-1.121
gt_6,gt,6,Michigan BP,Emory RY,Aff,43.988,44.023,0.035,33.808,33.765,-0.043
gt_6,gt,6,Michigan ES,Kansas HP,Neg,37.072,36.761,-0.311,37.241,37.519,0.277
gt_6,gt,6,NYU MS,Michigan SS (Shah/Shih),Neg,34.519,34.152,-0.366,38.754,38.904,0.15
gt_6,gt,6,UC Berkeley BU,Emory LY,Neg,31.06,30.926,-0.133,36.493,36.608,0.115
gt_6,gt,6,Baylor DL,UC Berkeley MR,Neg,32.915,32.709,-0.206,35.922,36.115,0.193
gt_6,gt,6,Michigan State GL,Georgia CK,Aff,39.173,39.193,0.02,26.441,26.415,-0.026
gt_6,gt,6,Michigan CC,Kansas BC,Aff,32.492,32.738,0.245,30.927,29.2,-1.727
gt_6,gt,6,Wake Forest LW,Michigan State GS,Aff,31.746,32.173,0.427,32.297,31.943,-0.354
gt_6,gt,6,Northwestern AT,Kansas OW,Neg,35.036,34.736,-0.3,35.608,35.872,0.263
gt_6,gt,6,Kansas AU,Northwestern NP,Neg,34.311,33.924,-0.386,33.346,33.754,0.408
gt_6,gt,6,George Mason WW,Dartmouth CG,Neg,31.617,31.207,-0.41,30.915,31.242,0.327
gt_6,gt,6,UTD HK,Binghamton CK,Neg,30.986,30.874,-0.111,38.44,38.504,0.063
gt_6,gt,6,Michigan State FM,Northwestern LL,Aff,29.844,30.135,0.291,27.964,27.676,-0.287
gt_6,gt,6,UTD PR,Iowa EW,Neg,31.185,30.918,-0.267,31.835,32.142,0.307
gt_6,gt,6,Georgia CP,Harvard DS,Neg,22.706,22.62,-0.087,32.407,32.473,0.066
gt_6,gt,6,Harvard JS,Northwestern PS,Neg,25.108,24.968,-0.14,35.431,35.487,0.055
gt_6,gt,6,Western Kentucky SS (Schintgen/StPeter),Emory KS,Neg,23.681,23.603,-0.078,34.506,34.555,0.049
gt_6,gt,6,Kansas SS,Northwestern HP,Aff,30.769,30.78,0.011,15.28,15.264,-0.017
gt_6,gt,6,Wichita State GM,Minnesota HU,Aff,28.584,28.773,0.189,24.673,24.434,-0.239
gt_6,gt,6,Wake Forest DE,Emory CR,Aff,27.99,28.19,0.2,23.332,22.986,-0.346
gt_6,gt,6,Michigan AO,Northwestern LW,Aff,30.885,31.014,0.129,25.174,24.998,-0.176
gt_6,gt,6,Baylor BK,George Mason DE,Aff,22.455,22.964,0.509,23.36,22.32,-1.04
gt_6,gt,6,Missouri State NS,Dartmouth GH (Guo/Hatton),Aff,24.324,24.799,0.475,24.77,24.216,-0.554
gt_6,gt,6,Western Kentucky KN,Dartmouth JR,Neg,25.23,24.773,-0.456,26.308,26.679,0.371
gt_6,gt,6,Kansas JB,Harvard AB,Neg,28.163,27.542,-0.621,28.288,28.733,0.445
gt_6,gt,6,UC Berkeley GS,Georgetown LN,Neg,26.837,25.839,-0.997,21.434,22.167,0.734
gt_6,gt,6,Iowa BS,Kansas BW,Neg,26.691,26.399,-0.292,27.956,28.217,0.261
gt_6,gt,6,Dartmouth BC,Gonzaga WW,Neg,26.379,26.116,-0.263,29.098,29.835,0.736
gt_6,gt,6,Northwestern LO,Kentucky GS,Neg,24.579,24.046,-0.532,31.271,31.374,0.104
gt_6,gt,6,Harvard CS,Rochester OR,Neg,20.003,18.422,-1.582,16.226,17.728,1.502
gt_6,gt,6,Kansas HL,Cornell MD,Aff,16.399,16.953,0.554,17.181,15.348,-1.833
gt_6,gt,6,"Massachusetts, Amherst LM",Dartmouth BG,Aff,22.585,22.915,0.33,15.658,15.231,-0.427
gt_6,gt,6,Michigan BL,Harvard FK,Aff,19.875,19.913,0.038,5.449,5.381,-0.068
gt_6,gt,6,Baylor MP,Northwestern AK,Aff,14.909,16.258,1.349,24.383,23.017,-1.366
gt_6,gt,6,Emory/Columbia AH,Texas FL,Neg,17.032,16.873,-0.159,32.326,32.348,0.022
gt_6,gt,6,Utah PP,UC Berkeley LS,Neg,17.485,16.43,-1.055,20.976,22.166,1.189
gt_7,gt,7,Kansas LS,Emory GS,Aff,44.825,45.108,0.283,44.765,44.502,-0.263
gt_7,gt,7,Dartmouth CG,Northwestern LR,Neg,31.242,31.19,-0.052,40.55,40.6,0.05
gt_7,gt,7,Michigan BP,Kansas HP,Aff,44.023,44.108,0.085,37.519,37.425,-0.094
gt_7,gt,7,Michigan SS (Shah/Shih),UC Berkeley MR,Aff,38.904,39.094,0.189,36.115,35.92,-0.195
gt_7,gt,7,Emory LY,Kansas MS,Neg,36.608,36.406,-0.201,38.212,39.085,0.873
gt_7,gt,7,CSU Long Beach OM,Georgetown AC,Aff,38.026,38.339,0.312,40.277,39.917,-0.36
gt_7,gt,7,NYU MS,Michigan AO,Aff,34.152,34.563,0.411,31.014,30.818,-0.195
gt_7,gt,7,Wake Forest LW,UC Berkeley BU,Neg,32.173,31.73,-0.443,30.926,31.278,0.352
gt_7,gt,7,Michigan ES,Michigan State FM,Neg,36.761,36.165,-0.596,30.135,30.844,0.71
gt_7,gt,7,Kansas OW,Iowa AP,Neg,35.872,35.657,-0.215,37.717,37.927,0.21
gt_7,gt,7,Emory RY,Harvard DS,Aff,33.765,34.017,0.251,32.473,32.153,-0.32
gt_7,gt,7,Michigan CC,Baylor DL,Neg,32.738,32.396,-0.341,32.709,33.015,0.306
gt_7,gt,7,Michigan State GL,Northwestern NP,Aff,39.193,39.32,0.126,33.754,33.605,-0.149
gt_7,gt,7,Iowa EW,Binghamton CK,Neg,32.142,32.028,-0.114,38.504,38.582,0.079
gt_7,gt,7,Northwestern PS,Emory KS,Aff,35.487,35.8,0.314,34.555,34.221,-0.334
gt_7,gt,7,Georgetown LN,Northwestern AT,Neg,22.167,22.138,-0.03,34.736,34.758,0.022
gt_7,gt,7,Northwestern LL,Harvard AB,Neg,27.676,27.368,-0.308,28.733,29.118,0.385
gt_7,gt,7,Wichita State GM,Kansas AU,Neg,28.773,28.625,-0.148,33.924,34.074,0.15
gt_7,gt,7,Kentucky GS,Baylor BK,Aff,31.374,31.442,0.068,22.964,22.856,-0.108
gt_7,gt,7,Dartmouth JR,Macalester WK,Neg,26.679,26.488,-0.19,31.637,32.607,0.97
gt_7,gt,7,Kentucky SR,Georgia CP,Aff,30.292,30.762,0.47,22.62,22.474,-0.145
gt_7,gt,7,Missouri State NS,Kansas SS,Neg,24.799,24.629,-0.17,30.78,30.929,0.148
gt_7,gt,7,UTD HK,Wake Forest DE,Aff,30.874,31.138,0.263,28.19,27.921,-0.27
gt_7,gt,7,Georgia CK,Michigan State GS,Aff,26.415,27.088,0.673,31.943,31.374,-0.569
gt_7,gt,7,UTD PR,Kansas BC,Neg,30.918,30.626,-0.292,29.2,31.247,2.047
gt_7,gt,7,Kansas BW,George Mason WW,Aff,28.217,28.636,0.419,31.207,30.702,-0.505
gt_7,gt,7,Gonzaga WW,Michigan State JS,Neg,29.835,28.936,-0.898,30.318,30.598,0.28
gt_7,gt,7,Rochester OR,Western Kentucky KN,Neg,17.728,17.388,-0.34,24.773,24.936,0.163
gt_7,gt,7,Harvard JS,Baylor MP,Aff,24.968,25.169,0.201,16.258,16.133,-0.125
gt_7,gt,7,Michigan BL,Kansas JB,Neg,19.913,19.726,-0.188,27.542,27.715,0.172
gt_7,gt,7,Dartmouth BC,Western Kentucky SS (Schintgen/StPeter),Neg,26.116,25.615,-0.501,23.603,24.366,0.763
gt_7,gt,7,Minnesota HU,Dartmouth GH (Guo/Hatton),Aff,24.434,24.822,0.388,24.216,23.733,-0.483
gt_7,gt,7,Emory CR,UC Berkeley LS,Neg,22.986,22.371,-0.615,22.166,23.965,1.799
gt_7,gt,7,Kansas HL,UC Berkeley GS,Neg,16.953,16.833,-0.12,25.839,25.955,0.116
gt_7,gt,7,Iowa BS,"Massachusetts, Amherst LM",Neg,26.399,25.944,-0.454,22.915,24.196,1.281
gt_7,gt,7,Northwestern LO,George Mason DE,Neg,24.046,22.592,-1.455,22.32,23.255,0.935
gt_7,gt,7,Texas FL,Northwestern LW,Neg,32.348,31.586,-0.762,24.998,25.851,0.853
gt_7,gt,7,Utah PP,Harvard CS,Neg,16.43,15.258,-1.172,18.422,19.161,0.74
gt_7,gt,7,Emory/Columbia AH,Northwestern HP,Aff,16.873,18.662,1.789,15.264,14.868,-0.396
gt_7,gt,7,Cornell MD,Dartmouth BG,Neg,15.348,13.98,-1.368,15.231,16.24,1.009
gt_7,gt,7,Northwestern AK,Dartmouth GH (Hant/Gonzalez Arce),Aff,23.017,23.222,0.205,16.69,16.209,-0.482
gt_8,gt,8,Northwestern LR,Kansas LS,Neg,40.6,40.459,-0.141,45.108,45.246,0.139
gt_8,gt,8,Emory GS,Michigan SS (Shah/Shih),Aff,44.502,44.611,0.11,39.094,38.977,-0.117
gt_8,gt,8,Kansas MS,Michigan BP,Neg,39.085,38.619,-0.466,44.108,44.22,0.112
gt_8,gt,8,Michigan State FM,CSU Long Beach OM,Aff,30.844,31.574,0.729,38.339,37.852,-0.487
gt_8,gt,8,UC Berkeley MR,Kansas BW,Aff,35.92,36.002,0.081,28.636,28.552,-0.084
gt_8,gt,8,Georgetown AC,Kentucky SR,Aff,39.917,39.972,0.055,30.762,30.449,-0.313
gt_8,gt,8,Kansas HP,Northwestern PS,Aff,37.425,37.641,0.216,35.8,35.524,-0.277
gt_8,gt,8,Iowa AP,Michigan State GL,Aff,37.927,38.239,0.312,39.32,38.974,-0.345
gt_8,gt,8,UC Berkeley BU,NYU MS,Aff,31.278,31.688,0.41,34.563,33.706,-0.857
gt_8,gt,8,Baylor DL,Emory RY,Aff,33.015,33.35,0.335,34.017,33.687,-0.329
gt_8,gt,8,Binghamton CK,Emory LY,Aff,38.582,38.747,0.165,36.406,36.213,-0.193
gt_8,gt,8,Emory KS,Minnesota HU,Aff,34.221,34.286,0.066,24.822,24.752,-0.07
gt_8,gt,8,Harvard DS,Georgia CK,Aff,32.153,32.321,0.168,27.088,26.924,-0.164
gt_8,gt,8,Northwestern NP,UTD HK,Aff,33.605,33.845,0.24,31.138,30.875,-0.263
gt_8,gt,8,Northwestern AT,Kentucky GS,Neg,34.758,34.307,-0.451,31.442,31.871,0.429
gt_8,gt,8,Kansas AU,Wake Forest LW,Aff,34.074,34.307,0.233,31.73,31.468,-0.263
gt_8,gt,8,Kansas SS,Dartmouth CG,Neg,30.929,30.568,-0.36,31.19,31.468,0.277
gt_8,gt,8,Macalester WK,Iowa EW,Neg,32.607,30.898,-1.709,32.028,32.321,0.293
gt_8,gt,8,Kansas BC,Michigan ES,Neg,31.247,30.521,-0.726,36.165,36.3,0.135
gt_8,gt,8,Michigan State JS,Michigan CC,Neg,30.598,30.357,-0.241,32.396,32.652,0.256
gt_8,gt,8,Harvard AB,Kansas OW,Neg,29.118,28.971,-0.147,35.657,35.748,0.092
gt_8,gt,8,Georgia CP,Northwestern AK,Aff,22.474,22.989,0.515,23.222,22.653,-0.568
gt_8,gt,8,George Mason WW,Michigan BL,Aff,30.702,30.744,0.042,19.726,19.647,-0.079
gt_8,gt,8,Michigan State GS,Rochester OR,Aff,31.374,31.391,0.017,17.388,17.334,-0.054
gt_8,gt,8,Michigan AO,Emory/Columbia AH,Aff,30.818,30.853,0.034,18.662,18.424,-0.238
gt_8,gt,8,Wake Forest DE,Kansas HL,Aff,27.921,27.966,0.045,16.833,16.767,-0.065
gt_8,gt,8,Baylor BK,Texas FL,Neg,22.856,22.758,-0.098,31.586,31.662,0.076
gt_8,gt,8,Kansas JB,Harvard JS,Neg,27.715,26.992,-0.723,25.169,26.206,1.037
gt_8,gt,8,Western Kentucky KN,Georgetown LN,Neg,24.936,24.277,-0.659,22.138,22.683,0.545
gt_8,gt,8,George Mason DE,Dartmouth JR,Aff,23.255,24.353,1.098,26.488,25.941,-0.547
gt_8,gt,8,UC Berkeley GS,Gonzaga WW,Aff,25.955,26.634,0.68,28.936,27.781,-1.156
gt_8,gt,8,Northwestern LW,Missouri State NS,Neg,25.851,25.404,-0.447,24.629,25.114,0.486
gt_8,gt,8,"Massachusetts, Amherst LM",Wichita State GM,Aff,24.196,25.445,1.249,28.625,28.142,-0.484
gt_8,gt,8,Western Kentucky SS (Schintgen/StPeter),UTD PR,Neg,24.366,24.166,-0.201,30.626,30.726,0.1
gt_8,gt,8,UC Berkeley LS,Northwestern LL,Neg,23.965,23.042,-0.923,27.368,27.568,0.2
gt_8,gt,8,Dartmouth GH (Guo/Hatton),Northwestern LO,Neg,23.733,23.238,-0.495,22.592,23.833,1.242
gt_8,gt,8,Harvard CS,Dartmouth BC,Neg,19.161,18.8,-0.361,25.615,25.747,0.132
gt_8,gt,8,Baylor MP,Emory CR,Neg,16.133,15.934,-0.199,22.371,22.602,0.231
gt_8,gt,8,Dartmouth BG,Iowa BS,Neg,16.24,16.048,-0.192,25.944,26.002,0.057
gt_8,gt,8,Northwestern HP,Harvard FK,Aff,14.868,14.976,0.108,5.381,5.148,-0.233
gt_8,gt,8,Dartmouth GH (Hant/Gonzalez Arce),Cornell MD,Neg,16.209,14.93,-1.279,13.98,15.451,1.471
gt_dubs,gt,dubs,Northwestern AT,Kansas LS,Neg,34.307,34.274,-0.034,45.246,45.277,0.03
gt_dubs,gt,dubs,Michigan BP,Kentucky SR,Aff,44.22,44.235,0.015,30.449,30.361,-0.088
gt_dubs,gt,dubs,Emory GS,Kansas AU,Neg,44.611,43.959,-0.653,34.307,35.121,0.814
gt_dubs,gt,dubs,Northwestern NP,CSU Long Beach OM,Neg,33.845,33.663,-0.183,37.852,37.975,0.123
gt_dubs,gt,dubs,Northwestern LR,Dartmouth CG,Aff,40.459,40.512,0.053,31.468,31.414,-0.054
gt_dubs,gt,dubs,Georgetown AC,Iowa EW,Aff,39.972,40.042,0.07,32.321,32.239,-0.082
gt_dubs,gt,dubs,Michigan CC,UC Berkeley MR,Neg,32.652,32.457,-0.195,36.002,36.172,0.17
gt_dubs,gt,dubs,Kansas MS,Harvard DS,Aff,38.619,38.961,0.342,32.321,32.191,-0.13
gt_dubs,gt,dubs,Baylor DL,Emory KS,Neg,33.35,33.099,-0.251,34.286,34.604,0.318
gt_dubs,gt,dubs,Kansas HP,NYU MS,Aff,37.641,37.787,0.146,33.706,33.393,-0.313
gt_dubs,gt,dubs,Kentucky GS,Iowa AP,Neg,31.871,31.771,-0.1,38.239,38.328,0.09
gt_dubs,gt,dubs,Kansas OW,UC Berkeley BU,Aff,35.748,35.893,0.144,31.688,31.533,-0.155
gt_dubs,gt,dubs,Michigan State GL,Binghamton CK,Aff,38.974,39.248,0.274,38.747,38.535,-0.212
gt_dubs,gt,dubs,Northwestern PS,Michigan State FM,Aff,35.524,35.709,0.185,31.574,31.392,-0.181
gt_octas,gt,octas,Kansas LS,Emory KS,Aff,45.277,45.31,0.033,34.604,34.561,-0.043
gt_octas,gt,octas,Michigan BP,Kansas AU,Neg,44.235,43.659,-0.576,35.121,35.836,0.715
gt_octas,gt,octas,CSU Long Beach OM,Northwestern PS,Aff,37.975,38.135,0.16,35.709,35.472,-0.237
gt_octas,gt,octas,Kansas OW,Northwestern LR,Aff,35.893,36.322,0.429,40.512,40.061,-0.451
gt_octas,gt,octas,Emory LY,Georgetown AC,Neg,36.213,36.069,-0.144,40.042,40.19,0.147
gt_octas,gt,octas,UC Berkeley MR,Michigan SS (Shah/Shih),Neg,36.172,35.99,-0.182,38.977,39.157,0.18
gt_octas,gt,octas,Michigan State GL,Kansas MS,Neg,39.248,38.983,-0.266,38.961,39.825,0.864
gt_octas,gt,octas,Kansas HP,Iowa AP,Neg,37.787,37.545,-0.241,38.328,38.563,0.235
gt_quarters,gt,quarters,Kansas LS,Michigan SS (Shah/Shih),Neg,45.31,44.803,-0.507,39.157,39.655,0.498
gt_quarters,gt,quarters,CSU Long Beach OM,Iowa AP,Neg,38.135,37.93,-0.205,38.563,38.796,0.233
gt_quarters,gt,quarters,Georgetown AC,Kansas AU,Aff,40.19,40.321,0.131,35.836,35.689,-0.148
gt_semis,gt,semis,Kansas OW,Georgetown AC,Neg,36.322,36.184,-0.138,40.321,40.458,0.137
gt_semis,gt,semis,Iowa AP,Michigan SS (Shah/Shih),Neg,38.796,38.583,-0.213,39.655,39.881,0.226
gt_finals,gt,finals,Georgetown AC,Michigan SS (Shah/Shih),Aff,40.458,40.685,0.227,39.881,39.653,-0.228
dartmouthrr_1,dartmouthrr,1,Northwestern LR,Georgetown AC,Neg,40.061,39.819,-0.242,40.685,40.905,0.22
dartmouthrr_1,dartmouthrr,1,Dartmouth CG,Emory GS,Neg,31.414,31.395,-0.019,43.959,43.975,0.016
dartmouthrr_1,dartmouthrr,1,Kansas LS,Michigan State GL,Aff,44.803,44.904,0.1,38.983,38.879,-0.104
dartmouthrr_2,dartmouthrr,2,Emory GS,Kansas LS,Aff,43.975,44.248,0.273,44.904,44.62,-0.284
dartmouthrr_2,dartmouthrr,2,Michigan State GL,Northwestern LR,Neg,38.879,38.649,-0.23,39.819,40.044,0.225
dartmouthrr_2,dartmouthrr,2,Michigan BP,Dartmouth CG,Aff,43.659,43.676,0.017,31.395,31.375,-0.02
dartmouthrr_3,dartmouthrr,3,Emory GS,Michigan State GL,Aff,44.248,44.345,0.096,38.649,38.545,-0.104
dartmouthrr_3,dartmouthrr,3,Georgetown AC,Dartmouth CG,Aff,40.905,40.943,0.038,31.375,31.329,-0.046
dartmouthrr_3,dartmouthrr,3,Kansas LS,Michigan BP,Neg,44.62,44.344,-0.276,43.676,43.939,0.263
dartmouthrr_4,dartmouthrr,4,Northwestern LR,Michigan BP,Aff,40.044,40.429,0.385,43.939,43.587,-0.352
dartmouthrr_4,dartmouthrr,4,Dartmouth CG,Michigan State GL,Neg,31.329,31.249,-0.08,38.545,38.618,0.073
dartmouthrr_4,dartmouthrr,4,Georgetown AC,Kansas LS,Aff,40.943,41.285,0.341,44.344,43.992,-0.352
dartmouthrr_5,dartmouthrr,5,Michigan BP,Emory GS,Neg,43.587,43.387,-0.2,44.345,44.556,0.212
dartmouthrr_5,dartmouthrr,5,Michigan State GL,Georgetown AC,Aff,38.618,38.956,0.338,41.285,40.978,-0.307
dartmouthrr_5,dartmouthrr,5,Kansas LS,Northwestern LR,Aff,43.992,44.128,0.136,40.429,40.287,-0.142
dartmouthrr_6,dartmouthrr,6,Georgetown AC,Emory GS,Neg,40.978,40.85,-0.128,44.556,44.691,0.134
dartmouthrr_6,dartmouthrr,6,Michigan State GL,Michigan BP,Neg,38.956,38.834,-0.121,43.387,43.496,0.109
dartmouthrr_6,dartmouthrr,6,Northwestern LR,Dartmouth CG,Aff,40.287,40.331,0.044,31.249,31.198,-0.051
dartmouthrr_7,dartmouthrr,7,Emory GS,Northwestern LR,Aff,44.691,44.806,0.115,40.331,40.211,-0.12
dartmouthrr_7,dartmouthrr,7,Dartmouth CG,Kansas LS,Neg,31.198,31.182,-0.016,44.128,44.141,0.013
dartmouthrr_7,dartmouthrr,7,Michigan BP,Georgetown AC,Neg,43.496,43.206,-0.291,40.85,41.143,0.294
texas_1,texas,1,Houston HM,Northwestern LW,Neg,25.0,19.812,-5.188,25.404,25.625,0.221
texas_1,texas,1,Kansas LS,George Mason RT,Aff,44.141,44.141,0.0,20.694,20.693,-0.001
texas_1,texas,1,Oklahoma DF,Baylor MP,Neg,25.0,15.502,-9.498,15.934,16.495,0.561
texas_1,texas,1,Emory GS,Northwestern LL,Aff,44.806,44.808,0.002,27.568,27.565,-0.004
texas_1,texas,1,Indiana DJ,Emory GM,Neg,25.0,22.746,-2.254,34.07,34.246,0.176
texas_1,texas,1,Emory KW,Michigan OJ,Neg,15.581,15.413,-0.169,25.814,27.259,1.445
texas_1,texas,1,Michigan BP,Kansas BP (Bauman/Persson),Aff,43.206,43.207,0.001,22.339,22.328,-0.011
texas_1,texas,1,Michigan BL,Iowa BS,Aff,19.647,20.799,1.152,26.002,25.423,-0.579
texas_1,texas,1,Georgetown AC,Southern California MT,Aff,41.143,41.148,0.005,25.434,25.422,-0.012
texas_1,texas,1,Michigan SS (Shah/Shih),Kansas HF,Aff,39.653,39.681,0.028,25.0,23.94,-1.06
texas_1,texas,1,Trinity BK,Southern California BM,Neg,13.998,13.869,-0.128,27.093,27.136,0.043
texas_1,texas,1,Northwestern LR,UC Berkeley GS,Aff,40.211,40.222,0.012,26.634,26.609,-0.026
texas_1,texas,1,Emory CG,Kansas ST,Neg,15.122,15.075,-0.048,27.541,27.646,0.106
texas_1,texas,1,Georgetown CX,UTD KR,Aff,25.0,26.742,1.742,13.719,13.43,-0.288
texas_1,texas,1,CSU Long Beach OM,Wake Forest DE,Aff,37.93,37.961,0.031,27.966,27.909,-0.057
texas_1,texas,1,UTD PR,Dartmouth JR,Aff,30.726,30.856,0.13,25.941,25.754,-0.187
texas_1,texas,1,Michigan State GL,Wake Forest PS (Patel/Sayoto),Aff,38.834,38.875,0.041,27.236,25.96,-1.276
texas_1,texas,1,Oklahoma BW (Ballinger/Wright),Missouri State NS,Neg,25.0,19.699,-5.301,25.114,25.359,0.244
texas_1,texas,1,Iowa AP,Kansas LP,Aff,38.583,38.615,0.032,25.0,23.757,-1.243
texas_1,texas,1,Kansas OW,Northwestern AK,Aff,36.184,36.197,0.013,22.653,22.627,-0.027
texas_1,texas,1,James Madison KP,Kansas State DR (Day/Robertson),Neg,9.145,8.593,-0.552,17.297,18.286,0.989
texas_1,texas,1,Binghamton PT,Wake Forest HN,Neg,12.331,12.27,-0.062,27.172,27.189,0.017
texas_1,texas,1,Binghamton CK,NYU JT,Aff,38.535,38.545,0.01,24.48,24.443,-0.037
texas_1,texas,1,Emory LY,Georgia CP,Aff,36.069,36.084,0.015,22.989,22.961,-0.028
texas_1,texas,1,Kansas CF,Emory CR,Aff,25.881,26.577,0.696,22.602,22.246,-0.356
texas_1,texas,1,Kansas FS,Wyoming WW,Neg,22.633,20.865,-1.767,20.208,20.737,0.528
texas_1,texas,1,Kansas AU,Wichita State GM,Aff,35.689,35.764,0.076,28.142,28.057,-0.084
texas_1,texas,1,Michigan ES,Wyoming CH,Aff,36.3,36.306,0.007,20.565,20.555,-0.01
texas_1,texas,1,Northwestern HP,Emory AS,Neg,14.976,14.928,-0.049,27.201,27.257,0.056
texas_1,texas,1,Michigan State JS,Kansas BS,Neg,30.357,30.053,-0.304,24.296,31.353,7.056
texas_1,texas,1,Northwestern PS,Minnesota HU,Aff,35.472,35.511,0.039,24.752,24.704,-0.048
texas_1,texas,1,Northwestern LO,Western Kentucky KC,Neg,23.833,23.281,-0.553,26.072,29.667,3.594
texas_1,texas,1,Emory KS,CSU Long Beach ES,Aff,34.561,34.565,0.004,16.497,16.487,-0.01
texas_1,texas,1,UC Berkeley BU,Trinity KP,Aff,31.533,31.587,0.054,22.423,22.307,-0.117
texas_1,texas,1,Dartmouth BG,Southern California BR,Neg,16.048,15.999,-0.049,30.613,30.634,0.021
texas_1,texas,1,Central Oklahoma EW,Georgetown GT,Neg,19.455,16.97,-2.484,26.642,26.815,0.173
texas_1,texas,1,Texas FL,Wake Forest MS,Aff,31.662,31.751,0.089,22.616,20.827,-1.789
texas_1,texas,1,Harvard CS,Georgetown LN,Neg,18.8,18.277,-0.523,22.683,22.897,0.214
texas_1,texas,1,Emory RY,Houston IF,Aff,33.687,33.772,0.085,26.031,24.003,-2.028
texas_1,texas,1,Dartmouth CG,Baylor BK,Aff,31.182,31.242,0.06,22.758,22.656,-0.102
texas_1,texas,1,Indiana FT,Southern California DT,Neg,12.75,12.705,-0.045,27.252,27.347,0.095
texas_1,texas,1,Wake Forest LW,James Madison MO,Aff,31.468,31.492,0.025,17.603,17.477,-0.126
texas_1,texas,1,George Mason RS,Wyoming HP,Aff,13.221,14.327,1.106,25.0,14.347,-10.653
texas_1,texas,1,Kansas BB,Michigan State FM,Neg,18.798,18.437,-0.361,31.392,31.429,0.037
texas_1,texas,1,Iowa EW,Georgia CK,Aff,32.239,32.371,0.131,26.924,26.771,-0.153
texas_1,texas,1,Baylor DL,West Point OS,Aff,33.099,33.101,0.001,12.596,12.589,-0.007
texas_1,texas,1,Missouri State BH,Western Kentucky FN,Neg,25.0,20.885,-4.115,26.072,29.25,3.177
texas_1,texas,1,Kansas LV,UTD HH,Neg,25.0,19.505,-5.495,24.592,24.91,0.318
texas_1,texas,1,Harvard DS,Kansas BW,Neg,32.191,31.669,-0.522,28.552,28.977,0.424
texas_1,texas,1,Kansas State DS,Dartmouth HP (Park/Hant),Neg,14.975,14.762,-0.213,25.0,27.017,2.017
texas_1,texas,1,Northwestern AP,Southern Nazarene HS,Aff,27.416,28.142,0.726,12.525,12.369,-0.156
texas_1,texas,1,Kansas SS,George Mason WW,Aff,30.568,30.931,0.363,30.744,30.399,-0.345
texas_1,texas,1,Kansas HL,Iowa KS,Neg,16.767,16.59,-0.177,23.633,23.768,0.135
texas_1,texas,1,Kentucky GS,Macalester KH,Aff,31.771,32.084,0.313,35.051,32.034,-3.017
texas_1,texas,1,Cal State Fullerton MN,Wyoming LW,Aff,13.094,14.621,1.526,25.0,14.494,-10.506
texas_1,texas,1,Utah WV,Dartmouth BC,Neg,25.0,19.949,-5.051,25.747,25.956,0.209
texas_1,texas,1,Liberty CL,UTD DD,Aff,30.525,30.748,0.223,27.569,27.203,-0.366
texas_1,texas,1,Dartmouth GH (Guo/Hatton),Kansas State LW,Neg,23.238,22.573,-0.665,16.664,20.391,3.726
texas_1,texas,1,Wake Forest AB,NYU MS,Neg,25.618,25.49,-0.128,33.393,33.536,0.144
texas_1,texas,1,Michigan State GS,NYU KK,Aff,31.391,31.496,0.105,25.0,21.973,-3.027
texas_1,texas,1,Emory ST,Cal State Fullerton CD,Aff,18.581,19.009,0.429,14.7,13.963,-0.737
texas_1,texas,1,UC Berkeley MR,Missouri State GC,Aff,35.99,35.994,0.004,15.01,14.951,-0.059
texas_1,texas,1,Texas GS,George Mason DE,Neg,22.318,21.861,-0.457,24.353,24.883,0.529
texas_1,texas,1,Oklahoma DT,Utah PP,Aff,15.904,16.54,0.636,15.258,14.035,-1.222
texas_1,texas,1,Kentucky SR,UTD HK,Aff,30.361,31.659,1.299,30.875,30.53,-0.345
texas_1,texas,1,Michigan CS (Chamarthy/Sharma),Emory SW,Aff,25.436,28.23,2.794,20.543,20.085,-0.458
texas_2,texas,2,Wyoming HP,Dartmouth CG,Neg,14.347,14.125,-0.222,31.242,31.256,0.013
texas_2,texas,2,Cal State Fullerton CD,Kentucky SR,Neg,13.963,13.934,-0.029,31.659,31.686,0.027
texas_2,texas,2,Kansas State LW,Liberty CL,Neg,20.391,20.077,-0.314,30.748,30.804,0.056
texas_2,texas,2,Dartmouth HP (Park/Hant),Kansas SS,Neg,27.017,23.93,-3.087,30.931,31.089,0.158
texas_2,texas,2,Wyoming LW,Wake Forest AB,Neg,14.494,13.697,-0.797,25.49,25.573,0.083
texas_2,texas,2,Emory SW,Michigan State JS,Neg,20.085,19.906,-0.18,30.053,30.102,0.049
texas_2,texas,2,UTD HK,Emory ST,Aff,30.53,30.567,0.037,19.009,18.928,-0.081
texas_2,texas,2,Utah PP,Kentucky GS,Neg,14.035,14.016,-0.019,32.084,32.088,0.004
texas_2,texas,2,George Mason DE,Michigan CS (Chamarthy/Sharma),Neg,24.883,24.534,-0.349,28.23,30.728,2.497
texas_2,texas,2,Missouri State GC,Texas GS,Neg,14.951,13.656,-1.295,21.861,22.062,0.2
texas_2,texas,2,NYU KK,Kansas CF,Neg,21.973,19.381,-2.592,26.577,27.031,0.454
texas_2,texas,2,NYU MS,Dartmouth GH (Guo/Hatton),Aff,33.536,33.6,0.063,22.573,22.52,-0.053
texas_2,texas,2,Dartmouth BC,Harvard DS,Neg,25.956,25.811,-0.145,31.669,31.803,0.134
texas_2,texas,2,UTD DD,Oklahoma DT,Aff,27.203,27.277,0.075,16.54,16.438,-0.103
texas_2,texas,2,Macalester KH,Cal State Fullerton MN,Aff,32.034,32.098,0.064,14.621,14.582,-0.039
texas_2,texas,2,Iowa KS,Wake Forest LW,Neg,23.768,23.66,-0.108,31.492,31.586,0.093
texas_2,texas,2,George Mason WW,Utah WV,Aff,30.399,30.465,0.066,19.949,18.89,-1.059
texas_2,texas,2,Southern Nazarene HS,Missouri State BH,Aff,12.369,13.952,1.583,20.885,13.561,-7.324
texas_2,texas,2,UTD HH,Emory RY,Neg,24.91,24.808,-0.102,33.772,33.829,0.057
texas_2,texas,2,Kansas BW,Kansas State DS,Aff,28.977,28.99,0.013,14.762,14.718,-0.044
texas_2,texas,2,Western Kentucky FN,Northwestern AP,Neg,29.25,25.954,-3.296,28.142,31.71,3.568
texas_2,texas,2,West Point OS,Kansas BB,Neg,12.589,12.073,-0.515,18.437,19.547,1.11
texas_2,texas,2,Georgia CK,Central Oklahoma EW,Aff,26.771,26.847,0.076,16.97,15.701,-1.269
texas_2,texas,2,Michigan State FM,Baylor DL,Aff,31.429,31.814,0.385,33.101,32.762,-0.338
texas_2,texas,2,James Madison MO,George Mason RS,Neg,17.477,15.478,-1.999,14.327,15.326,0.999
texas_2,texas,2,Southern California DT,Emory KS,Neg,27.347,26.87,-0.477,34.565,34.672,0.107
texas_2,texas,2,Baylor BK,Kansas LV,Aff,22.656,22.886,0.23,19.505,16.817,-2.688
texas_2,texas,2,Houston IF,Kansas HL,Aff,24.003,25.574,1.571,16.59,16.425,-0.165
texas_2,texas,2,Georgetown LN,Kansas AU,Neg,22.897,22.873,-0.024,35.764,35.782,0.017
texas_2,texas,2,Wake Forest MS,Dartmouth BG,Neg,20.827,15.485,-5.342,15.999,16.995,0.996
texas_2,texas,2,Georgetown GT,Iowa EW,Neg,26.815,26.591,-0.223,32.371,32.493,0.123
texas_2,texas,2,Western Kentucky KC,Texas FL,Aff,29.667,33.714,4.047,31.751,31.446,-0.305
texas_2,texas,2,CSU Long Beach ES,Harvard CS,Neg,16.487,15.87,-0.617,18.277,18.912,0.635
texas_2,texas,2,Emory AS,UC Berkeley BU,Neg,27.257,26.937,-0.32,31.587,31.729,0.142
texas_2,texas,2,Kansas BS,UC Berkeley MR,Neg,31.353,29.606,-1.747,35.994,36.114,0.12
texas_2,texas,2,Wyoming WW,Northwestern HP,Aff,20.737,20.913,0.176,14.928,14.714,-0.214
texas_2,texas,2,Southern California BR,Northwestern PS,Aff,30.634,31.373,0.738,35.511,34.999,-0.512
texas_2,texas,2,Wyoming CH,Binghamton PT,Aff,20.555,20.664,0.11,12.27,11.942,-0.327
texas_2,texas,2,Wichita State GM,Indiana FT,Aff,28.057,28.067,0.009,12.705,12.683,-0.023
texas_2,texas,2,NYU JT,Iowa AP,Neg,24.443,24.408,-0.035,38.615,38.626,0.011
texas_2,texas,2,Emory CR,Michigan State GS,Neg,22.246,22.139,-0.108,31.496,31.553,0.057
texas_2,texas,2,Georgia CP,Kansas FS,Aff,22.961,23.281,0.32,20.865,19.965,-0.9
texas_2,texas,2,Minnesota HU,James Madison KP,Aff,24.704,24.717,0.014,8.593,8.527,-0.065
texas_2,texas,2,Wake Forest HN,Michigan ES,Neg,27.189,27.121,-0.069,36.306,36.361,0.054
texas_2,texas,2,Northwestern AK,Trinity BK,Aff,22.627,22.743,0.117,13.869,13.528,-0.341
texas_2,texas,2,Kansas State DR (Day/Robertson),Emory LY,Neg,18.286,18.196,-0.089,36.084,36.091,0.007
texas_2,texas,2,Kansas LP,Binghamton CK,Neg,23.757,22.981,-0.775,38.545,38.568,0.023
texas_2,texas,2,Missouri State NS,Michigan State GL,Neg,25.359,25.338,-0.02,38.875,38.887,0.012
texas_2,texas,2,Wake Forest PS (Patel/Sayoto),Oklahoma BW (Ballinger/Wright),Aff,25.96,27.93,1.97,19.699,17.934,-1.765
texas_2,texas,2,Dartmouth JR,Michigan BL,Aff,25.754,25.929,0.175,20.799,20.533,-0.266
texas_2,texas,2,Wake Forest DE,Emory CG,Aff,27.909,27.935,0.026,15.075,15.04,-0.035
texas_2,texas,2,UTD KR,Northwestern LR,Neg,13.43,13.43,-0.0,40.222,40.222,0.0
texas_2,texas,2,Kansas ST,CSU Long Beach OM,Neg,27.646,27.478,-0.168,37.961,37.993,0.032
texas_2,texas,2,UC Berkeley GS,Georgetown CX,Neg,26.609,26.289,-0.319,26.742,31.206,4.463
texas_2,texas,2,Southern California BM,Kansas OW,Neg,27.136,27.038,-0.099,36.197,36.244,0.047
texas_2,texas,2,Kansas HF,Houston HM,Aff,23.94,26.882,2.942,19.812,17.729,-2.083
texas_2,texas,2,Iowa BS,UTD PR,Neg,25.423,25.294,-0.129,30.856,30.969,0.113
texas_2,texas,2,Southern California MT,Emory KW,Aff,25.422,25.507,0.086,15.413,15.288,-0.125
texas_2,texas,2,Kansas BP (Bauman/Persson),Indiana DJ,Aff,22.328,23.494,1.166,22.746,18.512,-4.234
texas_2,texas,2,Michigan OJ,Georgetown AC,Neg,27.259,26.671,-0.588,41.148,41.171,0.023
texas_2,texas,2,Emory GM,Michigan SS (Shah/Shih),Neg,34.246,33.958,-0.288,39.681,39.782,0.101
texas_2,texas,2,Northwestern LL,Oklahoma DF,Aff,27.565,27.614,0.049,15.502,14.863,-0.639
texas_2,texas,2,Baylor MP,Michigan BP,Neg,16.495,16.495,-0.0,43.207,43.207,0.0
texas_2,texas,2,Missouri State DN,Emory GS,Neg,27.305,26.862,-0.443,44.808,44.822,0.014
texas_2,texas,2,Northwestern LW,Kansas LS,Neg,25.625,25.622,-0.002,44.141,44.143,0.001
texas_3,texas,3,Kentucky GS,Emory RY,Neg,32.088,31.873,-0.215,33.829,34.047,0.218
texas_3,texas,3,Wyoming CH,Kansas BS,Neg,20.664,20.562,-0.102,29.606,30.317,0.711
texas_3,texas,3,Kansas OW,Iowa AP,Neg,36.244,36.07,-0.174,38.626,38.792,0.166
texas_3,texas,3,Kansas State LW,Missouri State DN,Neg,20.077,19.497,-0.579,26.862,28.977,2.116
texas_3,texas,3,Harvard DS,Kansas State DR (Day/Robertson),Aff,31.803,31.832,0.029,18.196,17.93,-0.267
texas_3,texas,3,Utah PP,Oklahoma DF,Aff,14.016,15.033,1.016,14.863,11.85,-3.013
texas_3,texas,3,Northwestern HP,Kansas FS,Neg,14.714,14.488,-0.226,19.965,20.465,0.5
texas_3,texas,3,Utah WV,Missouri State GC,Aff,18.89,20.632,1.742,13.656,12.404,-1.252
texas_3,texas,3,Southern Nazarene HS,Texas FL,Neg,13.952,13.929,-0.023,31.446,31.452,0.006
texas_3,texas,3,Northwestern LR,Kansas LS,Neg,40.222,40.095,-0.128,44.143,44.27,0.127
texas_3,texas,3,Kentucky SR,Georgetown AC,Neg,31.686,31.47,-0.216,41.171,41.209,0.039
texas_3,texas,3,Michigan State FM,Kansas BW,Neg,31.814,31.395,-0.42,28.99,29.368,0.378
texas_3,texas,3,Wake Forest LW,Iowa EW,Neg,31.586,31.281,-0.305,32.493,32.749,0.256
texas_3,texas,3,Houston IF,Wichita State GM,Neg,25.574,23.247,-2.327,28.067,28.244,0.178
texas_3,texas,3,Emory KW,UTD KR,Neg,15.288,14.504,-0.783,13.43,14.928,1.498
texas_3,texas,3,Kansas State DS,Central Oklahoma EW,Neg,14.718,14.136,-0.582,15.701,18.685,2.984
texas_3,texas,3,Macalester KH,Wake Forest AB,Aff,32.098,32.785,0.687,25.573,25.41,-0.163
texas_3,texas,3,Emory SW,Trinity BK,Aff,19.906,20.278,0.372,13.528,13.03,-0.498
texas_3,texas,3,Emory AS,Georgia CK,Aff,26.937,27.497,0.56,26.847,26.524,-0.324
texas_3,texas,3,Northwestern LW,Minnesota HU,Aff,25.622,25.947,0.325,24.717,24.384,-0.334
texas_3,texas,3,Michigan BL,UTD DD,Neg,20.533,20.351,-0.182,27.277,27.453,0.175
texas_3,texas,3,Dartmouth BG,Cal State Fullerton MN,Aff,16.995,17.611,0.616,14.582,13.81,-0.772
texas_3,texas,3,NYU MS,Michigan SS (Shah/Shih),Neg,33.6,33.411,-0.189,39.782,39.868,0.086
texas_3,texas,3,NYU JT,Houston HM,Aff,24.408,24.67,0.263,17.729,16.228,-1.501
texas_3,texas,3,Emory CG,Wake Forest MS,Aff,15.04,15.443,0.403,15.485,12.711,-2.773
texas_3,texas,3,Kansas SS,Dartmouth CG,Neg,31.089,30.758,-0.331,31.256,31.512,0.257
texas_3,texas,3,Dartmouth HP (Park/Hant),Georgetown LN,Neg,23.93,20.233,-3.697,22.873,23.174,0.301
texas_3,texas,3,Southern California BR,Georgetown CX,Aff,31.373,31.676,0.303,31.206,28.034,-3.172
texas_3,texas,3,Kansas AU,Michigan CS (Chamarthy/Sharma),Aff,35.782,35.9,0.119,30.728,29.165,-1.563
texas_3,texas,3,Emory LY,UC Berkeley MR,Neg,36.091,35.843,-0.249,36.114,36.376,0.261
texas_3,texas,3,Iowa KS,Wake Forest PS (Patel/Sayoto),Aff,23.66,24.07,0.41,27.93,23.052,-4.878
texas_3,texas,3,Wake Forest DE,Dartmouth BC,Neg,27.935,27.465,-0.47,25.811,26.254,0.443
texas_3,texas,3,CSU Long Beach ES,Dartmouth GH (Guo/Hatton),Aff,15.87,17.28,1.411,22.52,21.744,-0.776
texas_3,texas,3,Binghamton CK,Michigan ES,Neg,38.568,38.291,-0.277,36.361,36.734,0.373
texas_3,texas,3,Wyoming WW,Emory GS,Neg,20.913,20.913,-0.0,44.822,44.822,0.0
texas_3,texas,3,Kansas CF,Northwestern AP,Neg,27.031,26.585,-0.446,31.71,33.65,1.94
texas_3,texas,3,Wyoming LW,Kansas LP,Neg,13.697,12.737,-0.96,22.981,24.542,1.561
texas_3,texas,3,Emory GM,UTD HH,Neg,33.958,32.553,-1.405,24.808,25.878,1.07
texas_3,texas,3,West Point OS,James Madison MO,Neg,12.073,11.382,-0.691,15.478,16.28,0.802
texas_3,texas,3,Dartmouth JR,Kansas ST,Aff,25.929,26.333,0.403,27.478,26.315,-1.163
texas_3,texas,3,Oklahoma BW (Ballinger/Wright),Kansas HL,Neg,17.934,14.282,-3.652,16.425,16.861,0.435
texas_3,texas,3,Missouri State NS,Kansas HF,Aff,25.338,25.652,0.314,26.882,22.441,-4.441
texas_3,texas,3,Baylor BK,Southern California DT,Neg,22.886,22.655,-0.23,26.87,27.615,0.745
texas_3,texas,3,Southern California MT,Oklahoma DT,Aff,25.507,25.612,0.104,16.438,16.291,-0.147
texas_3,texas,3,Baylor DL,Georgia CP,Aff,32.762,32.809,0.046,23.281,23.205,-0.077
texas_3,texas,3,Harvard CS,Northwestern PS,Neg,18.912,18.893,-0.02,34.999,35.006,0.007
texas_3,texas,3,Iowa BS,Cal State Fullerton CD,Aff,25.294,25.329,0.036,13.934,13.786,-0.148
texas_3,texas,3,CSU Long Beach OM,Michigan State GS,Aff,37.993,38.065,0.072,31.553,31.449,-0.105
texas_3,texas,3,Michigan State GL,George Mason RS,Aff,38.887,38.887,0.0,15.326,15.326,-0.001
texas_3,texas,3,Kansas BB,Trinity KP,Neg,19.547,18.093,-1.454,22.307,22.657,0.35
texas_3,texas,3,NYU KK,James Madison KP,Aff,19.381,20.229,0.848,8.527,8.187,-0.34
texas_3,texas,3,Wake Forest HN,Northwestern AK,Aff,27.121,27.305,0.184,22.743,22.49,-0.254
texas_3,texas,3,Baylor MP,Northwestern LL,Neg,16.495,16.437,-0.058,27.614,27.652,0.038
texas_3,texas,3,George Mason DE,Kansas BP (Bauman/Persson),Aff,24.534,25.041,0.506,23.494,22.237,-1.256
texas_3,texas,3,Wyoming HP,Indiana FT,Neg,14.125,10.679,-3.446,12.683,13.289,0.607
texas_3,texas,3,Western Kentucky FN,Emory ST,Aff,25.954,27.327,1.374,18.928,18.685,-0.243
texas_3,texas,3,Western Kentucky KC,UC Berkeley BU,Neg,33.714,30.737,-2.976,31.729,31.99,0.261
texas_3,texas,3,Michigan BP,Emory KS,Aff,43.207,43.251,0.044,34.672,34.599,-0.073
texas_3,texas,3,Binghamton PT,Northwestern LO,Neg,11.942,11.779,-0.164,23.281,23.415,0.134
texas_3,texas,3,Southern California BM,Michigan OJ,Aff,27.038,27.383,0.346,26.671,23.367,-3.303
texas_3,texas,3,George Mason RT,Texas GS,Aff,20.693,21.76,1.067,22.062,21.443,-0.618
texas_3,texas,3,Liberty CL,UTD PR,Neg,30.804,30.48,-0.324,30.969,31.223,0.254
texas_3,texas,3,Michigan State JS,UTD HK,Neg,30.102,29.829,-0.273,30.567,30.89,0.323
texas_3,texas,3,UC Berkeley GS,Missouri State BH,Aff,26.289,26.349,0.06,13.561,13.094,-0.467
texas_3,texas,3,Indiana DJ,Emory CR,Neg,18.512,16.307,-2.205,22.139,22.42,0.281
texas_3,texas,3,Georgetown GT,George Mason WW,Neg,26.591,26.303,-0.288,30.465,30.647,0.182
texas_4,texas,4,Emory ST,Kansas LV,Aff,18.685,19.131,0.445,16.817,14.508,-2.309
texas_4,texas,4,Michigan OJ,CSU Long Beach ES,Neg,23.367,19.146,-4.221,17.28,18.176,0.895
texas_4,texas,4,Trinity BK,Wyoming HP,Neg,13.03,11.836,-1.194,10.679,13.414,2.736
texas_4,texas,4,Texas GS,Georgetown GT,Neg,21.443,21.187,-0.257,26.303,26.535,0.232
texas_4,texas,4,Houston HM,Kansas State DS,Aff,16.228,18.356,2.128,14.136,13.617,-0.519
texas_4,texas,4,Michigan CS (Chamarthy/Sharma),Southern California MT,Neg,29.165,25.989,-3.176,25.612,26.169,0.558
texas_4,texas,4,Missouri State GC,West Point OS,Aff,12.404,14.324,1.92,11.382,10.597,-0.786
texas_4,texas,4,Dartmouth GH (Guo/Hatton),Binghamton PT,Aff,21.744,21.813,0.07,11.779,11.577,-0.201
texas_4,texas,4,Emory GS,Iowa KS,Aff,44.822,44.822,0.0,24.07,24.07,-0.001
texas_4,texas,4,Dartmouth BC,Western Kentucky FN,Neg,26.254,26.019,-0.235,27.327,29.702,2.375
texas_4,texas,4,Georgetown AC,Wake Forest HN,Aff,41.209,41.218,0.009,27.305,27.29,-0.015
texas_4,texas,4,Kansas ST,Utah PP,Aff,26.315,26.44,0.125,15.033,14.873,-0.16
texas_4,texas,4,Texas FL,Harvard DS,Neg,31.452,31.131,-0.321,31.832,32.138,0.305
texas_4,texas,4,Northwestern LO,Michigan BL,Neg,23.415,22.183,-1.231,20.351,21.023,0.672
texas_4,texas,4,Wichita State GM,Emory LY,Neg,28.244,28.164,-0.08,35.843,35.907,0.065
texas_4,texas,4,Cal State Fullerton MN,Wyoming CH,Aff,13.81,15.671,1.861,20.562,19.825,-0.737
texas_4,texas,4,George Mason RS,Michigan State FM,Neg,15.326,15.307,-0.019,31.395,31.402,0.007
texas_4,texas,4,Kansas HL,NYU JT,Neg,16.861,16.726,-0.134,24.67,24.868,0.198
texas_4,texas,4,Michigan State GS,George Mason RT,Aff,31.449,31.5,0.052,21.76,21.604,-0.156
texas_4,texas,4,UTD HK,Northwestern LW,Aff,30.89,31.044,0.154,25.947,25.781,-0.166
texas_4,texas,4,Michigan ES,Missouri State NS,Aff,36.734,36.764,0.03,25.652,25.609,-0.043
texas_4,texas,4,Northwestern PS,Kansas CF,Aff,35.006,35.077,0.07,26.585,26.358,-0.227
texas_4,texas,4,Iowa AP,Michigan BP,Neg,38.792,38.677,-0.115,43.251,43.356,0.104
texas_4,texas,4,UC Berkeley MR,NYU MS,Aff,36.376,36.54,0.164,33.411,33.09,-0.321
texas_4,texas,4,Georgetown LN,Kentucky GS,Neg,23.174,23.097,-0.077,31.873,31.928,0.055
texas_4,texas,4,Southern California DT,Dartmouth JR,Neg,27.615,26.305,-1.311,26.333,26.703,0.37
texas_4,texas,4,Emory RY,Southern California BM,Aff,34.047,34.137,0.09,27.383,27.222,-0.161
texas_4,texas,4,Georgia CK,Kansas State LW,Aff,26.524,26.629,0.105,19.497,18.971,-0.526
texas_4,texas,4,Trinity KP,Northwestern LR,Neg,22.657,22.65,-0.007,40.095,40.097,0.003
texas_4,texas,4,Missouri State DN,Kansas SS,Neg,28.977,26.016,-2.961,30.758,30.955,0.198
texas_4,texas,4,Emory KS,Dartmouth BG,Aff,34.599,34.605,0.006,17.611,17.595,-0.016
texas_4,texas,4,Michigan SS (Shah/Shih),Michigan State GL,Aff,39.868,40.073,0.205,38.887,38.681,-0.206
texas_4,texas,4,Kansas LS,Wyoming WW,Aff,44.27,44.27,0.0,20.913,20.912,-0.0
texas_4,texas,4,Kansas HF,UC Berkeley GS,Neg,22.441,20.643,-1.798,26.349,26.59,0.24
texas_4,texas,4,Kansas BS,Emory AS,Neg,30.317,27.546,-2.771,27.497,28.077,0.58
texas_4,texas,4,Wake Forest MS,Wyoming LW,Aff,12.711,14.463,1.752,12.737,10.344,-2.393
texas_4,texas,4,UTD DD,Wake Forest LW,Neg,27.453,27.165,-0.287,31.281,31.468,0.187
texas_4,texas,4,Indiana FT,Michigan State JS,Neg,13.289,13.276,-0.013,29.829,29.834,0.005
texas_4,texas,4,Emory CR,Iowa BS,Aff,22.42,23.152,0.732,25.329,24.93,-0.399
texas_4,texas,4,Oklahoma DF,Northwestern HP,Neg,11.85,10.145,-1.705,14.488,14.787,0.299
texas_4,texas,4,James Madison KP,Wake Forest DE,Neg,8.187,8.168,-0.019,27.465,27.469,0.004
texas_4,texas,4,Dartmouth CG,Kansas AU,Aff,31.512,31.928,0.415,35.9,35.461,-0.439
texas_4,texas,4,Georgia CP,Kansas BB,Neg,23.205,22.606,-0.599,18.093,20.84,2.747
texas_4,texas,4,Kansas BP (Bauman/Persson),Harvard CS,Aff,22.237,23.042,0.804,18.893,18.433,-0.46
texas_4,texas,4,UTD HH,Kansas OW,Neg,25.878,25.813,-0.065,36.07,36.104,0.034
texas_4,texas,4,Northwestern LL,Western Kentucky KC,Neg,27.652,27.457,-0.196,30.737,32.044,1.307
texas_4,texas,4,Missouri State BH,Oklahoma BW (Ballinger/Wright),Neg,13.094,10.998,-2.096,14.282,16.102,1.82
texas_4,texas,4,George Mason WW,Kentucky SR,Neg,30.647,30.382,-0.265,31.47,32.388,0.918
texas_4,texas,4,Oklahoma DT,Emory SW,Aff,16.291,17.238,0.947,20.278,18.964,-1.314
texas_4,texas,4,Kansas BW,Southern California BR,Aff,29.368,29.709,0.341,31.676,31.148,-0.528
texas_4,texas,4,Iowa EW,CSU Long Beach OM,Neg,32.749,32.627,-0.122,38.065,38.154,0.089
texas_4,texas,4,Kansas LP,Emory CG,Aff,24.542,25.816,1.273,15.443,15.325,-0.119
texas_4,texas,4,UTD KR,Emory GM,Neg,14.928,14.905,-0.022,32.553,32.563,0.011
texas_4,texas,4,Minnesota HU,Baylor MP,Aff,24.384,24.477,0.093,16.437,16.309,-0.128
texas_4,texas,4,James Madison MO,Houston IF,Neg,16.28,15.855,-0.425,23.247,24.226,0.979
texas_4,texas,4,UTD PR,George Mason DE,Aff,31.223,31.316,0.093,25.041,24.811,-0.23
texas_4,texas,4,UC Berkeley BU,Macalester KH,Neg,31.99,31.778,-0.212,32.785,34.173,1.388
texas_4,texas,4,Kansas FS,Baylor BK,Neg,20.465,19.733,-0.732,22.655,22.948,0.293
texas_4,texas,4,Northwestern AP,Baylor DL,Neg,33.65,30.74,-2.91,32.809,33.035,0.226
texas_4,texas,4,Georgetown CX,Liberty CL,Neg,28.034,26.159,-1.875,30.48,30.675,0.195
texas_4,texas,4,Northwestern AK,Dartmouth HP (Park/Hant),Aff,22.49,22.783,0.293,20.233,18.303,-1.93
texas_4,texas,4,Wake Forest PS (Patel/Sayoto),NYU KK,Aff,23.052,24.609,1.557,20.229,18.251,-1.978
texas_4,texas,4,Cal State Fullerton CD,Emory KW,Aff,13.786,14.926,1.14,14.504,13.845,-0.66
texas_4,texas,4,Kansas State DR (Day/Robertson),Utah WV,Aff,17.93,20.269,2.34,20.632,17.586,-3.046
texas_5,texas,5,Wake Forest MS,NYU MS,Neg,14.463,14.424,-0.039,33.09,33.098,0.009
texas_5,texas,5,Southern California BM,Emory CR,Aff,27.222,27.474,0.252,23.152,22.881,-0.271
texas_5,texas,5,Georgetown AC,Kansas BW,Aff,41.218,41.237,0.019,29.709,29.685,-0.024
texas_5,texas,5,NYU KK,Texas GS,Neg,18.251,16.477,-1.773,21.187,21.485,0.298
texas_5,texas,5,UTD DD,Kansas BB,Aff,27.165,27.343,0.178,20.84,20.274,-0.566
texas_5,texas,5,Kansas LP,Georgetown CX,Aff,25.816,28.733,2.917,26.159,24.503,-1.656
texas_5,texas,5,James Madison KP,Binghamton PT,Neg,8.168,7.239,-0.929,11.577,12.2,0.623
texas_5,texas,5,Dartmouth CG,UTD PR,Aff,31.928,32.156,0.229,31.316,31.085,-0.231
texas_5,texas,5,Binghamton CK,Wake Forest LW,Aff,38.291,38.357,0.066,31.468,31.365,-0.103
texas_5,texas,5,Wyoming WW,Missouri State DN,Aff,20.912,21.434,0.521,26.016,21.884,-4.132
texas_5,texas,5,Georgia CP,Houston HM,Aff,22.606,22.81,0.204,18.356,17.032,-1.323
texas_5,texas,5,Southern California DT,Oklahoma DT,Aff,26.305,26.533,0.228,17.238,17.102,-0.135
texas_5,texas,5,Wake Forest AB,George Mason DE,Neg,25.41,24.949,-0.461,24.811,25.422,0.612
texas_5,texas,5,Utah PP,Baylor MP,Neg,14.873,13.999,-0.874,16.309,16.681,0.372
texas_5,texas,5,UC Berkeley GS,Iowa AP,Neg,26.59,26.551,-0.038,38.677,38.695,0.018
texas_5,texas,5,UTD KR,Kansas FS,Aff,14.905,16.567,1.661,19.733,18.42,-1.312
texas_5,texas,5,Iowa KS,Minnesota HU,Aff,24.07,24.471,0.401,24.477,24.106,-0.371
texas_5,texas,5,Georgia CK,Northwestern LW,Aff,26.629,26.913,0.285,25.781,25.474,-0.307
texas_5,texas,5,Cal State Fullerton MN,Northwestern LL,Neg,15.671,15.578,-0.093,27.457,27.49,0.033
texas_5,texas,5,Kansas State DR (Day/Robertson),Trinity KP,Neg,20.269,18.834,-1.435,22.65,23.004,0.354
texas_5,texas,5,Kansas BP (Bauman/Persson),Wake Forest HN,Aff,23.042,24.789,1.748,27.29,26.803,-0.487
texas_5,texas,5,CSU Long Beach ES,Wichita State GM,Neg,18.176,18.073,-0.103,28.164,28.21,0.046
texas_5,texas,5,Kansas LV,Iowa BS,Aff,14.508,19.715,5.207,24.93,24.402,-0.528
texas_5,texas,5,Baylor BK,Georgetown GT,Aff,22.948,23.529,0.58,26.535,25.854,-0.681
texas_5,texas,5,Central Oklahoma EW,James Madison MO,Neg,18.685,15.513,-3.172,15.855,17.012,1.157
texas_5,texas,5,George Mason RT,Houston IF,Neg,21.604,21.089,-0.515,24.226,25.742,1.517
texas_5,texas,5,Southern Nazarene HS,Kansas HL,Neg,13.929,13.132,-0.797,16.726,17.034,0.308
texas_5,texas,5,Northwestern AK,Michigan CS (Chamarthy/Sharma),Neg,22.783,22.518,-0.264,25.989,27.198,1.209
texas_5,texas,5,UTD HH,Dartmouth BG,Neg,25.813,24.921,-0.892,17.595,19.322,1.727
texas_5,texas,5,Macalester KH,Kansas SS,Aff,34.173,35.032,0.859,30.955,30.765,-0.191
texas_5,texas,5,Missouri State NS,NYU JT,Aff,25.609,25.944,0.335,24.868,24.255,-0.613
texas_5,texas,5,Dartmouth GH (Guo/Hatton),Michigan OJ,Neg,21.813,21.377,-0.436,19.146,21.653,2.507
texas_5,texas,5,Wake Forest PS (Patel/Sayoto),Emory GM,Neg,24.609,23.887,-0.721,32.563,32.726,0.163
texas_5,texas,5,Kansas AU,Southern California MT,Aff,35.461,35.509,0.047,26.169,26.082,-0.087
texas_5,texas,5,Cal State Fullerton CD,Northwestern HP,Aff,14.926,15.86,0.934,14.787,14.352,-0.435
texas_5,texas,5,UC Berkeley BU,Dartmouth JR,Neg,31.778,31.336,-0.442,26.703,27.285,0.583
texas_5,texas,5,Northwestern PS,Emory LY,Aff,35.077,35.403,0.326,35.907,35.642,-0.265
texas_5,texas,5,Trinity BK,Wyoming LW,Aff,11.836,12.592,0.756,10.344,8.535,-1.809
texas_5,texas,5,George Mason WW,Emory ST,Aff,30.382,30.417,0.035,19.131,19.053,-0.077
texas_5,texas,5,Michigan SS (Shah/Shih),UC Berkeley MR,Neg,40.073,39.733,-0.34,36.54,36.913,0.373
texas_5,texas,5,Michigan BP,Kansas LS,Neg,43.356,43.175,-0.181,44.27,44.469,0.2
texas_5,texas,5,Kansas State DS,West Point OS,Neg,13.617,12.636,-0.982,10.597,11.857,1.26
texas_5,texas,5,Kansas HF,Indiana DJ,Aff,20.643,21.906,1.263,16.307,14.827,-1.48
texas_5,texas,5,Michigan ES,Emory RY,Neg,36.764,36.393,-0.372,34.137,34.497,0.36
texas_5,texas,5,Emory CG,Utah WV,Neg,15.325,15.027,-0.298,17.586,19.323,1.737
texas_5,texas,5,Kansas BS,George Mason RS,Aff,27.546,27.775,0.23,15.307,15.214,-0.092
texas_5,texas,5,Northwestern LR,Kentucky SR,Aff,40.097,40.159,0.061,32.388,32.122,-0.266
texas_5,texas,5,Indiana FT,Emory SW,Neg,13.276,12.998,-0.279,18.964,19.311,0.347
texas_5,texas,5,Michigan State FM,Liberty CL,Aff,31.402,31.665,0.264,30.675,30.392,-0.283
texas_5,texas,5,Northwestern LO,Kansas State LW,Aff,22.183,22.681,0.497,18.971,18.11,-0.861
texas_5,texas,5,Iowa EW,UTD HK,Aff,32.627,32.848,0.221,31.044,30.784,-0.26
texas_5,texas,5,Western Kentucky KC,Michigan State GL,Neg,32.044,31.405,-0.639,38.681,38.76,0.078
texas_5,texas,5,Dartmouth BC,Michigan BL,Neg,26.019,25.478,-0.541,21.023,21.842,0.819
texas_5,texas,5,Baylor DL,Kentucky GS,Aff,33.035,33.261,0.226,31.928,31.701,-0.227
texas_5,texas,5,Northwestern AP,Kansas OW,Aff,30.74,34.115,3.376,36.104,35.783,-0.321
texas_5,texas,5,Missouri State BH,Emory KW,Neg,10.998,9.383,-1.615,13.845,14.215,0.37
texas_5,texas,5,Emory KS,Western Kentucky FN,Aff,34.605,34.756,0.151,29.702,28.556,-1.146
texas_5,texas,5,Wake Forest DE,Michigan State JS,Aff,27.469,27.933,0.464,29.834,29.465,-0.37
texas_5,texas,5,Michigan State GS,Harvard DS,Aff,31.5,31.816,0.316,32.138,31.801,-0.336
texas_5,texas,5,Emory AS,Southern California BR,Aff,28.077,28.783,0.707,31.148,30.623,-0.525
texas_5,texas,5,Harvard CS,Wyoming HP,Neg,18.433,17.459,-0.974,13.414,16.29,2.876
texas_5,texas,5,Kansas CF,Georgetown LN,Neg,26.358,25.142,-1.216,23.097,23.576,0.479
texas_5,texas,5,Texas FL,Kansas ST,Aff,31.131,31.289,0.158,26.44,26.004,-0.436
texas_5,texas,5,Emory GS,CSU Long Beach OM,Aff,44.822,44.895,0.072,38.154,38.088,-0.067
texas_6,texas,6,Indiana DJ,Dartmouth GH (Guo/Hatton),Neg,14.827,13.855,-0.972,21.377,21.513,0.136
texas_6,texas,6,Kansas SS,Texas FL,Aff,30.765,31.096,0.332,31.289,30.95,-0.339
texas_6,texas,6,Trinity KP,Southern California DT,Neg,23.004,22.696,-0.308,26.533,27.12,0.587
texas_6,texas,6,Oklahoma DF,Harvard CS,Neg,10.145,9.438,-0.707,17.459,17.675,0.216
texas_6,texas,6,Georgetown GT,Kansas HF,Aff,25.854,26.083,0.229,21.906,20.656,-1.25
texas_6,texas,6,Emory CR,Cal State Fullerton MN,Aff,22.881,23.026,0.144,15.578,15.311,-0.267
texas_6,texas,6,Western Kentucky FN,Michigan ES,Neg,28.556,27.961,-0.595,36.393,36.466,0.074
texas_6,texas,6,Minnesota HU,Northwestern AK,Aff,24.106,24.379,0.273,22.518,22.167,-0.352
texas_6,texas,6,CSU Long Beach OM,Northwestern PS,Aff,38.088,38.226,0.138,35.403,35.208,-0.194
texas_6,texas,6,Wake Forest HN,Kansas LV,Aff,26.803,26.91,0.107,19.715,19.098,-0.617
texas_6,texas,6,Houston IF,Emory KS,Neg,25.742,25.275,-0.467,34.756,34.83,0.074
texas_6,texas,6,Dartmouth BG,Michigan SS (Shah/Shih),Neg,19.322,19.32,-0.003,39.733,39.734,0.001
texas_6,texas,6,Wyoming LW,Kansas State DS,Aff,8.535,11.182,2.647,12.636,11.752,-0.884
texas_6,texas,6,Michigan CS (Chamarthy/Sharma),Michigan State FM,Neg,27.198,26.332,-0.866,31.665,31.804,0.138
texas_6,texas,6,Harvard DS,Wyoming WW,Aff,31.801,31.843,0.041,21.434,21.377,-0.057
texas_6,texas,6,Kansas HL,UTD DD,Neg,17.034,16.966,-0.068,27.343,27.411,0.068
texas_6,texas,6,James Madison MO,UC Berkeley BU,Neg,17.012,16.958,-0.053,31.336,31.348,0.012
texas_6,texas,6,Wichita State GM,Georgia CK,Neg,28.21,27.871,-0.34,26.913,27.274,0.361
texas_6,texas,6,Dartmouth JR,Baylor DL,Neg,27.285,27.162,-0.123,33.261,33.358,0.097
texas_6,texas,6,Kansas ST,Kansas State DR (Day/Robertson),Aff,26.004,26.27,0.266,18.834,18.239,-0.595
texas_6,texas,6,Emory GM,Michigan BP,Neg,32.726,32.65,-0.076,43.175,43.202,0.027
texas_6,texas,6,George Mason RS,Georgia CP,Neg,15.214,14.997,-0.217,22.81,22.923,0.113
texas_6,texas,6,Kansas BW,Emory AS,Neg,29.685,29.407,-0.278,28.783,29.314,0.53
texas_6,texas,6,UTD PR,Michigan State GS,Aff,31.085,31.351,0.266,31.816,31.505,-0.311
texas_6,texas,6,Northwestern LL,Binghamton CK,Neg,27.49,27.453,-0.037,38.357,38.38,0.023
texas_6,texas,6,West Point OS,James Madison KP,Aff,11.857,12.29,0.434,7.239,6.54,-0.699
texas_6,texas,6,Wyoming HP,George Mason RT,Neg,16.29,15.497,-0.793,21.089,21.462,0.373
texas_6,texas,6,Emory SW,CSU Long Beach ES,Aff,19.311,19.947,0.637,18.073,17.567,-0.506
texas_6,texas,6,Georgetown CX,UTD HH,Neg,24.503,22.833,-1.671,24.921,25.261,0.34
texas_6,texas,6,NYU MS,Iowa EW,Aff,33.098,33.547,0.448,32.848,32.594,-0.254
texas_6,texas,6,Michigan State JS,Trinity BK,Aff,29.465,29.47,0.005,12.592,12.571,-0.021
texas_6,texas,6,Binghamton PT,Central Oklahoma EW,Neg,12.2,11.636,-0.565,15.513,16.855,1.341
texas_6,texas,6,Kansas FS,Emory CG,Aff,18.42,18.92,0.499,15.027,14.755,-0.271
texas_6,texas,6,Northwestern HP,NYU KK,Aff,14.352,14.818,0.467,16.477,13.983,-2.494
texas_6,texas,6,Southern California BR,George Mason WW,Aff,30.623,30.976,0.353,30.417,30.123,-0.294
texas_6,texas,6,Emory RY,Dartmouth CG,Neg,34.497,34.158,-0.339,32.156,32.474,0.318
texas_6,texas,6,Texas GS,Northwestern LO,Neg,21.485,21.079,-0.406,22.681,23.324,0.643
texas_6,texas,6,Emory LY,Kansas BP (Bauman/Persson),Aff,35.642,35.673,0.031,24.789,24.65,-0.14
texas_6,texas,6,UTD HK,Northwestern AP,Aff,30.784,31.165,0.381,34.115,31.9,-2.216
texas_6,texas,6,Georgetown LN,Kansas LP,Neg,23.576,23.427,-0.149,28.733,30.1,1.368
texas_6,texas,6,Liberty CL,Wake Forest DE,Neg,30.392,29.994,-0.398,27.933,28.379,0.446
texas_6,texas,6,Missouri State DN,Wake Forest AB,Neg,21.884,20.511,-1.373,24.949,25.197,0.248
texas_6,texas,6,Emory KW,Wake Forest MS,Neg,14.215,13.718,-0.497,14.424,16.146,1.722
texas_6,texas,6,NYU JT,Cal State Fullerton CD,Aff,24.255,24.413,0.158,15.86,15.636,-0.224
texas_6,texas,6,Wake Forest LW,Southern California BM,Neg,31.365,30.89,-0.475,27.474,28.149,0.675
texas_6,texas,6,Emory ST,Wake Forest PS (Patel/Sayoto),Neg,19.053,18.748,-0.305,23.887,24.916,1.029
texas_6,texas,6,Oklahoma DT,Wyoming CH,Neg,17.102,16.691,-0.412,19.825,20.089,0.264
texas_6,texas,6,Iowa BS,Missouri State BH,Aff,24.402,24.417,0.015,9.383,9.261,-0.122
texas_6,texas,6,Michigan State GL,Macalester KH,Neg,38.76,38.456,-0.304,35.032,36.746,1.715
texas_6,texas,6,Michigan BL,Kansas AU,Neg,21.842,21.819,-0.023,35.509,35.521,0.013
texas_6,texas,6,Iowa AP,Northwestern LR,Neg,38.695,38.512,-0.184,40.159,40.343,0.184
texas_6,texas,6,UC Berkeley MR,Georgetown AC,Neg,36.913,36.788,-0.125,41.237,41.345,0.107
texas_6,texas,6,Kansas BB,UTD KR,Neg,20.274,18.557,-1.718,16.567,17.831,1.265
texas_6,texas,6,George Mason DE,Missouri State NS,Aff,25.422,25.993,0.57,25.944,25.563,-0.381
texas_6,texas,6,Houston HM,Southern Nazarene HS,Neg,17.032,14.497,-2.535,13.132,14.42,1.288
texas_6,texas,6,Utah WV,Kansas CF,Neg,19.323,18.457,-0.866,25.142,25.462,0.319
texas_6,texas,6,Northwestern LW,Oklahoma BW (Ballinger/Wright),Aff,25.474,25.545,0.072,16.102,15.569,-0.533
texas_6,texas,6,Kentucky SR,Kansas BS,Neg,32.122,30.973,-1.149,27.775,30.111,2.336
texas_6,texas,6,Southern California MT,Western Kentucky KC,Aff,26.082,26.762,0.68,31.405,29.02,-2.384
texas_6,texas,6,Kansas LS,Emory GS,Neg,44.469,44.261,-0.208,44.895,45.103,0.208
texas_6,texas,6,Kentucky GS,Iowa KS,Aff,31.701,31.776,0.075,24.471,24.362,-0.109
texas_6,texas,6,Michigan OJ,UC Berkeley GS,Aff,21.653,24.109,2.455,26.551,25.912,-0.639
texas_6,texas,6,Kansas State LW,Utah PP,Neg,18.11,16.433,-1.678,13.999,15.305,1.306
texas_6,texas,6,Baylor MP,Dartmouth BC,Aff,16.681,17.73,1.049,25.478,24.773,-0.704
texas_6,texas,6,Kansas OW,Baylor BK,Aff,35.783,35.8,0.018,23.529,23.499,-0.029
texas_7,texas,7,UTD HK,Kansas BW,Neg,31.165,30.791,-0.374,29.407,29.712,0.305
texas_7,texas,7,Kansas BS,Dartmouth JR,Aff,30.111,31.042,0.931,27.162,26.968,-0.194
texas_7,texas,7,Macalester KH,Emory RY,Neg,36.746,35.426,-1.321,34.158,34.463,0.305
texas_7,texas,7,Central Oklahoma EW,Emory ST,Neg,16.855,15.475,-1.38,18.748,19.182,0.434
texas_7,texas,7,Northwestern AP,Kansas LP,Aff,31.9,32.826,0.927,30.1,28.455,-1.645
texas_7,texas,7,Harvard DS,Emory LY,Neg,31.843,31.673,-0.169,35.673,35.804,0.131
texas_7,texas,7,Emory GS,Georgetown AC,Aff,45.103,45.226,0.123,41.345,41.228,-0.117
texas_7,texas,7,George Mason WW,Northwestern LW,Aff,30.123,30.269,0.147,25.545,25.381,-0.164
texas_7,texas,7,Emory GM,Michigan BL,Aff,32.65,32.72,0.07,21.819,21.761,-0.058
texas_7,texas,7,Minnesota HU,Kentucky SR,Neg,24.379,24.265,-0.114,30.973,31.259,0.285
texas_7,texas,7,Kansas LV,Oklahoma DT,Neg,19.098,17.205,-1.893,16.691,17.333,0.642
texas_7,texas,7,Michigan State JS,Michigan OJ,Aff,29.47,29.587,0.117,24.109,23.5,-0.609
texas_7,texas,7,Emory KW,Houston HM,Aff,13.718,14.256,0.539,14.497,12.861,-1.636
texas_7,texas,7,James Madison MO,CSU Long Beach ES,Aff,16.958,17.999,1.041,17.567,16.987,-0.579
texas_7,texas,7,Southern California BM,Michigan State GL,Neg,28.149,28.091,-0.058,38.456,38.486,0.03
texas_7,texas,7,Iowa AP,Georgia CK,Aff,38.512,38.534,0.022,27.274,27.244,-0.03
texas_7,texas,7,Wyoming WW,Kansas ST,Neg,21.377,21.185,-0.191,26.27,26.644,0.374
texas_7,texas,7,Northwestern LR,Dartmouth CG,Aff,40.343,40.397,0.054,32.474,32.416,-0.058
texas_7,texas,7,Michigan State FM,CSU Long Beach OM,Neg,31.804,31.707,-0.096,38.226,38.295,0.069
texas_7,texas,7,George Mason RT,Western Kentucky FN,Neg,21.462,21.191,-0.271,27.961,28.632,0.671
texas_7,texas,7,George Mason RS,Kansas FS,Aff,14.997,16.015,1.017,18.92,17.848,-1.072
texas_7,texas,7,Northwestern LO,Iowa EW,Aff,23.324,24.976,1.652,32.594,32.01,-0.584
texas_7,texas,7,Kentucky GS,Wake Forest DE,Aff,31.776,31.929,0.154,28.379,28.182,-0.197
texas_7,texas,7,Southern California MT,Northwestern PS,Neg,26.762,26.662,-0.1,35.208,35.27,0.062
texas_7,texas,7,Kansas OW,Southern California BR,Aff,35.8,35.91,0.109,30.976,30.809,-0.167
texas_7,texas,7,Michigan BP,Binghamton CK,Aff,43.202,43.295,0.094,38.38,38.283,-0.097
texas_7,texas,7,Utah PP,Northwestern AK,Neg,15.305,15.009,-0.296,22.167,22.305,0.138
texas_7,texas,7,Georgetown CX,West Point OS,Aff,22.833,23.11,0.278,12.29,12.149,-0.141
texas_7,texas,7,Kansas State LW,Wyoming LW,Aff,16.433,16.915,0.483,11.182,10.447,-0.735
texas_7,texas,7,Liberty CL,Baylor MP,Aff,29.994,30.017,0.023,17.73,17.696,-0.034
texas_7,texas,7,Southern California DT,UC Berkeley BU,Aff,27.12,28.494,1.374,31.348,30.983,-0.365
texas_7,texas,7,Wyoming HP,UC Berkeley GS,Neg,15.497,15.253,-0.244,25.912,25.983,0.071
texas_7,texas,7,NYU JT,Northwestern LL,Neg,24.413,24.012,-0.401,27.453,27.657,0.204
texas_7,texas,7,NYU MS,George Mason DE,Aff,33.547,33.671,0.124,25.993,25.848,-0.145
texas_7,texas,7,UTD DD,UC Berkeley MR,Neg,27.411,27.329,-0.083,36.788,36.83,0.042
texas_7,texas,7,Baylor DL,Emory KS,Aff,33.358,33.656,0.298,34.83,34.443,-0.386
texas_7,texas,7,Kansas CF,Houston IF,Neg,25.462,24.801,-0.661,25.275,26.891,1.616
texas_7,texas,7,Wake Forest LW,Emory SW,Aff,30.89,30.927,0.038,19.947,19.855,-0.092
texas_7,texas,7,UTD PR,Michigan SS (Shah/Shih),Neg,31.351,31.299,-0.052,39.734,39.782,0.049
texas_7,texas,7,Wichita State GM,Wyoming CH,Aff,27.871,27.944,0.073,20.089,19.989,-0.1
texas_7,texas,7,Wake Forest AB,Missouri State NS,Aff,25.197,25.621,0.424,25.563,25.2,-0.363
texas_7,texas,7,Georgetown GT,Dartmouth BG,Neg,26.083,25.299,-0.783,19.32,20.7,1.38
texas_7,texas,7,Western Kentucky KC,Georgia CP,Neg,29.02,26.878,-2.142,22.923,23.561,0.638
texas_7,texas,7,Baylor BK,UTD HH,Aff,23.499,23.956,0.456,25.261,24.775,-0.486
texas_7,texas,7,Texas GS,Southern Nazarene HS,Aff,21.079,21.242,0.163,14.42,14.078,-0.342
texas_7,texas,7,Oklahoma DF,Trinity BK,Neg,9.438,8.295,-1.143,12.571,13.162,0.592
texas_7,texas,7,Harvard CS,Missouri State DN,Neg,17.675,17.27,-0.405,20.511,21.685,1.174
texas_7,texas,7,Iowa KS,Wake Forest HN,Neg,24.362,24.11,-0.252,26.91,27.137,0.227
texas_7,texas,7,Emory CR,Georgetown LN,Aff,23.026,23.506,0.48,23.427,23.08,-0.348
texas_7,texas,7,Binghamton PT,Dartmouth BC,Neg,11.636,11.569,-0.066,24.773,24.794,0.021
texas_7,texas,7,Oklahoma BW (Ballinger/Wright),Kansas State DR (Day/Robertson),Neg,15.569,14.271,-1.298,18.239,19.22,0.98
texas_7,texas,7,UTD KR,Michigan CS (Chamarthy/Sharma),Neg,17.831,17.602,-0.229,26.332,26.714,0.382
texas_7,texas,7,Indiana DJ,NYU KK,Aff,13.855,15.656,1.801,13.983,12.535,-1.449
texas_7,texas,7,Kansas LS,Emory AS,Aff,44.261,44.268,0.006,29.314,29.3,-0.014
texas_7,texas,7,Kansas AU,Michigan ES,Neg,35.521,35.293,-0.228,36.466,36.697,0.231
texas_7,texas,7,Trinity KP,Wake Forest PS (Patel/Sayoto),Neg,22.696,22.359,-0.337,24.916,26.184,1.268
texas_7,texas,7,Cal State Fullerton MN,Northwestern HP,Aff,15.311,16.054,0.742,14.818,14.431,-0.387
texas_7,texas,7,Kansas BP (Bauman/Persson),Texas FL,Neg,24.65,24.281,-0.369,30.95,31.062,0.112
texas_7,texas,7,Kansas State DS,James Madison KP,Neg,11.752,10.766,-0.986,6.54,8.457,1.918
texas_7,texas,7,Michigan State GS,Kansas SS,Aff,31.505,31.764,0.259,31.096,30.811,-0.285
texas_7,texas,7,Dartmouth GH (Guo/Hatton),Kansas BB,Neg,21.513,21.041,-0.472,18.557,20.046,1.49
texas_7,texas,7,Emory CG,Missouri State BH,Aff,14.755,14.938,0.183,9.261,8.363,-0.898
texas_7,texas,7,Iowa BS,Kansas HL,Neg,24.417,23.852,-0.566,16.966,17.909,0.942
texas_7,texas,7,Cal State Fullerton CD,Utah WV,Neg,15.636,15.108,-0.528,18.457,19.603,1.147
texas_8,texas,8,Missouri State DN,Kansas CF,Neg,21.685,20.713,-0.972,24.801,25.223,0.423
texas_8,texas,8,West Point OS,Kansas State LW,Aff,12.149,13.326,1.177,16.915,15.432,-1.483
texas_8,texas,8,Kansas State DR (Day/Robertson),George Mason RT,Aff,19.22,20.809,1.59,21.191,20.413,-0.778
texas_8,texas,8,Binghamton CK,Southern California DT,Aff,38.283,38.317,0.034,28.494,28.357,-0.137
texas_8,texas,8,NYU KK,Oklahoma DF,Aff,12.535,13.329,0.794,8.295,7.455,-0.84
texas_8,texas,8,Southern Nazarene HS,Dartmouth GH (Guo/Hatton),Aff,14.078,15.791,1.714,21.041,20.382,-0.659
texas_8,texas,8,Northwestern LW,George Mason RS,Aff,25.381,25.44,0.059,16.015,15.89,-0.125
texas_8,texas,8,Wake Forest PS (Patel/Sayoto),Michigan State FM,Neg,26.184,25.508,-0.676,31.707,31.821,0.113
texas_8,texas,8,James Madison KP,Central Oklahoma EW,Neg,8.457,8.094,-0.363,15.475,16.031,0.556
texas_8,texas,8,Iowa EW,James Madison MO,Aff,32.01,32.023,0.013,17.999,17.95,-0.049
texas_8,texas,8,Dartmouth BC,Harvard CS,Aff,24.794,24.877,0.083,17.27,17.092,-0.179
texas_8,texas,8,Kansas SS,Wake Forest MS,Aff,30.811,30.826,0.015,16.146,16.055,-0.091
texas_8,texas,8,Northwestern HP,Kansas LV,Aff,14.431,14.932,0.5,17.205,15.521,-1.684
texas_8,texas,8,Houston IF,Wake Forest LW,Aff,26.891,28.981,2.09,30.927,30.526,-0.401
texas_8,texas,8,Kansas LP,Wichita State GM,Aff,28.455,30.168,1.712,27.944,27.72,-0.224
texas_8,texas,8,Wake Forest HN,Iowa AP,Neg,27.137,27.106,-0.031,38.534,38.555,0.021
texas_8,texas,8,Georgetown AC,Michigan BP,Neg,41.228,41.076,-0.152,43.295,43.443,0.148
texas_8,texas,8,Emory SW,Georgetown CX,Aff,19.855,20.715,0.859,23.11,21.232,-1.878
texas_8,texas,8,Missouri State BH,Kansas State DS,Aff,8.363,10.38,2.017,10.766,10.09,-0.675
texas_8,texas,8,Missouri State NS,Emory KW,Aff,25.2,25.241,0.041,14.256,14.191,-0.066
texas_8,texas,8,Kansas ST,Harvard DS,Neg,26.644,26.301,-0.343,31.673,31.806,0.132
texas_8,texas,8,Kansas FS,Cal State Fullerton CD,Neg,17.848,16.982,-0.866,15.108,16.117,1.01
texas_8,texas,8,Kentucky SR,Southern California MT,Aff,31.259,31.645,0.386,26.662,26.449,-0.213
texas_8,texas,8,Texas FL,Northwestern AP,Aff,31.062,31.394,0.333,32.826,31.384,-1.442
texas_8,texas,8,Western Kentucky FN,Michigan State JS,Aff,28.632,30.287,1.655,29.587,29.324,-0.263
texas_8,texas,8,Wyoming LW,Binghamton PT,Aff,10.447,11.907,1.46,11.569,10.669,-0.9
texas_8,texas,8,Dartmouth CG,Kansas LS,Neg,32.416,32.397,-0.019,44.268,44.285,0.018
texas_8,texas,8,Southern California BR,Northwestern LO,Aff,30.809,30.943,0.135,24.976,24.719,-0.257
texas_8,texas,8,Northwestern LL,UTD DD,Aff,27.657,27.951,0.294,27.329,26.899,-0.43
texas_8,texas,8,Baylor MP,Georgetown GT,Neg,17.696,17.579,-0.117,25.299,25.41,0.111
texas_8,texas,8,Emory AS,Macalester KH,Aff,29.3,30.063,0.763,35.426,33.862,-1.564
texas_8,texas,8,Utah WV,Trinity KP,Neg,19.603,18.583,-1.02,22.359,22.666,0.307
texas_8,texas,8,Northwestern PS,Kansas AU,Aff,35.27,35.544,0.274,35.293,35.042,-0.252
texas_8,texas,8,Wyoming CH,Kansas BP (Bauman/Persson),Neg,19.989,19.796,-0.193,24.281,24.768,0.487
texas_8,texas,8,Michigan ES,Emory GS,Aff,36.697,37.285,0.588,45.226,44.741,-0.485
texas_8,texas,8,Emory ST,NYU JT,Neg,19.182,18.895,-0.287,24.012,24.292,0.28
texas_8,texas,8,Michigan CS (Chamarthy/Sharma),Wake Forest AB,Neg,26.714,25.278,-1.436,25.621,26.018,0.397
texas_8,texas,8,Kansas BW,NYU MS,Aff,29.712,30.077,0.365,33.671,33.007,-0.664
texas_8,texas,8,UTD HH,Cal State Fullerton MN,Aff,24.775,24.859,0.084,16.054,15.886,-0.168
texas_8,texas,8,Wake Forest DE,Baylor BK,Neg,28.182,27.691,-0.492,23.956,24.523,0.567
texas_8,texas,8,Michigan State GL,UTD PR,Neg,38.486,38.028,-0.458,31.299,31.788,0.489
texas_8,texas,8,Emory LY,Kentucky GS,Aff,35.804,35.932,0.128,31.929,31.79,-0.139
texas_8,texas,8,Michigan OJ,Texas GS,Neg,23.5,22.039,-1.461,21.242,21.774,0.533
texas_8,texas,8,George Mason DE,Emory GM,Neg,25.848,25.686,-0.162,32.72,32.896,0.176
texas_8,texas,8,Trinity BK,Oklahoma BW (Ballinger/Wright),Aff,13.162,14.052,0.89,14.271,12.511,-1.76
texas_8,texas,8,Dartmouth JR,Emory CR,Neg,26.968,26.524,-0.444,23.506,24.144,0.638
texas_8,texas,8,Houston HM,Wyoming HP,Aff,12.861,14.379,1.518,15.253,13.755,-1.498
texas_8,texas,8,Georgia CK,Southern California BM,Neg,27.244,26.983,-0.261,28.091,28.458,0.367
texas_8,texas,8,Northwestern AK,UTD KR,Neg,22.305,21.681,-0.624,17.602,18.935,1.333
texas_8,texas,8,UC Berkeley GS,Wyoming WW,Aff,25.983,26.189,0.207,21.185,20.995,-0.19
texas_8,texas,8,CSU Long Beach ES,Emory CG,Aff,16.987,17.398,0.411,14.938,14.624,-0.314
texas_8,texas,8,Kansas HL,Western Kentucky KC,Aff,17.909,18.781,0.872,26.878,24.623,-2.255
texas_8,texas,8,Emory KS,Kansas OW,Neg,34.443,34.188,-0.255,35.91,36.095,0.186
texas_8,texas,8,CSU Long Beach OM,Kansas BS,Aff,38.295,38.354,0.06,31.042,30.641,-0.401
texas_8,texas,8,Michigan BL,Minnesota HU,Aff,21.761,22.35,0.589,24.265,23.841,-0.424
texas_8,texas,8,Dartmouth BG,UTD HK,Neg,20.7,20.596,-0.104,30.791,30.836,0.045
texas_8,texas,8,UC Berkeley MR,Michigan State GS,Aff,36.83,36.936,0.106,31.764,31.643,-0.121
texas_8,texas,8,Kansas HF,Utah PP,Neg,20.656,17.888,-2.768,15.009,16.185,1.176
texas_8,texas,8,Kansas BB,Iowa BS,Aff,20.046,21.475,1.429,23.852,23.482,-0.369
texas_8,texas,8,Michigan SS (Shah/Shih),Baylor DL,Aff,39.782,39.863,0.08,33.656,33.566,-0.089
texas_8,texas,8,Georgetown LN,Indiana DJ,Neg,23.08,22.535,-0.544,15.656,18.896,3.241
texas_8,texas,8,UC Berkeley BU,George Mason WW,Aff,30.983,31.204,0.22,30.269,30.007,-0.263
texas_8,texas,8,Emory RY,Northwestern LR,Neg,34.463,34.371,-0.092,40.397,40.48,0.083
texas_8,texas,8,Georgia CP,Liberty CL,Neg,23.561,23.43,-0.131,30.017,30.117,0.1
texas_8,texas,8,Oklahoma DT,Iowa KS,Neg,17.333,17.153,-0.18,24.11,24.225,0.114
texas_dubs,texas,dubs,Kentucky GS,Michigan BP,Neg,31.79,31.769,-0.021,43.443,43.46,0.017
texas_dubs,texas,dubs,Houston IF,CSU Long Beach OM,Neg,28.981,28.733,-0.248,38.354,38.392,0.038
texas_dubs,texas,dubs,Emory GS,Kansas SS,Aff,44.741,44.749,0.008,30.826,30.814,-0.012
texas_dubs,texas,dubs,Michigan State GS,Kansas LS,Neg,31.643,31.627,-0.017,44.285,44.299,0.014
texas_dubs,texas,dubs,Michigan SS (Shah/Shih),Iowa EW,Aff,39.863,39.917,0.054,32.023,31.96,-0.063
texas_dubs,texas,dubs,UC Berkeley MR,Kansas AU,Aff,36.936,37.113,0.178,35.042,34.853,-0.189
texas_dubs,texas,dubs,Northwestern LR,Emory KS,Neg,40.48,40.069,-0.411,34.188,34.767,0.579
texas_dubs,texas,dubs,Harvard DS,Michigan ES,Neg,31.806,31.686,-0.119,37.285,37.387,0.102
texas_dubs,texas,dubs,Michigan State GL,Georgetown AC,Neg,38.028,37.89,-0.138,41.076,41.203,0.127
texas_dubs,texas,dubs,NYU MS,Emory RY,Neg,33.007,32.67,-0.337,34.371,34.567,0.196
texas_dubs,texas,dubs,Northwestern AP,Iowa AP,Neg,31.384,31.042,-0.342,38.555,38.621,0.066
texas_dubs,texas,dubs,Emory LY,Kansas BW,Aff,35.932,36.019,0.087,30.077,29.987,-0.09
texas_dubs,texas,dubs,UTD PR,Binghamton CK,Neg,31.788,31.712,-0.076,38.317,38.384,0.068
texas_dubs,texas,dubs,Emory AS,Baylor DL,Neg,30.063,29.809,-0.254,33.566,33.709,0.142
texas_dubs,texas,dubs,Kansas OW,Northwestern PS,Neg,36.095,35.857,-0.238,35.544,35.828,0.284
texas_dubs,texas,dubs,Michigan State FM,Dartmouth CG,Neg,31.821,31.571,-0.25,32.397,32.611,0.214
texas_octas,texas,octas,Michigan BP,Dartmouth CG,Aff,43.46,43.481,0.021,32.611,32.586,-0.025
texas_octas,texas,octas,Northwestern PS,CSU Long Beach OM,Neg,35.828,35.649,-0.179,38.392,38.528,0.136
texas_octas,texas,octas,Emory GS,Baylor DL,Aff,44.749,44.771,0.022,33.709,33.684,-0.025
texas_octas,texas,octas,Kansas LS,Binghamton CK,Neg,44.299,43.896,-0.403,38.384,38.761,0.376
texas_octas,texas,octas,Emory LY,Michigan SS (Shah/Shih),Neg,36.019,35.895,-0.124,39.917,40.037,0.12
texas_octas,texas,octas,UC Berkeley MR,Iowa AP,Aff,37.113,37.386,0.273,38.621,38.361,-0.26
texas_octas,texas,octas,Michigan ES,Georgetown AC,Aff,37.387,37.76,0.373,41.203,40.903,-0.3
texas_quarters,texas,quarters,Emory RY,CSU Long Beach OM,Neg,34.567,34.438,-0.129,38.528,38.634,0.106
texas_quarters,texas,quarters,UC Berkeley MR,Emory GS,Neg,37.386,37.325,-0.061,44.771,44.827,0.057
texas_quarters,texas,quarters,Binghamton CK,Michigan SS (Shah/Shih),Neg,38.761,38.596,-0.164,40.037,40.216,0.179
texas_semis,texas,semis,CSU Long Beach OM,Emory GS,Neg,38.634,38.566,-0.068,44.827,44.9,0.073
texas_finals,texas,finals,Michigan BP,Emory GS,Neg,43.481,43.322,-0.159,44.9,45.066,0.166
ada_1,ada,1,Georgia CP,Macalester WD,Aff,23.43,23.619,0.189,20.804,17.184,-3.619
ada_1,ada,1,Michigan State FM,UTD DD,Aff,31.571,31.698,0.127,26.899,26.687,-0.211
ada_1,ada,1,Northwestern AK,UTD HH,Aff,21.681,22.228,0.547,24.859,24.331,-0.527
ada_1,ada,1,Kentucky SR,George Mason RT,Neg,31.645,29.87,-1.775,20.413,22.041,1.627
ada_1,ada,1,Georgetown LN,Northwestern AT,Neg,22.535,22.507,-0.028,34.274,34.3,0.027
ada_1,ada,1,Dartmouth BP,George Mason WW,Neg,23.72,21.317,-2.403,30.007,30.105,0.099
ada_1,ada,1,Missouri State DN,Kansas LS,Neg,20.713,20.71,-0.002,43.896,43.896,0.0
ada_1,ada,1,Kentucky GS,Michigan State GL,Neg,31.769,31.68,-0.089,37.89,37.967,0.077
ada_1,ada,1,Western Kentucky SS (Schintgen/StPeter),George Mason RS,Aff,24.166,24.294,0.129,15.89,15.732,-0.158
ada_1,ada,1,Emory ST,Baylor LP,Neg,18.895,18.691,-0.203,25.0,28.105,3.105
ada_1,ada,1,Georgetown AC,CSU Long Beach OM,Aff,40.903,41.04,0.137,38.566,38.43,-0.136
ada_1,ada,1,Michigan State JS,Kansas AU,Neg,29.324,29.215,-0.109,34.853,34.952,0.099
ada_1,ada,1,Western Kentucky FN,Northwestern LR,Neg,30.287,30.038,-0.249,40.069,40.106,0.037
ada_1,ada,1,Emory CR,Indiana FT,Aff,24.144,24.193,0.049,12.998,12.92,-0.077
ada_1,ada,1,Missouri State NS,Minnesota BM,Aff,25.241,25.441,0.2,25.0,19.737,-5.263
ada_1,ada,1,Georgetown GT,Emory GR,Neg,25.41,25.359,-0.051,37.222,37.525,0.303
ada_1,ada,1,Wake Forest DK,Kansas HM,Aff,21.638,23.0,1.362,10.523,10.36,-0.163
ada_1,ada,1,Kansas BS,Michigan BE,Neg,30.641,30.322,-0.319,39.046,39.658,0.611
ada_1,ada,1,Michigan AO,Kansas OW,Neg,30.853,30.713,-0.139,35.857,35.956,0.099
ada_1,ada,1,Kansas SM,Southern California ZB,Neg,24.181,18.021,-6.16,16.918,20.743,3.825
ada_1,ada,1,Kansas State RS,Kansas LV,Neg,24.969,23.13,-1.839,15.521,17.835,2.314
ada_1,ada,1,Liberty SS,Emory LY,Neg,20.396,20.345,-0.051,35.895,35.903,0.008
ada_1,ada,1,George Mason DE,UC Berkeley MR,Aff,25.686,27.028,1.342,37.325,36.732,-0.594
ada_1,ada,1,Northwestern LW,Michigan SS (Shah/Shetty),Neg,25.44,25.351,-0.089,33.318,33.978,0.66
ada_1,ada,1,Kansas TC,UC Berkeley GS,Aff,25.0,30.845,5.845,26.189,25.913,-0.276
ada_1,ada,1,Georgia CL,Michigan CC,Neg,25.0,22.297,-2.703,32.457,32.551,0.094
ada_1,ada,1,UTD HK,Kansas BP (Bauman/Persson),Aff,30.836,30.945,0.109,24.768,24.437,-0.331
ada_1,ada,1,Emory AS,UTD PR,Neg,29.809,29.495,-0.313,31.712,31.882,0.17
ada_1,ada,1,Kansas LL,Southern California BR,Neg,21.415,19.733,-1.682,30.943,31.022,0.079
ada_1,ada,1,Minnesota HU,Kansas BW,Neg,23.841,23.726,-0.115,29.987,30.071,0.084
ada_1,ada,1,Michigan State GS,UTD KR,Aff,31.627,31.646,0.019,18.935,18.877,-0.058
ada_1,ada,1,Macalester KH,Texas FL,Aff,33.862,34.418,0.556,31.394,31.194,-0.2
ada_1,ada,1,Michigan BL,Northwestern HP,Neg,22.35,21.494,-0.856,14.932,15.739,0.808
ada_2,ada,2,Kansas HM,Georgetown GT,Neg,10.36,10.329,-0.031,25.359,25.374,0.015
ada_2,ada,2,Minnesota BM,Western Kentucky FN,Neg,19.737,18.641,-1.096,30.038,30.314,0.275
ada_2,ada,2,Emory GR,Missouri State NS,Aff,37.525,37.783,0.258,25.441,25.402,-0.039
ada_2,ada,2,Indiana FT,Michigan State JS,Neg,12.92,12.907,-0.013,29.215,29.22,0.005
ada_2,ada,2,Northwestern LR,Emory CR,Aff,40.106,40.11,0.004,24.193,24.184,-0.008
ada_2,ada,2,Kansas AU,Emory ST,Aff,34.952,34.956,0.005,18.691,18.68,-0.011
ada_2,ada,2,CSU Long Beach OM,Western Kentucky KC,Neg,38.43,37.896,-0.534,24.623,27.353,2.73
ada_2,ada,2,Baylor LP,Kentucky GS,Neg,28.105,25.156,-2.949,31.68,31.795,0.115
ada_2,ada,2,George Mason RS,Michigan State FM,Neg,15.732,15.717,-0.014,31.698,31.704,0.006
ada_2,ada,2,Michigan State GL,Western Kentucky SS (Schintgen/StPeter),Aff,37.967,37.977,0.01,24.294,24.269,-0.026
ada_2,ada,2,Kansas LS,Liberty CL,Neg,43.896,43.227,-0.669,30.117,31.036,0.919
ada_2,ada,2,Northwestern AT,Kansas State RS,Aff,34.3,34.335,0.035,23.13,23.032,-0.098
ada_2,ada,2,Southern Nazarene HS,Georgetown LN,Neg,15.791,15.518,-0.273,22.507,22.611,0.104
ada_2,ada,2,George Mason RT,Missouri State DN,Neg,22.041,21.423,-0.618,20.71,22.168,1.458
ada_2,ada,2,Macalester WD,Emory AS,Neg,17.184,16.529,-0.656,29.495,29.551,0.055
ada_2,ada,2,UTD DD,Georgia CP,Aff,26.687,26.953,0.266,23.619,23.389,-0.23
ada_2,ada,2,Texas FL,Michigan BL,Aff,31.194,31.241,0.046,21.494,21.429,-0.065
ada_2,ada,2,Northwestern HP,Macalester KH,Neg,15.739,15.736,-0.003,34.418,34.424,0.006
ada_2,ada,2,UTD KR,Minnesota HU,Neg,18.877,18.516,-0.361,23.726,23.87,0.144
ada_2,ada,2,Kansas BW,Kentucky SR,Neg,30.071,29.847,-0.223,29.87,30.525,0.654
ada_2,ada,2,UTD PR,Kansas LL,Aff,31.882,31.915,0.033,19.733,18.897,-0.835
ada_2,ada,2,Michigan CC,Michigan State GS,Aff,32.551,32.823,0.272,31.646,31.417,-0.229
ada_2,ada,2,Kansas BP (Bauman/Persson),Georgia CL,Aff,24.437,24.885,0.448,22.297,18.889,-3.408
ada_2,ada,2,Southern California BR,UTD HK,Neg,31.022,30.69,-0.332,30.945,31.229,0.284
ada_2,ada,2,George Mason WW,Northwestern AK,Aff,30.105,30.175,0.07,22.228,22.134,-0.094
ada_2,ada,2,UC Berkeley GS,Northwestern LW,Neg,25.913,25.48,-0.433,25.351,25.681,0.33
ada_2,ada,2,UC Berkeley MR,Kansas BS,Aff,36.732,36.806,0.074,30.322,29.913,-0.41
ada_2,ada,2,Michigan SS (Shah/Shetty),Kansas TC,Aff,33.978,35.004,1.026,30.845,28.335,-2.51
ada_2,ada,2,Emory LY,George Mason DE,Aff,35.903,35.946,0.043,27.028,26.938,-0.09
ada_2,ada,2,Southern California ZB,Michigan AO,Neg,20.743,20.058,-0.685,30.713,30.773,0.059
ada_2,ada,2,Kansas LV,Liberty SS,Neg,17.835,17.194,-0.641,20.345,21.221,0.875
ada_2,ada,2,Michigan BE,Kansas SM,Aff,39.658,39.706,0.048,18.021,17.914,-0.107
ada_2,ada,2,Kansas OW,Wake Forest DK,Aff,35.956,35.984,0.028,23.0,22.236,-0.764
ada_3,ada,3,Georgia CL,UC Berkeley GS,Neg,18.889,17.4,-1.49,25.48,25.616,0.136
ada_3,ada,3,Western Kentucky KC,Northwestern LR,Aff,27.353,29.582,2.23,40.11,39.533,-0.577
ada_3,ada,3,Kansas OW,Georgetown AC,Neg,35.984,35.888,-0.097,41.04,41.125,0.084
ada_3,ada,3,Kansas HM,Emory ST,Aff,10.329,11.96,1.631,18.68,17.548,-1.132
ada_3,ada,3,Georgetown GT,Emory CR,Aff,25.374,25.702,0.327,24.184,23.841,-0.343
ada_3,ada,3,Kansas BW,Emory AS,Aff,29.847,30.058,0.21,29.551,29.179,-0.372
ada_3,ada,3,Baylor LP,Northwestern HP,Neg,25.156,18.782,-6.374,15.736,16.306,0.57
ada_3,ada,3,Minnesota HU,Michigan State JS,Neg,23.87,23.741,-0.129,29.22,29.331,0.111
ada_3,ada,3,Michigan SS (Shah/Shetty),UTD HK,Aff,35.004,36.016,1.012,31.229,31.081,-0.148
ada_3,ada,3,Missouri State NS,Kentucky SR,Aff,25.402,25.944,0.542,30.525,29.527,-0.998
ada_3,ada,3,Kentucky GS,UC Berkeley MR,Aff,31.795,32.205,0.41,36.806,36.445,-0.36
ada_3,ada,3,Kansas SM,Indiana FT,Aff,17.914,19.824,1.91,12.907,12.635,-0.272
ada_3,ada,3,Liberty SS,George Mason RT,Neg,21.221,20.151,-1.07,21.423,21.923,0.501
ada_3,ada,3,Macalester KH,George Mason WW,Aff,34.424,34.814,0.389,30.175,30.033,-0.142
ada_3,ada,3,Kansas TC,Texas FL,Neg,28.335,26.181,-2.153,31.241,31.399,0.158
ada_3,ada,3,Michigan BE,Emory LY,Aff,39.706,40.822,1.116,35.946,35.831,-0.116
ada_3,ada,3,Wake Forest DK,Dartmouth BP,Neg,22.236,19.103,-3.133,21.317,24.418,3.102
ada_3,ada,3,Kansas LS,Georgia CP,Aff,43.227,43.227,0.001,23.389,23.388,-0.001
ada_3,ada,3,Michigan CC,Michigan State GL,Neg,32.823,32.69,-0.132,37.977,38.069,0.092
ada_3,ada,3,Kansas BP (Bauman/Persson),Northwestern AK,Aff,24.885,25.402,0.517,22.134,21.896,-0.238
ada_3,ada,3,Macalester WD,George Mason RS,Aff,16.529,19.314,2.786,15.717,15.287,-0.43
ada_3,ada,3,Michigan AO,Georgetown LN,Neg,30.773,30.125,-0.648,22.611,23.288,0.677
ada_3,ada,3,Kansas BS,Kansas State RS,Neg,29.913,28.124,-1.789,23.032,24.393,1.36
ada_3,ada,3,Northwestern AT,Liberty CL,Aff,34.335,34.517,0.181,31.036,30.869,-0.167
ada_3,ada,3,Kansas LL,UTD KR,Aff,18.897,22.135,3.238,18.516,18.022,-0.494
ada_3,ada,3,UTD PR,Emory GR,Neg,31.915,31.83,-0.085,37.783,38.597,0.814
ada_3,ada,3,Kansas AU,Michigan State FM,Aff,34.956,35.103,0.147,31.704,31.544,-0.16
ada_3,ada,3,Kansas LV,George Mason DE,Neg,17.194,17.031,-0.163,26.938,27.015,0.077
ada_3,ada,3,Western Kentucky FN,UTD DD,Aff,30.314,31.052,0.738,26.953,26.719,-0.235
ada_3,ada,3,Northwestern LW,Southern California BR,Neg,25.681,25.543,-0.139,30.69,30.836,0.146
ada_3,ada,3,Missouri State DN,Western Kentucky SS (Schintgen/StPeter),Neg,22.168,21.318,-0.85,24.269,24.626,0.357
ada_3,ada,3,Michigan State GS,Southern California ZB,Aff,31.417,31.454,0.037,20.058,19.614,-0.443
ada_4,ada,4,Kansas State RS,Kansas TC,Neg,24.393,23.919,-0.474,26.181,28.062,1.881
ada_4,ada,4,Dartmouth BP,Kansas OW,Neg,24.418,23.831,-0.587,35.888,35.92,0.032
ada_4,ada,4,Michigan State GL,Michigan BE,Neg,38.069,37.941,-0.127,40.822,41.919,1.097
ada_4,ada,4,UC Berkeley GS,Michigan AO,Neg,25.616,25.423,-0.193,30.125,30.266,0.141
ada_4,ada,4,Liberty CL,Macalester WD,Aff,30.869,30.906,0.037,19.314,18.893,-0.421
ada_4,ada,4,CSU Long Beach OM,Kansas LV,Aff,37.896,37.897,0.001,17.031,17.028,-0.003
ada_4,ada,4,UTD KR,Northwestern LW,Neg,18.022,17.829,-0.193,25.543,25.626,0.083
ada_4,ada,4,George Mason DE,Kentucky GS,Neg,27.015,26.823,-0.192,32.205,32.306,0.101
ada_4,ada,4,Emory ST,Kansas BS,Neg,17.548,17.472,-0.076,28.124,28.258,0.134
ada_4,ada,4,Emory AS,Liberty SS,Aff,29.179,29.257,0.077,20.151,19.926,-0.225
ada_4,ada,4,Georgia CP,Kansas SM,Aff,23.388,23.572,0.184,19.824,18.01,-1.814
ada_4,ada,4,Emory GR,Northwestern AT,Aff,38.597,39.531,0.934,34.517,34.369,-0.148
ada_4,ada,4,Emory LY,Western Kentucky FN,Aff,35.831,35.931,0.1,31.052,30.517,-0.534
ada_4,ada,4,Indiana FT,Michigan BL,Neg,12.635,12.504,-0.131,21.429,21.512,0.083
ada_4,ada,4,UC Berkeley MR,Kansas LL,Aff,36.445,36.461,0.016,22.135,21.874,-0.261
ada_4,ada,4,UTD HK,Michigan State GS,Aff,31.081,31.364,0.283,31.454,31.191,-0.263
ada_4,ada,4,Georgetown AC,Kansas AU,Aff,41.125,41.193,0.069,35.103,35.017,-0.086
ada_4,ada,4,Northwestern HP,Michigan CC,Neg,16.306,16.3,-0.006,32.69,32.695,0.005
ada_4,ada,4,Georgetown LN,UTD PR,Neg,23.288,23.226,-0.062,31.83,31.876,0.046
ada_4,ada,4,Northwestern AK,Minnesota HU,Neg,21.896,21.624,-0.271,23.741,23.966,0.226
ada_4,ada,4,George Mason WW,Kansas LS,Neg,30.033,30.019,-0.014,43.227,43.238,0.011
ada_4,ada,4,Western Kentucky SS (Schintgen/StPeter),Macalester KH,Neg,24.626,24.55,-0.076,34.814,34.922,0.108
ada_4,ada,4,Michigan State JS,Michigan SS (Shah/Shetty),Neg,29.331,29.245,-0.086,36.016,36.562,0.546
ada_4,ada,4,Kentucky SR,Kansas HM,Aff,29.527,29.535,0.008,11.96,11.949,-0.011
ada_4,ada,4,Northwestern LR,Kansas BP (Bauman/Persson),Aff,39.533,39.542,0.009,25.402,25.368,-0.033
ada_4,ada,4,George Mason RS,Minnesota BM,Aff,15.287,15.872,0.585,18.641,14.394,-4.247
ada_4,ada,4,Texas FL,Missouri State NS,Aff,31.399,31.516,0.117,25.944,25.811,-0.133
ada_4,ada,4,Michigan State FM,Georgetown GT,Neg,31.544,31.088,-0.456,25.702,26.387,0.685
ada_4,ada,4,UTD DD,Wake Forest DK,Aff,26.719,26.835,0.117,19.103,17.951,-1.153
ada_4,ada,4,George Mason RT,Western Kentucky KC,Neg,21.923,21.774,-0.15,29.582,29.774,0.192
ada_4,ada,4,Southern California BR,Kansas BW,Neg,30.836,30.494,-0.343,30.058,30.295,0.237
ada_4,ada,4,Southern California ZB,Baylor LP,Neg,19.614,17.525,-2.089,18.782,20.795,2.013
ada_4,ada,4,Emory CR,Missouri State DN,Aff,23.841,24.102,0.261,21.318,20.594,-0.724
ada_5,ada,5,Western Kentucky SS (Schintgen/StPeter),George Mason WW,Neg,24.55,24.346,-0.204,30.019,30.132,0.112
ada_5,ada,5,Michigan State FM,Baylor LP,Aff,31.088,31.129,0.041,20.795,20.423,-0.372
ada_5,ada,5,Michigan State GS,UC Berkeley MR,Neg,31.191,31.085,-0.106,36.461,36.549,0.088
ada_5,ada,5,Dartmouth BP,Michigan AO,Neg,23.831,22.623,-1.208,30.266,30.364,0.098
ada_5,ada,5,Michigan CC,Liberty CL,Aff,32.695,32.922,0.227,30.906,30.701,-0.205
ada_5,ada,5,Northwestern AT,Georgetown GT,Aff,34.369,34.438,0.069,26.387,26.299,-0.088
ada_5,ada,5,George Mason RT,Northwestern LW,Neg,21.774,21.48,-0.294,25.626,25.788,0.163
ada_5,ada,5,Kansas BW,Kentucky GS,Neg,30.295,30.135,-0.16,32.306,32.477,0.171
ada_5,ada,5,Western Kentucky KC,Michigan SS (Shah/Shetty),Neg,29.774,29.55,-0.224,36.562,37.048,0.486
ada_5,ada,5,UTD DD,Southern California BR,Neg,26.835,26.613,-0.222,30.494,30.667,0.173
ada_5,ada,5,Kansas TC,Missouri State NS,Aff,28.062,29.545,1.483,25.811,25.61,-0.2
ada_5,ada,5,Minnesota HU,Michigan State GL,Neg,23.966,23.955,-0.011,37.941,37.949,0.008
ada_5,ada,5,Kansas LS,UTD HK,Aff,43.238,43.255,0.017,31.364,31.342,-0.021
ada_5,ada,5,Georgia CP,CSU Long Beach OM,Neg,23.572,23.559,-0.012,37.897,37.903,0.006
ada_5,ada,5,Emory AS,George Mason DE,Aff,29.257,29.512,0.256,26.823,26.531,-0.293
ada_5,ada,5,Northwestern HP,Western Kentucky FN,Neg,16.3,16.281,-0.019,30.517,30.57,0.053
ada_5,ada,5,Emory GR,Michigan BE,Aff,39.531,41.133,1.602,41.919,40.387,-1.531
ada_5,ada,5,Kansas AU,UTD PR,Aff,35.017,35.161,0.145,31.876,31.739,-0.137
ada_5,ada,5,Michigan BL,Georgetown LN,Neg,21.512,21.21,-0.302,23.226,23.452,0.226
ada_5,ada,5,Northwestern LR,Texas FL,Aff,39.542,39.59,0.048,31.516,31.451,-0.066
ada_5,ada,5,Kansas OW,Emory LY,Aff,35.92,36.131,0.212,35.931,35.719,-0.212
ada_5,ada,5,Georgetown AC,Macalester KH,Neg,41.193,40.862,-0.331,34.922,36.168,1.246
ada_5,ada,5,Michigan State JS,Emory CR,Aff,29.245,29.357,0.112,24.102,23.932,-0.17
ada_5,ada,5,Kansas LV,Kentucky SR,Neg,17.028,16.951,-0.078,29.535,29.584,0.048
ada_5,ada,5,Northwestern AK,Kansas State RS,Neg,21.624,21.386,-0.239,23.919,24.405,0.486
ada_5,ada,5,George Mason RS,Georgia CL,Aff,15.872,16.385,0.514,17.4,14.377,-3.023
ada_5,ada,5,Missouri State DN,Liberty SS,Neg,20.594,19.665,-0.928,19.926,20.893,0.967
ada_5,ada,5,Kansas BS,Wake Forest DK,Aff,28.258,28.429,0.171,17.951,17.342,-0.609
ada_5,ada,5,Kansas SM,Macalester WD,Neg,18.01,16.244,-1.765,18.893,20.664,1.771
ada_5,ada,5,Kansas LL,Southern California ZB,Aff,21.874,23.291,1.417,17.525,16.51,-1.015
ada_5,ada,5,Kansas HM,UC Berkeley GS,Neg,11.949,11.906,-0.043,25.423,25.445,0.022
ada_5,ada,5,Emory ST,Indiana FT,Aff,17.472,17.709,0.237,12.504,12.227,-0.277
ada_5,ada,5,Minnesota BM,UTD KR,Neg,14.394,12.818,-1.576,17.829,18.184,0.355
ada_6,ada,6,Macalester KH,Emory GR,Neg,36.168,35.889,-0.279,41.133,41.739,0.605
ada_6,ada,6,Macalester WD,Kansas LL,Neg,20.664,19.401,-1.264,23.291,24.751,1.46
ada_6,ada,6,Emory LY,Kansas BS,Neg,35.719,35.325,-0.393,28.429,30.096,1.667
ada_6,ada,6,Michigan SS (Shah/Shetty),Kansas LS,Neg,37.048,36.558,-0.49,43.255,43.329,0.074
ada_6,ada,6,UTD HK,George Mason RS,Aff,31.342,31.351,0.008,16.385,16.367,-0.018
ada_6,ada,6,George Mason DE,Emory ST,Aff,26.531,26.614,0.083,17.709,17.606,-0.103
ada_6,ada,6,Texas FL,Minnesota HU,Aff,31.451,31.525,0.074,23.955,23.877,-0.078
ada_6,ada,6,Kentucky GS,Michigan CC,Aff,32.477,32.71,0.233,32.922,32.623,-0.299
ada_6,ada,6,Georgia CL,Missouri State DN,Neg,14.377,13.329,-1.047,19.665,20.039,0.374
ada_6,ada,6,Liberty CL,Michigan BL,Aff,30.701,30.744,0.044,21.21,21.147,-0.063
ada_6,ada,6,UC Berkeley GS,Western Kentucky SS (Schintgen/StPeter),Aff,25.445,25.757,0.313,24.346,23.954,-0.393
ada_6,ada,6,Baylor LP,Georgia CP,Neg,20.423,19.258,-1.165,23.559,23.761,0.201
ada_6,ada,6,UTD PR,Michigan State JS,Aff,31.739,31.891,0.151,29.357,29.18,-0.177
ada_6,ada,6,Georgetown GT,UTD DD,Neg,26.299,25.97,-0.329,26.613,26.962,0.349
ada_6,ada,6,Wake Forest DK,Kansas LV,Aff,17.342,19.466,2.124,16.951,16.294,-0.657
ada_6,ada,6,George Mason WW,Kansas BW,Neg,30.132,29.867,-0.264,30.135,30.342,0.207
ada_6,ada,6,Western Kentucky FN,Georgetown AC,Aff,30.57,32.937,2.367,40.862,40.449,-0.414
ada_6,ada,6,Northwestern LW,Western Kentucky KC,Aff,25.788,26.2,0.412,29.55,28.619,-0.931
ada_6,ada,6,Indiana FT,Northwestern AK,Aff,12.227,13.525,1.298,21.386,20.644,-0.742
ada_6,ada,6,UC Berkeley MR,Northwestern AT,Neg,36.549,36.292,-0.257,34.438,34.796,0.358
ada_6,ada,6,Kentucky SR,Northwestern LR,Neg,29.584,29.501,-0.083,39.59,39.621,0.03
ada_6,ada,6,CSU Long Beach OM,George Mason RT,Aff,37.903,37.906,0.003,21.48,21.471,-0.009
ada_6,ada,6,Michigan State GL,Kansas AU,Neg,37.949,37.668,-0.281,35.161,35.473,0.311
ada_6,ada,6,Kansas State RS,Michigan State GS,Neg,24.405,24.191,-0.214,31.085,31.164,0.08
ada_6,ada,6,Michigan BE,Kansas OW,Neg,40.387,38.57,-1.818,36.131,36.42,0.289
ada_6,ada,6,Southern California BR,Michigan State FM,Aff,30.667,30.976,0.309,31.129,30.875,-0.254
ada_6,ada,6,Michigan AO,Kansas TC,Aff,30.364,30.579,0.215,29.545,28.066,-1.479
ada_6,ada,6,Emory CR,Dartmouth BP,Aff,23.932,24.191,0.259,22.623,20.668,-1.954
ada_6,ada,6,Georgetown LN,Emory AS,Neg,23.452,23.347,-0.105,29.512,29.645,0.132
ada_6,ada,6,Liberty SS,Northwestern HP,Aff,20.893,21.34,0.447,16.281,16.103,-0.178
ada_6,ada,6,UTD KR,Kansas SM,Aff,18.184,18.604,0.42,16.244,14.756,-1.488
ada_6,ada,6,Missouri State NS,Kansas HM,Aff,25.61,25.627,0.016,11.906,11.868,-0.038
ada_dubs,ada,dubs,Emory GR,Georgetown GT,Aff,41.739,41.778,0.039,25.97,25.96,-0.011
ada_dubs,ada,dubs,Michigan SS (Shah/Shetty),Missouri State NS,Aff,36.558,36.72,0.162,25.627,25.586,-0.04
ada_dubs,ada,dubs,Northwestern LR,Kentucky SR,Aff,39.621,39.65,0.029,29.501,29.422,-0.079
ada_dubs,ada,dubs,Kentucky GS,Michigan State FM,Aff,32.71,32.877,0.167,30.875,30.693,-0.182
ada_dubs,ada,dubs,Michigan State GS,Kansas AU,Aff,31.164,31.549,0.385,35.473,35.122,-0.351
ada_dubs,ada,dubs,Emory LY,Kansas LS,Neg,35.325,35.277,-0.048,43.329,43.377,0.048
ada_dubs,ada,dubs,UC Berkeley MR,Kansas OW,Aff,36.292,36.492,0.2,36.42,36.215,-0.206
ada_dubs,ada,dubs,Northwestern AT,Southern California BR,Aff,34.796,34.947,0.151,30.976,30.816,-0.159
ada_dubs,ada,dubs,UTD PR,Macalester KH,Neg,31.891,31.778,-0.113,35.889,36.21,0.321
ada_dubs,ada,dubs,Michigan BE,Northwestern LW,Aff,38.57,38.665,0.095,26.2,26.176,-0.024
ada_dubs,ada,dubs,Emory AS,CSU Long Beach OM,Neg,29.645,29.566,-0.079,37.906,37.948,0.041
ada_dubs,ada,dubs,Georgetown AC,Michigan AO,Aff,40.449,40.475,0.026,30.579,30.539,-0.04
ada_dubs,ada,dubs,Liberty CL,Western Kentucky FN,Aff,30.744,31.052,0.307,32.937,31.897,-1.04
ada_dubs,ada,dubs,UTD HK,Western Kentucky KC,Aff,31.351,31.524,0.173,28.619,28.228,-0.391
ada_dubs,ada,dubs,Kansas BW,Michigan State GL,Neg,30.342,30.285,-0.057,37.668,37.723,0.055
ada_dubs,ada,dubs,Michigan CC,Texas FL,Aff,32.623,32.858,0.235,31.525,31.295,-0.23
ada_octas,ada,octas,Michigan CC,Emory GR,Neg,32.858,32.802,-0.057,41.778,42.032,0.255
ada_octas,ada,octas,Michigan SS (Shah/Shetty),Michigan State GL,Aff,36.72,37.927,1.207,37.723,37.521,-0.202
ada_octas,ada,octas,Northwestern LR,UTD HK,Aff,39.65,39.696,0.046,31.524,31.464,-0.06
ada_octas,ada,octas,Liberty CL,Kentucky GS,Neg,31.052,30.858,-0.193,32.877,33.041,0.164
ada_octas,ada,octas,Georgetown AC,Michigan State GS,Aff,40.475,40.508,0.033,31.549,31.505,-0.044
ada_octas,ada,octas,Kansas LS,CSU Long Beach OM,Aff,43.377,43.46,0.084,37.948,37.872,-0.076
ada_octas,ada,octas,Michigan BE,UC Berkeley MR,Aff,38.665,39.405,0.74,36.492,36.358,-0.134
ada_octas,ada,octas,Macalester KH,Northwestern AT,Aff,36.21,36.669,0.459,34.947,34.732,-0.215
ada_quarters,ada,quarters,Kansas LS,Northwestern LR,Aff,43.46,43.573,0.113,39.696,39.583,-0.113
ada_quarters,ada,quarters,Kentucky GS,Georgetown AC,Neg,33.041,32.985,-0.056,40.508,40.555,0.047
ada_quarters,ada,quarters,Emory GR,Macalester KH,Neg,42.032,40.312,-1.72,36.669,37.469,0.799
ada_semis,ada,semis,Macalester KH,Georgetown AC,Neg,37.469,37.157,-0.312,40.555,40.664,0.109
ada_semis,ada,semis,Kansas LS,Michigan BE,Neg,43.573,43.291,-0.282,39.405,40.784,1.379
ada_finals,ada,finals,Georgetown AC,Michigan BE,Neg,40.664,40.504,-0.16,40.784,41.559,0.775
ndt_1,ndt,1,Minnesota HU,Northwestern PS,Neg,23.877,23.853,-0.024,35.649,35.671,0.022
ndt_1,ndt,1,Georgia CP,Binghamton CK,Neg,23.761,23.751,-0.01,38.596,38.602,0.006
ndt_1,ndt,1,Baylor BK,Kansas LS,Neg,24.523,24.521,-0.002,43.291,43.292,0.001
ndt_1,ndt,1,Emory GS,Wake Forest DE,Aff,45.066,45.068,0.002,27.691,27.688,-0.003
ndt_1,ndt,1,Liberty CL,Kansas State DS,Aff,30.858,30.859,0.001,10.09,10.089,-0.002
ndt_1,ndt,1,James Madison MO,Michigan State GS,Neg,17.95,17.894,-0.056,31.505,31.519,0.013
ndt_1,ndt,1,Oklahoma DF,George Mason DE,Neg,7.455,7.438,-0.017,26.614,26.618,0.004
ndt_1,ndt,1,Trinity KP,Northwestern AT,Neg,22.666,22.626,-0.04,34.732,34.753,0.021
ndt_1,ndt,1,CSU Long Beach OM,Wichita State GM,Aff,37.872,37.896,0.025,27.72,27.682,-0.037
ndt_1,ndt,1,Iowa EW,Cornell DV,Aff,31.96,31.964,0.004,11.883,11.833,-0.051
ndt_1,ndt,1,Georgia CK,Michigan State GL,Neg,26.983,26.947,-0.036,37.521,37.545,0.024
ndt_1,ndt,1,Dartmouth CG,Wyoming CH,Aff,32.586,32.6,0.014,19.796,19.773,-0.023
ndt_1,ndt,1,Western Kentucky FN,Navy LS,Aff,31.897,31.934,0.038,16.925,16.861,-0.063
ndt_1,ndt,1,Michigan BP,Southern California MT,Aff,43.322,43.324,0.003,26.449,26.444,-0.006
ndt_1,ndt,1,Central Oklahoma EW,UTD HK,Neg,16.031,15.97,-0.061,31.464,31.474,0.01
ndt_1,ndt,1,UTD DD,Georgetown AC,Neg,26.962,26.945,-0.017,40.504,40.512,0.008
ndt_1,ndt,1,Houston IF,Samford AS,Aff,28.733,29.256,0.523,25.0,21.162,-3.838
ndt_1,ndt,1,James Madison KP,UC Berkeley BU,Neg,8.094,8.093,-0.001,31.204,31.204,0.0
ndt_1,ndt,1,Kansas State DR (Day/Robertson),Northwestern LR,Neg,20.809,20.796,-0.013,39.583,39.585,0.002
ndt_1,ndt,1,Texas FL,Indiana FT,Aff,31.295,31.298,0.003,13.525,13.52,-0.005
ndt_1,ndt,1,Michigan SS (Shah/Shih),Dartmouth JR,Aff,40.216,40.225,0.009,26.524,26.51,-0.013
ndt_1,ndt,1,Northern Iowa CD,Michigan State FM,Neg,11.617,11.592,-0.025,30.693,30.696,0.003
ndt_1,ndt,1,Wake Forest LW,Missouri State DN,Aff,30.526,30.567,0.041,20.039,19.92,-0.119
ndt_1,ndt,1,Iowa AP,Missouri State NS,Aff,38.361,38.374,0.013,25.586,25.568,-0.019
ndt_1,ndt,1,Houston HM,Southern California BR,Neg,14.379,14.347,-0.032,30.816,30.823,0.007
ndt_1,ndt,1,Kansas OW,Texas GS,Aff,36.215,36.222,0.007,21.774,21.758,-0.016
ndt_1,ndt,1,West Georgia KM,UTD PR,Neg,19.594,19.416,-0.178,31.778,31.799,0.021
ndt_1,ndt,1,Gonzaga WW,UC Berkeley MR,Neg,27.781,27.6,-0.181,36.358,36.4,0.042
ndt_1,ndt,1,Emory LY,Western Kentucky SS (Schintgen/StPeter),Aff,35.277,35.298,0.02,23.954,23.909,-0.045
ndt_1,ndt,1,West Point OS,NYU MS,Neg,13.326,13.322,-0.005,32.67,32.673,0.003
ndt_1,ndt,1,Emory KS,Towson DP,Aff,34.767,34.771,0.003,16.182,16.165,-0.016
ndt_1,ndt,1,"Massachusetts, Amherst LM",Kentucky GS,Neg,25.445,25.238,-0.207,32.985,33.042,0.057
ndt_1,ndt,1,Harvard DS,UT San Antonio CG,Aff,31.686,31.704,0.018,17.917,17.827,-0.09
ndt_1,ndt,1,Michigan ES,NYU JT,Aff,37.76,37.772,0.013,24.292,24.261,-0.031
ndt_1,ndt,1,North Texas VB,Macalester KH,Neg,25.0,23.471,-1.529,37.157,37.237,0.08
ndt_1,ndt,1,Georgetown LN,Kansas HP,Neg,23.347,23.337,-0.01,37.545,37.555,0.009
ndt_1,ndt,1,Baylor DL,Liberty SS,Aff,33.684,33.704,0.02,21.34,21.268,-0.071
ndt_1,ndt,1,Southern California BM,Kentucky SR,Neg,28.458,28.12,-0.338,29.422,29.871,0.449
ndt_1,ndt,1,George Mason WW,Harvard AB,Aff,29.867,30.091,0.223,28.971,28.603,-0.368
ndt_2,ndt,2,Kentucky SR,George Mason WW,Neg,29.871,29.397,-0.473,30.091,30.327,0.236
ndt_2,ndt,2,Michigan State GS,Southern California BM,Aff,31.519,31.656,0.138,28.12,27.889,-0.231
ndt_2,ndt,2,Kansas HP,Baylor DL,Aff,37.555,37.697,0.142,33.704,33.572,-0.132
ndt_2,ndt,2,Liberty SS,Georgetown LN,Neg,21.268,20.666,-0.602,23.337,23.536,0.199
ndt_2,ndt,2,Macalester KH,Michigan ES,Neg,37.237,36.813,-0.424,37.772,37.985,0.213
ndt_2,ndt,2,Kentucky GS,Harvard DS,Neg,33.042,32.803,-0.239,31.704,32.034,0.33
ndt_2,ndt,2,UT San Antonio CG,"Massachusetts, Amherst LM",Neg,17.827,17.416,-0.411,25.238,25.451,0.212
ndt_2,ndt,2,Northwestern AT,Dartmouth CG,Neg,34.753,34.425,-0.329,32.6,32.891,0.29
ndt_2,ndt,2,Western Kentucky SS (Schintgen/StPeter),West Point OS,Aff,23.909,23.969,0.061,13.322,13.217,-0.104
ndt_2,ndt,2,NYU MS,Emory LY,Neg,32.673,32.405,-0.268,35.298,35.433,0.136
ndt_2,ndt,2,UC Berkeley MR,Iowa EW,Aff,36.4,36.495,0.095,31.964,31.837,-0.127
ndt_2,ndt,2,Cornell DV,Gonzaga WW,Neg,11.833,11.641,-0.192,27.6,27.647,0.047
ndt_2,ndt,2,Texas GS,West Georgia KM,Aff,21.758,22.049,0.29,19.416,18.338,-1.078
ndt_2,ndt,2,UTD PR,Kansas OW,Aff,31.799,32.136,0.337,36.222,35.897,-0.324
ndt_2,ndt,2,Kansas State DS,Georgia CP,Neg,10.089,10.057,-0.031,23.751,23.768,0.018
ndt_2,ndt,2,Missouri State NS,Houston HM,Aff,25.568,25.605,0.037,14.347,14.192,-0.155
ndt_2,ndt,2,Southern California BR,Iowa AP,Neg,30.823,30.749,-0.074,38.374,38.43,0.056
ndt_2,ndt,2,Michigan State GL,Wake Forest LW,Aff,37.545,37.603,0.058,30.567,30.478,-0.089
ndt_2,ndt,2,Missouri State DN,Georgia CK,Neg,19.92,19.666,-0.254,26.947,27.036,0.089
ndt_2,ndt,2,Dartmouth JR,Northern Iowa CD,Aff,26.51,26.526,0.015,11.592,11.49,-0.101
ndt_2,ndt,2,Michigan State FM,Michigan SS (Shah/Shih),Neg,30.696,30.658,-0.037,40.225,40.259,0.034
ndt_2,ndt,2,Northwestern LR,Texas FL,Aff,39.585,39.629,0.044,31.298,31.239,-0.059
ndt_2,ndt,2,Indiana FT,Kansas State DR (Day/Robertson),Neg,13.52,13.36,-0.159,20.796,21.181,0.385
ndt_2,ndt,2,Wichita State GM,James Madison KP,Aff,27.682,27.684,0.002,8.093,8.086,-0.007
ndt_2,ndt,2,UC Berkeley BU,CSU Long Beach OM,Neg,31.204,31.127,-0.077,37.896,37.954,0.058
ndt_2,ndt,2,Georgetown AC,Houston IF,Aff,40.512,40.532,0.02,29.256,29.118,-0.138
ndt_2,ndt,2,Samford AS,UTD DD,Neg,21.162,18.932,-2.23,26.945,27.079,0.134
ndt_2,ndt,2,Southern California MT,Central Oklahoma EW,Aff,26.444,26.51,0.067,15.97,15.729,-0.241
ndt_2,ndt,2,UTD HK,Michigan BP,Neg,31.474,31.454,-0.021,43.324,43.34,0.015
ndt_2,ndt,2,Navy LS,Baylor BK,Neg,16.861,16.506,-0.356,24.521,24.618,0.097
ndt_2,ndt,2,George Mason DE,Emory GS,Neg,26.618,26.616,-0.003,45.068,45.069,0.001
ndt_2,ndt,2,Wyoming CH,Trinity KP,Neg,19.773,19.534,-0.239,22.626,22.933,0.307
ndt_2,ndt,2,NYU JT,North Texas VB,Aff,24.261,24.6,0.339,23.471,19.229,-4.241
ndt_2,ndt,2,Harvard AB,James Madison MO,Aff,28.603,28.658,0.055,17.894,17.767,-0.127
ndt_2,ndt,2,Towson DP,Minnesota HU,Neg,16.165,15.787,-0.378,23.853,23.931,0.078
ndt_2,ndt,2,Wake Forest DE,Oklahoma DF,Aff,27.688,27.69,0.002,7.438,7.428,-0.01
ndt_2,ndt,2,Kansas LS,Western Kentucky FN,Aff,43.292,43.312,0.02,31.934,31.852,-0.082
ndt_2,ndt,2,Binghamton CK,Liberty CL,Aff,38.602,38.651,0.049,30.859,30.797,-0.062
ndt_2,ndt,2,Northwestern PS,Emory KS,Neg,35.671,35.393,-0.278,34.771,35.092,0.321
ndt_3,ndt,3,NYU JT,Northwestern PS,Neg,24.6,24.533,-0.067,35.393,35.423,0.03
ndt_3,ndt,3,Binghamton CK,Michigan State GS,Aff,38.651,38.708,0.057,31.656,31.589,-0.068
ndt_3,ndt,3,Northwestern LR,Kansas LS,Aff,39.629,39.927,0.299,43.312,43.02,-0.292
ndt_3,ndt,3,Wake Forest DE,UTD DD,Neg,27.69,27.368,-0.321,27.079,27.451,0.371
ndt_3,ndt,3,Trinity KP,Liberty CL,Neg,22.933,22.819,-0.114,30.797,30.858,0.061
ndt_3,ndt,3,James Madison MO,Central Oklahoma EW,Neg,17.767,16.821,-0.946,15.729,17.251,1.522
ndt_3,ndt,3,Oklahoma DF,Wyoming CH,Neg,7.428,7.269,-0.159,19.534,19.571,0.037
ndt_3,ndt,3,Southern California MT,George Mason DE,Aff,26.51,26.92,0.41,26.616,26.227,-0.389
ndt_3,ndt,3,Emory KS,CSU Long Beach OM,Neg,35.092,34.907,-0.185,37.954,38.072,0.118
ndt_3,ndt,3,Michigan BP,George Mason WW,Aff,43.34,43.35,0.01,30.327,30.313,-0.013
ndt_3,ndt,3,Emory LY,Michigan ES,Neg,35.433,35.297,-0.137,37.985,38.144,0.159
ndt_3,ndt,3,UTD PR,Emory GS,Neg,32.136,32.125,-0.011,45.069,45.08,0.011
ndt_3,ndt,3,Michigan SS (Shah/Shih),Kansas HP,Neg,40.259,39.98,-0.279,37.697,38.032,0.335
ndt_3,ndt,3,Dartmouth CG,Georgetown AC,Neg,32.891,32.834,-0.057,40.532,40.576,0.044
ndt_3,ndt,3,UC Berkeley MR,Harvard DS,Aff,36.495,36.588,0.094,32.034,31.897,-0.137
ndt_3,ndt,3,Iowa AP,Michigan State GL,Neg,38.43,38.198,-0.233,37.603,37.816,0.212
ndt_3,ndt,3,Kentucky GS,Texas GS,Aff,32.803,32.826,0.024,22.049,21.998,-0.051
ndt_3,ndt,3,Kansas OW,Minnesota HU,Aff,35.897,35.913,0.015,23.931,23.909,-0.022
ndt_3,ndt,3,Macalester KH,Georgetown LN,Aff,36.813,36.838,0.024,23.536,23.521,-0.015
ndt_3,ndt,3,"Massachusetts, Amherst LM",Baylor DL,Aff,25.451,26.879,1.429,33.572,33.093,-0.479
ndt_3,ndt,3,Northwestern AT,Kansas State DR (Day/Robertson),Aff,34.425,34.442,0.017,21.181,21.099,-0.082
ndt_3,ndt,3,Gonzaga WW,UC Berkeley BU,Neg,27.647,27.191,-0.455,31.127,31.264,0.137
ndt_3,ndt,3,Wake Forest LW,Georgia CK,Aff,30.478,30.651,0.172,27.036,26.866,-0.17
ndt_3,ndt,3,Kentucky SR,Dartmouth JR,Aff,29.397,29.704,0.307,26.526,26.332,-0.193
ndt_3,ndt,3,Iowa EW,Houston IF,Aff,31.837,31.995,0.158,29.118,28.394,-0.724
ndt_3,ndt,3,NYU MS,Harvard AB,Aff,32.405,32.618,0.214,28.658,28.434,-0.225
ndt_3,ndt,3,Texas FL,Southern California BR,Aff,31.239,31.48,0.241,30.749,30.495,-0.254
ndt_3,ndt,3,UTD HK,Missouri State NS,Neg,31.454,30.991,-0.463,25.605,26.152,0.547
ndt_3,ndt,3,Western Kentucky SS (Schintgen/StPeter),Wichita State GM,Aff,23.969,24.61,0.64,27.684,27.283,-0.401
ndt_3,ndt,3,Western Kentucky FN,Michigan State FM,Aff,31.852,32.463,0.61,30.658,30.472,-0.187
ndt_3,ndt,3,James Madison KP,Northern Iowa CD,Aff,8.086,9.276,1.19,11.49,9.349,-2.142
ndt_3,ndt,3,Baylor BK,Georgia CP,Neg,24.618,24.247,-0.371,23.768,24.133,0.365
ndt_3,ndt,3,Southern California BM,Indiana FT,Aff,27.889,27.903,0.014,13.36,13.341,-0.02
ndt_3,ndt,3,Navy LS,UT San Antonio CG,Aff,16.506,17.607,1.101,17.416,16.228,-1.187
ndt_3,ndt,3,Cornell DV,West Georgia KM,Aff,11.641,15.564,3.923,18.338,16.531,-1.807
ndt_3,ndt,3,Liberty SS,West Point OS,Aff,20.666,20.889,0.223,13.217,13.005,-0.213
ndt_3,ndt,3,Samford AS,North Texas VB,Neg,18.932,16.339,-2.593,19.229,21.922,2.692
ndt_3,ndt,3,Towson DP,Missouri State DN,Aff,15.787,17.403,1.615,19.666,18.668,-0.998
ndt_3,ndt,3,Houston HM,Kansas State DS,Aff,14.192,14.811,0.619,10.057,9.755,-0.302
ndt_4,ndt,4,Northwestern PS,Southern California MT,Aff,35.423,35.475,0.052,26.92,26.834,-0.086
ndt_4,ndt,4,Kansas HP,Binghamton CK,Aff,38.032,38.294,0.262,38.708,38.502,-0.206
ndt_4,ndt,4,Liberty CL,Texas FL,Aff,30.858,31.114,0.257,31.48,31.209,-0.271
ndt_4,ndt,4,West Georgia KM,Wake Forest DE,Neg,16.531,16.361,-0.17,27.368,27.408,0.04
ndt_4,ndt,4,Michigan State GS,Kentucky SR,Aff,31.589,31.757,0.168,29.704,29.363,-0.341
ndt_4,ndt,4,West Point OS,Oklahoma DF,Aff,13.005,13.285,0.28,7.269,6.686,-0.583
ndt_4,ndt,4,Kansas State DS,James Madison MO,Neg,9.755,9.581,-0.174,16.821,17.076,0.255
ndt_4,ndt,4,Houston IF,Trinity KP,Aff,28.394,28.806,0.412,22.819,22.639,-0.18
ndt_4,ndt,4,Kansas LS,"Massachusetts, Amherst LM",Aff,43.02,43.024,0.004,26.879,26.867,-0.012
ndt_4,ndt,4,Kansas State DR (Day/Robertson),Baylor BK,Neg,21.099,20.404,-0.695,24.247,24.444,0.197
ndt_4,ndt,4,Texas GS,Gonzaga WW,Aff,21.998,22.672,0.675,27.191,26.038,-1.153
ndt_4,ndt,4,Michigan ES,Northwestern LR,Neg,38.144,37.969,-0.175,39.927,40.076,0.149
ndt_4,ndt,4,Georgetown AC,UC Berkeley MR,Aff,40.576,40.668,0.092,36.588,36.487,-0.101
ndt_4,ndt,4,Michigan State GL,Michigan BP,Neg,37.816,37.739,-0.076,43.35,43.428,0.078
ndt_4,ndt,4,Harvard DS,Wake Forest LW,Aff,31.897,32.12,0.222,30.651,30.416,-0.235
ndt_4,ndt,4,UT San Antonio CG,Samford AS,Aff,16.228,17.066,0.838,16.339,13.75,-2.588
ndt_4,ndt,4,George Mason WW,Northwestern AT,Neg,30.313,30.183,-0.13,34.442,34.573,0.132
ndt_4,ndt,4,UC Berkeley BU,Kansas OW,Neg,31.264,31.152,-0.113,35.913,36.006,0.094
ndt_4,ndt,4,Missouri State NS,Western Kentucky FN,Neg,26.152,26.05,-0.102,32.463,32.707,0.245
ndt_4,ndt,4,Georgia CP,Iowa EW,Neg,24.133,24.053,-0.081,31.995,32.055,0.06
ndt_4,ndt,4,UTD DD,Michigan SS (Shah/Shih),Neg,27.451,27.428,-0.023,39.98,39.993,0.014
ndt_4,ndt,4,George Mason DE,Kentucky GS,Neg,26.227,26.101,-0.126,32.826,32.892,0.066
ndt_4,ndt,4,Dartmouth JR,UTD PR,Aff,26.332,26.865,0.532,32.125,31.758,-0.366
ndt_4,ndt,4,Harvard AB,Macalester KH,Neg,28.434,28.347,-0.087,36.838,36.936,0.099
ndt_4,ndt,4,Michigan State FM,Emory KS,Neg,30.472,30.358,-0.113,34.907,35.045,0.138
ndt_4,ndt,4,Wyoming CH,Iowa AP,Neg,19.571,19.569,-0.002,38.198,38.199,0.001
ndt_4,ndt,4,North Texas VB,Dartmouth CG,Neg,21.922,21.325,-0.597,32.834,32.87,0.036
ndt_4,ndt,4,Central Oklahoma EW,Emory LY,Neg,17.251,17.235,-0.016,35.297,35.299,0.003
ndt_4,ndt,4,Baylor DL,Navy LS,Aff,33.093,33.1,0.007,17.607,17.573,-0.034
ndt_4,ndt,4,Wichita State GM,Cornell DV,Aff,27.283,27.316,0.033,15.564,15.28,-0.284
ndt_4,ndt,4,Georgetown LN,James Madison KP,Aff,23.521,23.534,0.013,9.276,9.231,-0.045
ndt_4,ndt,4,Southern California BR,Towson DP,Aff,30.495,30.514,0.019,17.403,17.326,-0.077
ndt_4,ndt,4,Georgia CK,Houston HM,Aff,26.866,26.893,0.027,14.811,14.706,-0.105
ndt_4,ndt,4,Minnesota HU,Liberty SS,Neg,23.909,23.543,-0.366,20.889,21.864,0.975
ndt_4,ndt,4,CSU Long Beach OM,Western Kentucky SS (Schintgen/StPeter),Aff,38.072,38.08,0.009,24.61,24.589,-0.02
ndt_4,ndt,4,Emory GS,NYU MS,Aff,45.08,45.094,0.014,32.618,32.593,-0.025
ndt_4,ndt,4,Indiana FT,NYU JT,Neg,13.341,13.282,-0.058,24.533,24.595,0.062
ndt_4,ndt,4,Missouri State DN,Southern California BM,Neg,18.668,18.532,-0.135,27.903,27.973,0.07
ndt_4,ndt,4,Northern Iowa CD,UTD HK,Neg,9.349,9.343,-0.006,30.991,30.992,0.001
ndt_5,ndt,5,Northwestern PS,Michigan ES,Neg,35.475,35.307,-0.168,37.969,38.122,0.153
ndt_5,ndt,5,Western Kentucky FN,Binghamton CK,Neg,32.707,32.45,-0.257,38.502,38.575,0.072
ndt_5,ndt,5,West Point OS,George Mason DE,Neg,13.285,13.237,-0.048,26.101,26.127,0.026
ndt_5,ndt,5,Wake Forest DE,"Massachusetts, Amherst LM",Aff,27.408,27.668,0.26,26.867,26.318,-0.549
ndt_5,ndt,5,Wake Forest LW,Houston IF,Aff,30.416,30.622,0.206,28.806,28.096,-0.711
ndt_5,ndt,5,Michigan State FM,Oklahoma DF,Aff,30.358,30.358,0.0,6.686,6.685,-0.001
ndt_5,ndt,5,James Madison MO,UTD PR,Neg,17.076,17.047,-0.029,31.758,31.766,0.007
ndt_5,ndt,5,Central Oklahoma EW,Trinity KP,Neg,17.235,16.716,-0.519,22.639,22.819,0.18
ndt_5,ndt,5,Kansas LS,Liberty CL,Neg,43.024,42.481,-0.543,31.114,31.788,0.674
ndt_5,ndt,5,Northern Iowa CD,West Georgia KM,Neg,9.343,8.844,-0.499,16.361,16.746,0.385
ndt_5,ndt,5,Northwestern LR,Michigan BP,Neg,40.076,39.962,-0.114,43.428,43.543,0.115
ndt_5,ndt,5,Kansas HP,CSU Long Beach OM,Neg,38.294,38.053,-0.241,38.08,38.262,0.181
ndt_5,ndt,5,UC Berkeley MR,Northwestern AT,Aff,36.487,36.626,0.139,34.573,34.388,-0.186
ndt_5,ndt,5,Kansas OW,Michigan State GL,Aff,36.006,36.242,0.236,37.739,37.51,-0.229
ndt_5,ndt,5,Iowa AP,Michigan SS (Shah/Shih),Neg,38.199,38.039,-0.16,39.993,40.151,0.158
ndt_5,ndt,5,Iowa EW,Dartmouth CG,Neg,32.055,31.842,-0.214,32.87,33.064,0.194
ndt_5,ndt,5,Emory KS,Kentucky GS,Aff,35.045,35.242,0.197,32.892,32.747,-0.145
ndt_5,ndt,5,Emory LY,Harvard DS,Aff,35.299,35.421,0.122,32.12,31.957,-0.162
ndt_5,ndt,5,Michigan State GS,Macalester KH,Neg,31.757,31.661,-0.096,36.936,37.125,0.189
ndt_5,ndt,5,George Mason WW,Liberty SS,Aff,30.183,30.239,0.055,21.864,21.71,-0.154
ndt_5,ndt,5,Texas GS,UC Berkeley BU,Neg,22.672,22.585,-0.087,31.152,31.201,0.049
ndt_5,ndt,5,Texas FL,NYU JT,Aff,31.209,31.29,0.081,24.595,24.417,-0.178
ndt_5,ndt,5,Southern California BM,Baylor DL,Neg,27.973,27.811,-0.162,33.1,33.2,0.1
ndt_5,ndt,5,NYU MS,Baylor BK,Aff,32.593,32.679,0.086,24.444,24.369,-0.075
ndt_5,ndt,5,Georgia CK,UTD DD,Neg,26.893,26.64,-0.253,27.428,27.735,0.308
ndt_5,ndt,5,Southern California BR,Dartmouth JR,Neg,30.514,30.119,-0.395,26.865,27.279,0.414
ndt_5,ndt,5,Missouri State NS,Wichita State GM,Aff,26.05,26.375,0.325,27.316,27.013,-0.303
ndt_5,ndt,5,Southern California MT,Georgia CP,Neg,26.834,26.309,-0.525,24.053,24.478,0.425
ndt_5,ndt,5,UTD HK,Western Kentucky SS (Schintgen/StPeter),Neg,30.992,30.53,-0.462,24.589,25.358,0.768
ndt_5,ndt,5,Kentucky SR,Georgetown LN,Aff,29.363,29.53,0.167,23.534,23.429,-0.105
ndt_5,ndt,5,James Madison KP,Wyoming CH,Neg,9.231,9.091,-0.139,19.569,19.622,0.053
ndt_5,ndt,5,Gonzaga WW,Houston HM,Aff,26.038,26.119,0.081,14.706,14.575,-0.131
ndt_5,ndt,5,Cornell DV,Harvard AB,Neg,15.28,15.089,-0.191,28.347,28.381,0.034
ndt_5,ndt,5,Minnesota HU,UT San Antonio CG,Aff,23.543,23.636,0.093,17.066,16.706,-0.36
ndt_5,ndt,5,Towson DP,North Texas VB,Aff,17.326,18.456,1.13,21.325,17.946,-3.379
ndt_5,ndt,5,Kansas State DR (Day/Robertson),Navy LS,Aff,20.404,21.04,0.636,17.573,16.935,-0.638
ndt_5,ndt,5,Missouri State DN,Samford AS,Aff,18.532,18.843,0.311,13.75,12.568,-1.183
ndt_5,ndt,5,Georgetown AC,Emory GS,Neg,40.668,40.584,-0.084,45.094,45.195,0.101
ndt_5,ndt,5,Kansas State DS,Indiana FT,Neg,9.581,9.275,-0.306,13.282,13.566,0.283
ndt_6,ndt,6,UC Berkeley BU,Northwestern PS,Neg,31.201,31.08,-0.121,35.307,35.433,0.126
ndt_6,ndt,6,Binghamton CK,Wake Forest LW,Aff,38.575,38.619,0.044,30.622,30.558,-0.064
ndt_6,ndt,6,Michigan ES,Wake Forest DE,Aff,38.122,38.149,0.027,27.668,27.633,-0.036
ndt_6,ndt,6,Oklahoma DF,Northern Iowa CD,Neg,6.685,5.827,-0.858,8.844,9.761,0.917
ndt_6,ndt,6,Indiana FT,James Madison MO,Neg,13.566,13.287,-0.278,17.047,17.494,0.448
ndt_6,ndt,6,Trinity KP,Southern California BR,Neg,22.819,22.7,-0.119,30.119,30.192,0.073
ndt_6,ndt,6,Georgia CP,Kansas LS,Neg,24.478,24.476,-0.002,42.481,42.483,0.001
ndt_6,ndt,6,Liberty CL,Georgetown AC,Neg,31.788,31.745,-0.044,40.584,40.616,0.032
ndt_6,ndt,6,Western Kentucky SS (Schintgen/StPeter),Iowa AP,Neg,25.358,25.333,-0.025,38.039,38.052,0.013
ndt_6,ndt,6,Dartmouth CG,Northwestern LR,Aff,33.064,33.497,0.433,39.962,39.585,-0.376
ndt_6,ndt,6,Michigan BP,Emory KS,Aff,43.543,43.585,0.041,35.242,35.184,-0.058
ndt_6,ndt,6,Michigan SS (Shah/Shih),UC Berkeley MR,Aff,40.151,40.268,0.118,36.626,36.52,-0.106
ndt_6,ndt,6,CSU Long Beach OM,Emory LY,Aff,38.262,38.377,0.115,35.421,35.294,-0.127
ndt_6,ndt,6,Emory GS,Kansas OW,Aff,45.195,45.232,0.037,36.242,36.208,-0.035
ndt_6,ndt,6,Harvard DS,Western Kentucky FN,Aff,31.957,32.214,0.257,32.45,31.814,-0.636
ndt_6,ndt,6,Northwestern AT,NYU MS,Aff,34.388,34.572,0.184,32.679,32.4,-0.279
ndt_6,ndt,6,Baylor DL,Texas FL,Aff,33.2,33.369,0.169,31.29,31.106,-0.184
ndt_6,ndt,6,Macalester KH,Kansas HP,Neg,37.125,36.765,-0.36,38.053,38.25,0.197
ndt_6,ndt,6,Michigan State GL,Missouri State NS,Aff,37.51,37.528,0.018,26.375,26.348,-0.028
ndt_6,ndt,6,UTD PR,Kentucky SR,Aff,31.766,31.906,0.14,29.53,29.229,-0.301
ndt_6,ndt,6,Samford AS,Kansas State DS,Neg,12.568,10.061,-2.507,9.275,9.865,0.59
ndt_6,ndt,6,Kentucky GS,Iowa EW,Aff,32.747,32.919,0.172,31.842,31.635,-0.206
ndt_6,ndt,6,UTD DD,George Mason WW,Neg,27.735,27.511,-0.224,30.239,30.403,0.164
ndt_6,ndt,6,Dartmouth JR,Michigan State GS,Aff,27.279,27.711,0.432,31.661,31.314,-0.347
ndt_6,ndt,6,Wichita State GM,Towson DP,Aff,27.013,27.07,0.057,18.456,18.238,-0.218
ndt_6,ndt,6,George Mason DE,Kansas State DR (Day/Robertson),Aff,26.127,26.291,0.164,21.04,20.617,-0.423
ndt_6,ndt,6,"Massachusetts, Amherst LM",Minnesota HU,Aff,26.318,26.699,0.381,23.636,23.46,-0.176
ndt_6,ndt,6,Harvard AB,Texas GS,Aff,28.381,28.528,0.147,22.585,22.432,-0.154
ndt_6,ndt,6,Georgetown LN,Gonzaga WW,Aff,23.429,23.773,0.344,26.119,25.289,-0.83
ndt_6,ndt,6,Houston IF,Michigan State FM,Neg,28.096,27.503,-0.593,30.358,30.513,0.155
ndt_6,ndt,6,Baylor BK,Southern California BM,Neg,24.369,24.181,-0.187,27.811,28.022,0.211
ndt_6,ndt,6,Wyoming CH,Georgia CK,Neg,19.622,19.516,-0.106,26.64,26.721,0.081
ndt_6,ndt,6,NYU JT,UTD HK,Neg,24.417,24.227,-0.19,30.53,30.617,0.087
ndt_6,ndt,6,Liberty SS,Southern California MT,Aff,21.71,22.699,0.989,26.309,25.739,-0.57
ndt_6,ndt,6,North Texas VB,West Point OS,Aff,17.946,19.012,1.066,13.237,12.932,-0.305
ndt_6,ndt,6,Navy LS,Cornell DV,Neg,16.935,16.004,-0.932,15.089,17.059,1.97
ndt_6,ndt,6,West Georgia KM,Central Oklahoma EW,Neg,16.746,15.784,-0.962,16.716,17.683,0.967
ndt_6,ndt,6,Houston HM,James Madison KP,Neg,14.575,13.05,-1.525,9.091,10.433,1.342
ndt_6,ndt,6,UT San Antonio CG,Missouri State DN,Aff,16.706,17.801,1.095,18.843,18.094,-0.749
ndt_7,ndt,7,Kansas State DS,West Georgia KM,Aff,9.865,10.661,0.797,15.784,14.162,-1.622
ndt_7,ndt,7,Houston HM,Navy LS,Aff,13.05,14.14,1.089,16.004,14.951,-1.052
ndt_7,ndt,7,Indiana FT,Missouri State DN,Aff,13.287,14.004,0.717,18.094,17.143,-0.951
ndt_7,ndt,7,Baylor BK,Towson DP,Neg,24.181,23.669,-0.513,18.238,19.782,1.544
ndt_7,ndt,7,Central Oklahoma EW,NYU JT,Neg,17.683,17.337,-0.346,24.227,24.398,0.171
ndt_7,ndt,7,Wyoming CH,Cornell DV,Aff,19.516,19.737,0.221,17.059,15.997,-1.062
ndt_7,ndt,7,James Madison KP,Dartmouth BC,Neg,10.433,10.399,-0.034,24.877,24.89,0.013
ndt_7,ndt,7,Southern California BR,Missouri State NS,Neg,30.192,29.808,-0.384,26.348,26.76,0.412
ndt_7,ndt,7,Western Kentucky SS (Schintgen/StPeter),Georgia CP,Neg,25.333,24.921,-0.412,24.476,24.807,0.331
ndt_7,ndt,7,"Massachusetts, Amherst LM",Kentucky SR,Neg,26.699,26.333,-0.366,29.229,29.499,0.27
ndt_7,ndt,7,George Mason DE,Western Kentucky FN,Neg,26.291,26.143,-0.148,31.814,32.052,0.239
ndt_7,ndt,7,UC Berkeley BU,Georgia CK,Aff,31.08,31.194,0.114,26.721,26.586,-0.135
ndt_7,ndt,7,NYU MS,Georgetown LN,Aff,32.4,32.471,0.072,23.773,23.719,-0.054
ndt_7,ndt,7,Southern California BM,Texas FL,Neg,28.022,27.805,-0.217,31.106,31.255,0.149
ndt_7,ndt,7,Iowa EW,Liberty SS,Aff,31.635,31.68,0.045,22.699,22.582,-0.117
ndt_7,ndt,7,UTD PR,George Mason WW,Aff,31.906,32.062,0.156,30.403,30.214,-0.189
ndt_7,ndt,7,Kansas OW,Macalester KH,Neg,36.208,36.038,-0.169,36.765,37.128,0.363
ndt_7,ndt,7,Northwestern AT,Michigan State GL,Neg,34.572,34.421,-0.151,37.528,37.646,0.118
ndt_7,ndt,7,Harvard DS,Emory KS,Neg,32.214,32.055,-0.159,35.184,35.35,0.167
ndt_7,ndt,7,Northwestern LR,UTD HK,Aff,39.585,39.619,0.034,30.617,30.573,-0.044
ndt_7,ndt,7,Georgetown AC,Baylor DL,Aff,40.616,40.663,0.047,33.369,33.307,-0.061
ndt_7,ndt,7,Michigan ES,Kansas HP,Aff,38.149,38.366,0.216,38.25,38.025,-0.225
ndt_7,ndt,7,CSU Long Beach OM,Michigan BP,Aff,38.377,38.68,0.303,43.585,43.257,-0.328
ndt_7,ndt,7,Dartmouth CG,Emory GS,Neg,33.497,33.479,-0.017,45.232,45.248,0.016
ndt_7,ndt,7,Kansas State DR (Day/Robertson),Houston IF,Neg,20.617,20.331,-0.286,27.503,27.754,0.252
ndt_7,ndt,7,North Texas VB,Gonzaga WW,Neg,19.012,18.293,-0.72,25.289,25.502,0.213
ndt_7,ndt,7,Harvard AB,UTD DD,Aff,28.528,28.84,0.313,27.511,27.244,-0.267
ndt_7,ndt,7,Wake Forest LW,Wichita State GM,Aff,30.558,30.714,0.156,27.07,26.92,-0.15
ndt_7,ndt,7,Iowa AP,Dartmouth JR,Aff,38.052,38.078,0.026,27.711,27.678,-0.033
ndt_7,ndt,7,UT San Antonio CG,Michigan State GS,Neg,17.801,17.752,-0.05,31.314,31.326,0.012
ndt_7,ndt,7,West Point OS,Northern Iowa CD,Aff,12.932,13.308,0.376,9.761,9.018,-0.744
ndt_7,ndt,7,Liberty CL,Emory LY,Neg,31.745,31.614,-0.131,35.294,35.405,0.111
ndt_7,ndt,7,Kansas LS,Kentucky GS,Aff,42.483,42.511,0.029,32.919,32.888,-0.03
ndt_7,ndt,7,Minnesota HU,Trinity KP,Neg,23.46,23.183,-0.277,22.7,23.136,0.436
ndt_7,ndt,7,Texas GS,James Madison MO,Aff,22.432,22.606,0.175,17.494,17.164,-0.331
ndt_7,ndt,7,Samford AS,Oklahoma DF,Aff,10.061,10.903,0.842,5.827,5.242,-0.584
ndt_7,ndt,7,Wake Forest DE,Michigan State FM,Neg,27.633,27.448,-0.185,30.513,30.656,0.143
ndt_7,ndt,7,Binghamton CK,Michigan SS (Shah/Shih),Neg,38.619,38.473,-0.146,40.268,40.424,0.156
ndt_7,ndt,7,UC Berkeley MR,Northwestern PS,Aff,36.52,36.673,0.152,35.433,35.233,-0.2
ndt_8,ndt,8,Emory GS,CSU Long Beach OM,Aff,45.248,45.312,0.064,38.68,38.625,-0.055
ndt_8,ndt,8,Michigan BP,Georgetown AC,Neg,43.257,43.01,-0.247,40.663,40.887,0.224
ndt_8,ndt,8,Michigan SS (Shah/Shih),UTD PR,Aff,40.424,40.466,0.042,32.062,32.021,-0.041
ndt_8,ndt,8,Kansas HP,UC Berkeley MR,Neg,38.025,37.768,-0.257,36.673,36.878,0.206
ndt_8,ndt,8,Emory KS,Iowa AP,Aff,35.35,35.695,0.345,38.078,37.803,-0.275
ndt_8,ndt,8,Michigan State FM,Dartmouth CG,Neg,30.656,30.514,-0.142,33.479,33.616,0.137
ndt_8,ndt,8,Emory LY,Binghamton CK,Neg,35.405,35.286,-0.119,38.473,38.588,0.115
ndt_8,ndt,8,Macalester KH,Northwestern LR,Neg,37.128,36.865,-0.263,39.619,39.744,0.125
ndt_8,ndt,8,Texas FL,Kansas LS,Aff,31.255,31.898,0.643,42.511,42.004,-0.507
ndt_8,ndt,8,Michigan State GL,Michigan ES,Aff,37.646,37.842,0.196,38.366,38.136,-0.23
ndt_8,ndt,8,George Mason WW,Wyoming CH,Aff,30.214,30.243,0.029,19.737,19.695,-0.042
ndt_8,ndt,8,Northwestern PS,Harvard AB,Aff,35.233,35.311,0.078,28.84,28.719,-0.121
ndt_8,ndt,8,Kentucky GS,Wake Forest LW,Aff,32.888,33.028,0.139,30.714,30.525,-0.189
ndt_8,ndt,8,Dartmouth JR,UC Berkeley BU,Neg,27.678,27.526,-0.152,31.194,31.323,0.129
ndt_8,ndt,8,Michigan State GS,Harvard DS,Neg,31.326,31.137,-0.189,32.055,32.273,0.218
ndt_8,ndt,8,Baylor DL,Northwestern AT,Neg,33.307,33.123,-0.184,34.421,34.616,0.195
ndt_8,ndt,8,Western Kentucky FN,NYU MS,Neg,32.052,31.549,-0.503,32.471,32.779,0.308
ndt_8,ndt,8,Georgia CP,Liberty CL,Neg,24.807,24.714,-0.093,31.614,31.683,0.069
ndt_8,ndt,8,Kentucky SR,Iowa EW,Aff,29.499,29.986,0.487,31.68,31.394,-0.286
ndt_8,ndt,8,Missouri State NS,Kansas OW,Neg,26.76,26.715,-0.045,36.038,36.07,0.031
ndt_8,ndt,8,UTD DD,Indiana FT,Aff,27.244,27.261,0.017,14.004,13.98,-0.025
ndt_8,ndt,8,UTD HK,West Point OS,Aff,30.573,30.576,0.003,13.308,13.3,-0.008
ndt_8,ndt,8,Wichita State GM,Kansas State DS,Aff,26.92,26.925,0.004,10.661,10.653,-0.008
ndt_8,ndt,8,Houston IF,UT San Antonio CG,Neg,27.754,26.16,-1.594,17.752,19.575,1.823
ndt_8,ndt,8,Georgia CK,Texas GS,Aff,26.586,26.727,0.141,22.606,22.404,-0.203
ndt_8,ndt,8,Georgetown LN,Southern California BM,Neg,23.719,23.582,-0.137,27.805,27.983,0.178
ndt_8,ndt,8,Gonzaga WW,"Massachusetts, Amherst LM",Aff,25.502,26.092,0.59,26.333,25.802,-0.531
ndt_8,ndt,8,Liberty SS,George Mason DE,Neg,22.582,22.251,-0.331,26.143,26.346,0.203
ndt_8,ndt,8,Trinity KP,Western Kentucky SS (Schintgen/StPeter),Aff,23.136,23.598,0.462,24.921,24.487,-0.434
ndt_8,ndt,8,NYU JT,Southern California BR,Neg,24.398,24.194,-0.204,29.808,29.91,0.102
ndt_8,ndt,8,Towson DP,Wake Forest DE,Aff,19.782,21.358,1.576,27.448,26.912,-0.536
ndt_8,ndt,8,James Madison MO,Houston HM,Aff,17.164,17.581,0.417,14.14,13.644,-0.496
ndt_8,ndt,8,Cornell DV,James Madison KP,Aff,15.997,16.571,0.573,10.399,10.075,-0.324
ndt_8,ndt,8,West Georgia KM,Kansas State DR (Day/Robertson),Neg,14.162,13.841,-0.321,20.331,20.64,0.309
ndt_8,ndt,8,Missouri State DN,Central Oklahoma EW,Aff,17.143,17.664,0.521,17.337,16.461,-0.876
ndt_8,ndt,8,Navy LS,North Texas VB,Neg,14.951,14.512,-0.44,18.293,19.274,0.981
ndt_8,ndt,8,Northern Iowa CD,Minnesota HU,Neg,9.018,8.96,-0.058,23.183,23.196,0.013
ndt_8,ndt,8,Dartmouth BC,Samford AS,Aff,24.89,24.908,0.018,10.903,10.81,-0.093
ndt_8,ndt,8,Oklahoma DF,Baylor BK,Neg,5.242,5.23,-0.012,23.669,23.672,0.003
ndt_dubs,ndt,dubs,Michigan SS (Shah/Shih),Kentucky SR,Aff,40.466,40.49,0.024,29.986,29.94,-0.046
ndt_dubs,ndt,dubs,Harvard DS,Michigan State GL,Neg,32.273,32.177,-0.095,37.842,37.913,0.071
ndt_dubs,ndt,dubs,Northwestern AT,Binghamton CK,Neg,34.616,34.494,-0.121,38.588,38.686,0.097
ndt_dubs,ndt,dubs,Emory KS,Northwestern PS,Aff,35.695,35.925,0.23,35.311,35.1,-0.211
ndt_dubs,ndt,dubs,Kentucky GS,UC Berkeley MR,Neg,33.028,32.923,-0.105,36.878,36.974,0.096
ndt_dubs,ndt,dubs,Northwestern LR,Liberty CL,Neg,39.744,39.348,-0.395,31.683,32.165,0.482
ndt_dubs,ndt,dubs,George Mason WW,Michigan BP,Neg,30.243,30.23,-0.013,43.01,43.02,0.01
ndt_dubs,ndt,dubs,Michigan ES,Texas FL,Neg,38.136,37.744,-0.392,31.898,32.326,0.427
ndt_dubs,ndt,dubs,UC Berkeley BU,Dartmouth CG,Neg,31.323,31.168,-0.155,33.616,33.762,0.146
ndt_dubs,ndt,dubs,Kansas LS,UTD PR,Aff,42.004,42.029,0.025,32.021,31.995,-0.026
ndt_dubs,ndt,dubs,Kansas HP,Macalester KH,Aff,37.768,37.953,0.185,36.865,36.547,-0.318
ndt_dubs,ndt,dubs,Iowa AP,Kansas OW,Neg,37.803,37.56,-0.243,36.07,36.295,0.225
ndt_dubs,ndt,dubs,Emory LY,NYU MS,Aff,35.286,35.413,0.127,32.779,32.551,-0.228
ndt_octas,ndt,octas,Kansas OW,CSU Long Beach OM,Neg,36.295,36.166,-0.128,38.625,38.745,0.12
ndt_octas,ndt,octas,Georgetown AC,Kansas HP,Aff,40.887,40.992,0.105,37.953,37.817,-0.136
ndt_octas,ndt,octas,Kansas LS,Michigan SS (Shah/Shih),Neg,42.029,41.815,-0.215,40.49,40.721,0.231
ndt_octas,ndt,octas,Michigan State GL,Dartmouth CG,Aff,37.913,38.005,0.092,33.762,33.657,-0.105
ndt_octas,ndt,octas,Texas FL,Binghamton CK,Neg,32.326,32.251,-0.074,38.686,38.746,0.06
ndt_octas,ndt,octas,Emory KS,Michigan BP,Neg,35.925,35.856,-0.07,43.02,43.072,0.052
ndt_octas,ndt,octas,UC Berkeley MR,Liberty CL,Aff,36.974,37.053,0.079,32.165,32.067,-0.098
ndt_quarters,ndt,quarters,UC Berkeley MR,Emory GS,Neg,37.053,37.016,-0.037,45.312,45.355,0.043
ndt_quarters,ndt,quarters,Michigan BP,CSU Long Beach OM,Neg,43.072,42.785,-0.287,38.745,39.013,0.268
ndt_quarters,ndt,quarters,Binghamton CK,Georgetown AC,Neg,38.746,38.619,-0.127,40.992,41.109,0.116
ndt_quarters,ndt,quarters,Michigan State GL,Michigan SS (Shah/Shih),Neg,38.005,37.889,-0.116,40.721,40.847,0.126
ndt_semis,ndt,semis,CSU Long Beach OM,Georgetown AC,Aff,39.013,39.222,0.209,41.109,40.904,-0.204
ndt_semis,ndt,semis,Emory GS,Michigan SS (Shah/Shih),Aff,45.355,45.451,0.096,40.847,40.756,-0.091
ndt_finals,ndt,finals,CSU Long Beach OM,Emory GS,Neg,39.222,39.166,-0.056,45.451,45.518,0.067
